[2025-04-22 17:28:37] Session data: Array
(
    [user_id] => 8
    [email] => shashanksaket9@gmail.com
    [first_name] => Shashank
    [last_name] => Singh
)

[2025-04-22 17:28:37] Cookie data: Array
(
    [PHPSESSID] => do9nhlv27ko21ei3pdjqda464b
    [remember_token] => 867786821875807b6ed14142f4e1fd7104768b9349e3218e6aa07d281ab35a11
)

[2025-04-22 17:28:37] Received JSON data: {"pickup_address":"LPU Law Gate, Law Gate, Phagwara Tahsil, Kapurthala, Punjab, 144411, India","delivery_address":"Sardar Vallabhbhai Patel International Airport Terminal 2, Hansol, Ahmedabad, Gujarat, 380021","pickup_lat":31.25484,"pickup_lng":75.70014,"delivery_lat":23.074568,"delivery_lng":72.623811,"scheduled_date":"2025-04-22","scheduled_time":"21:44","package_weight":"11","package_dimensions":"30","package_description":"electronis","total_amount":1934,"payment_method":"card"}
[2025-04-22 17:28:37] Generated order ID: ORD6807B5A5EA0E8
[2025-04-22 17:29:22] Session data: Array
(
    [user_id] => 8
    [email] => shashanksaket9@gmail.com
    [first_name] => Shashank
    [last_name] => Singh
)

[2025-04-22 17:29:22] Cookie data: Array
(
    [PHPSESSID] => do9nhlv27ko21ei3pdjqda464b
    [remember_token] => 867786821875807b6ed14142f4e1fd7104768b9349e3218e6aa07d281ab35a11
)

[2025-04-22 17:29:22] Received JSON data: {"pickup_address":"LPU Law Gate, Law Gate, Phagwara Tahsil, Kapurthala, Punjab, 144411, India","delivery_address":"Varanasi, Varanasi, Varanasi District, Uttar Pradesh, India","pickup_lat":31.25484,"pickup_lng":75.70014,"delivery_lat":25.313423,"delivery_lng":82.985373,"scheduled_date":"2025-04-22","scheduled_time":"09:00","package_weight":"11","package_dimensions":"30","package_description":"electronics","total_amount":1959.6,"payment_method":"card"}
[2025-04-22 17:29:22] Generated order ID: ORD6807B5D27E53D
[2025-04-22 17:30:13] Session data: Array
(
    [user_id] => 8
    [email] => shashanksaket9@gmail.com
    [first_name] => Shashank
    [last_name] => Singh
)

[2025-04-22 17:30:13] Cookie data: Array
(
    [PHPSESSID] => do9nhlv27ko21ei3pdjqda464b
    [remember_token] => 867786821875807b6ed14142f4e1fd7104768b9349e3218e6aa07d281ab35a11
)

[2025-04-22 17:30:13] Received JSON data: {"pickup_address":"LPU Law Gate, Law Gate, Phagwara Tahsil, Kapurthala, Punjab, 144411, India","delivery_address":"Varanasi, Varanasi, Varanasi District, Uttar Pradesh, India","pickup_lat":31.25484,"pickup_lng":75.70014,"delivery_lat":25.313423,"delivery_lng":82.985373,"scheduled_date":"2025-04-22","scheduled_time":"09:00","package_weight":"11","package_dimensions":"30","package_description":"electronics","total_amount":1959.6,"payment_method":"card"}
[2025-04-22 17:30:13] Generated order ID: ORD6807B6051F352
[2025-04-22 17:30:13] Order created successfully with ID: ORD6807B6051F352
[2025-04-22 17:35:40] Session data: Array
(
    [user_id] => 8
    [email] => shashanksaket9@gmail.com
    [first_name] => Shashank
    [last_name] => Singh
)

[2025-04-22 17:35:40] Cookie data: Array
(
    [PHPSESSID] => do9nhlv27ko21ei3pdjqda464b
    [remember_token] => 867786821875807b6ed14142f4e1fd7104768b9349e3218e6aa07d281ab35a11
)

[2025-04-22 17:35:40] Received JSON data: {"pickup_address":"LPU Law Gate, Law Gate, Phagwara Tahsil, Kapurthala, Punjab, 144411, India","delivery_address":"CU Bus Stop, Ludhiana-Chandigarh Highway, Mamupur, Kharar Tahsil, Sahibzada Ajit Singh Nagar, Punjab, 140413, India","pickup_lat":31.25484,"pickup_lng":75.70014,"delivery_lat":30.77299,"delivery_lng":76.57656,"scheduled_date":"2025-04-22","scheduled_time":"21:07","package_weight":"11","package_dimensions":"30","package_description":"electronics","total_amount":214.4,"payment_method":"card"}
[2025-04-22 17:35:40] Generated order ID: ORD6807B74C0FAC8
[2025-04-22 17:35:40] Order created successfully with ID: ORD6807B74C0FAC8
[2025-04-22 17:38:41] Session data: Array
(
    [user_id] => 8
    [email] => shashanksaket9@gmail.com
    [first_name] => Shashank
    [last_name] => Singh
)

[2025-04-22 17:38:41] Cookie data: Array
(
    [PHPSESSID] => do9nhlv27ko21ei3pdjqda464b
    [remember_token] => 867786821875807b6ed14142f4e1fd7104768b9349e3218e6aa07d281ab35a11
)

[2025-04-22 17:38:41] Received JSON data: {"pickup_address":"LP Bus Stop, Nerul FlyOver, Juinagar, Navi Mumbai, Thane Taluka, Thane, Maharashtra, 400706, India","delivery_address":"CU Block, Block F 1U, Uttari Pitampura, Pitampura, Delhi, 110085, India","pickup_lat":19.04707,"pickup_lng":73.02429,"delivery_lat":28.7138,"delivery_lng":77.1421,"scheduled_date":"2025-04-22","scheduled_time":"00:08","package_weight":"11","package_dimensions":"30","package_description":"electronics","total_amount":2322.6,"payment_method":"card"}
[2025-04-22 17:38:41] Generated order ID: ORD6807B801D9FAE
[2025-04-22 17:38:41] Order created successfully with ID: ORD6807B801D9FAE
[2025-04-22 17:41:24] Session data: Array
(
    [user_id] => 8
    [email] => shashanksaket9@gmail.com
    [first_name] => Shashank
    [last_name] => Singh
)

[2025-04-22 17:41:24] Cookie data: Array
(
    [PHPSESSID] => do9nhlv27ko21ei3pdjqda464b
    [remember_token] => 867786821875807b6ed14142f4e1fd7104768b9349e3218e6aa07d281ab35a11
)

[2025-04-22 17:41:24] Received JSON data: {"scheduled_date":"2025-04-22","scheduled_time":"00:08","package_weight":"11","package_dimensions":"30","package_description":"electronics","total_amount":2322.6,"payment_method":"card"}
[2025-04-22 17:41:24] Error: Missing required field: pickup_address
[2025-04-22 17:41:35] Session data: Array
(
    [user_id] => 8
    [email] => shashanksaket9@gmail.com
    [first_name] => Shashank
    [last_name] => Singh
)

[2025-04-22 17:41:35] Cookie data: Array
(
    [PHPSESSID] => do9nhlv27ko21ei3pdjqda464b
    [remember_token] => 867786821875807b6ed14142f4e1fd7104768b9349e3218e6aa07d281ab35a11
)

[2025-04-22 17:41:35] Received JSON data: {"scheduled_date":"2025-04-22","scheduled_time":"00:08","package_weight":"11","package_dimensions":"30","package_description":"electronics","total_amount":2322.6,"payment_method":"card"}
[2025-04-22 17:41:35] Error: Missing required field: pickup_address
[2025-04-22 17:41:39] Session data: Array
(
    [user_id] => 8
    [email] => shashanksaket9@gmail.com
    [first_name] => Shashank
    [last_name] => Singh
)

[2025-04-22 17:41:39] Cookie data: Array
(
    [PHPSESSID] => do9nhlv27ko21ei3pdjqda464b
    [remember_token] => 867786821875807b6ed14142f4e1fd7104768b9349e3218e6aa07d281ab35a11
)

[2025-04-22 17:41:39] Received JSON data: {"scheduled_date":"2025-04-22","scheduled_time":"00:08","package_weight":"11","package_dimensions":"30","package_description":"electronics","total_amount":2322.6,"payment_method":"card"}
[2025-04-22 17:41:39] Error: Missing required field: pickup_address
[2025-04-22 17:42:19] Session data: Array
(
    [user_id] => 8
    [email] => shashanksaket9@gmail.com
    [first_name] => Shashank
    [last_name] => Singh
)

[2025-04-22 17:42:19] Cookie data: Array
(
    [PHPSESSID] => do9nhlv27ko21ei3pdjqda464b
    [remember_token] => 867786821875807b6ed14142f4e1fd7104768b9349e3218e6aa07d281ab35a11
)

[2025-04-22 17:42:19] Received JSON data: {"pickup_address":"LP Bus Stop, Nerul FlyOver, Juinagar, Navi Mumbai, Thane Taluka, Thane, Maharashtra, 400706, India","delivery_address":"CU Bus Stop, Ludhiana-Chandigarh Highway, Mamupur, Kharar Tahsil, Sahibzada Ajit Singh Nagar, Punjab, 140413, India","pickup_lat":19.04707,"pickup_lng":73.02429,"delivery_lat":30.77299,"delivery_lng":76.57656,"scheduled_date":"2025-04-22","scheduled_time":"21:12","package_weight":"11","package_dimensions":"30","package_description":"sfdf","total_amount":2719.8,"payment_method":"card"}
[2025-04-22 17:42:19] Generated order ID: ORD6807B8DB506BC
[2025-04-22 17:42:19] Order created successfully with ID: ORD6807B8DB506BC
[2025-04-22 17:45:23] Session data: Array
(
    [user_id] => 8
    [email] => shashanksaket9@gmail.com
    [first_name] => Shashank
    [last_name] => Singh
)

[2025-04-22 17:45:23] Cookie data: Array
(
    [PHPSESSID] => do9nhlv27ko21ei3pdjqda464b
    [remember_token] => 867786821875807b6ed14142f4e1fd7104768b9349e3218e6aa07d281ab35a11
)

[2025-04-22 17:45:23] Received JSON data: {"pickup_address":"LPU Law Gate, Law Gate, Phagwara Tahsil, Kapurthala, Punjab, 144411, India","delivery_address":"CU Bus Stop, Ludhiana-Chandigarh Highway, Mamupur, Kharar Tahsil, Sahibzada Ajit Singh Nagar, Punjab, 140413, India","pickup_lat":31.25484,"pickup_lng":75.70014,"delivery_lat":30.77299,"delivery_lng":76.57656,"scheduled_date":"2025-04-22","scheduled_time":"21:17","package_weight":"11","package_dimensions":"30","package_description":"efs","total_amount":214.4,"payment_method":"card"}
[2025-04-22 17:45:23] Generated order ID: ORD6807B993AE166
[2025-04-22 17:45:23] Order created successfully with ID: ORD6807B993AE166
[2025-04-22 19:16:12] Session data: Array
(
    [user_id] => 8
    [email] => shashanksaket9@gmail.com
    [first_name] => Shashank
    [last_name] => Singh
)

[2025-04-22 19:16:12] Cookie data: Array
(
    [PHPSESSID] => do9nhlv27ko21ei3pdjqda464b
    [remember_token] => 867786821875807b6ed14142f4e1fd7104768b9349e3218e6aa07d281ab35a11
)

[2025-04-22 19:16:12] Received JSON data: {"pickup_address":"LPU Law Gate, Law Gate, Phagwara Tahsil, Kapurthala, Punjab, 144411, India","delivery_address":"CU Block, Block F 1U, Uttari Pitampura, Pitampura, Delhi, 110085, India","scheduled_date":"2025-04-22","scheduled_time":"22:51","package_weight":"10","package_dimensions":"30","package_description":"Electronics","payment_method":"card"}
[2025-04-22 19:16:12] Error: Missing required field: pickup_lat
[2025-04-22 19:17:17] Session data: Array
(
    [user_id] => 8
    [email] => shashanksaket9@gmail.com
    [first_name] => Shashank
    [last_name] => Singh
)

[2025-04-22 19:17:17] Cookie data: Array
(
    [PHPSESSID] => do9nhlv27ko21ei3pdjqda464b
    [remember_token] => 867786821875807b6ed14142f4e1fd7104768b9349e3218e6aa07d281ab35a11
)

[2025-04-22 19:17:17] Received JSON data: {"pickup_address":"LPU Law Gate, Law Gate, Phagwara Tahsil, Kapurthala, Punjab, 144411, India","delivery_address":"CU Block, Block F 1U, Uttari Pitampura, Pitampura, Delhi, 110085, India","pickup_lat":21.429,"scheduled_date":"2025-04-22","scheduled_time":"22:51","package_weight":"10","package_dimensions":"30","package_description":"Electronics","payment_method":"card"}
[2025-04-22 19:17:17] Error: Missing required field: pickup_lng
[2025-04-22 19:17:40] Session data: Array
(
    [user_id] => 8
    [email] => shashanksaket9@gmail.com
    [first_name] => Shashank
    [last_name] => Singh
)

[2025-04-22 19:17:40] Cookie data: Array
(
    [PHPSESSID] => do9nhlv27ko21ei3pdjqda464b
    [remember_token] => 867786821875807b6ed14142f4e1fd7104768b9349e3218e6aa07d281ab35a11
)

[2025-04-22 19:17:40] Received JSON data: {"pickup_address":"LPU Law Gate, Law Gate, Phagwara Tahsil, Kapurthala, Punjab, 144411, India","delivery_address":"CU Block, Block F 1U, Uttari Pitampura, Pitampura, Delhi, 110085, India","pickup_lat":21.429,"pickup_lng":21.429,"delivery_lat":21.429,"delivery_lng":21.429,"scheduled_date":"2025-04-22","scheduled_time":"22:51","package_weight":"10","package_dimensions":"30","package_description":"Electronics","payment_method":"card"}
[2025-04-22 19:17:40] Error: Missing required field: total_amount
[2025-04-22 19:27:36] Session data: Array
(
    [user_id] => 8
    [email] => shashanksaket9@gmail.com
    [first_name] => Shashank
    [last_name] => Singh
)

[2025-04-22 19:27:36] Cookie data: Array
(
    [PHPSESSID] => do9nhlv27ko21ei3pdjqda464b
    [remember_token] => 867786821875807b6ed14142f4e1fd7104768b9349e3218e6aa07d281ab35a11
)

[2025-04-22 19:27:36] Received JSON data: {"pickup_address":"LPU Law Gate, Law Gate, Phagwara Tahsil, Kapurthala, Punjab, 144411, India","delivery_address":"CU Block, Block F 1U, Uttari Pitampura, Pitampura, Delhi, 110085, India","scheduled_date":"2025-04-22","scheduled_time":"22:51","package_weight":"10","package_dimensions":"30","package_description":"Electronics","payment_method":"card"}
[2025-04-22 19:27:36] Error: Missing required field: pickup_lat
[2025-04-22 19:29:10] Session data: Array
(
    [user_id] => 8
    [email] => shashanksaket9@gmail.com
    [first_name] => Shashank
    [last_name] => Singh
)

[2025-04-22 19:29:10] Cookie data: Array
(
    [PHPSESSID] => do9nhlv27ko21ei3pdjqda464b
    [remember_token] => 867786821875807b6ed14142f4e1fd7104768b9349e3218e6aa07d281ab35a11
)

[2025-04-22 19:29:10] Received JSON data: {"pickup_address":"LPU Law Gate, Law Gate, Phagwara Tahsil, Kapurthala, Punjab, 144411, India","delivery_address":"CU Block, Block F 1U, Uttari Pitampura, Pitampura, Delhi, 110085, India","scheduled_date":"2025-04-22","scheduled_time":"22:51","package_weight":"10","package_dimensions":"30","package_description":"Electronics","payment_method":"card"}
[2025-04-22 19:29:10] Error: Missing required field: pickup_lat
[2025-04-22 19:31:00] Session data: Array
(
    [user_id] => 8
    [email] => shashanksaket9@gmail.com
    [first_name] => Shashank
    [last_name] => Singh
)

[2025-04-22 19:31:00] Cookie data: Array
(
    [PHPSESSID] => do9nhlv27ko21ei3pdjqda464b
    [remember_token] => 867786821875807b6ed14142f4e1fd7104768b9349e3218e6aa07d281ab35a11
)

[2025-04-22 19:31:00] Received JSON data: {"pickup_address":"LPU Law Gate, Law Gate, Phagwara Tahsil, Kapurthala, Punjab, 144411, India","delivery_address":"CU Block, Block F 1U, Uttari Pitampura, Pitampura, Delhi, 110085, India","scheduled_date":"2025-04-22","scheduled_time":"22:51","package_weight":"10","package_dimensions":"30","package_description":"Electronics","payment_method":"card"}
[2025-04-22 19:31:00] Error: Missing required field: pickup_lat
[2025-04-22 19:33:42] Session data: Array
(
    [user_id] => 8
    [email] => shashanksaket9@gmail.com
    [first_name] => Shashank
    [last_name] => Singh
)

[2025-04-22 19:33:42] Cookie data: Array
(
    [PHPSESSID] => do9nhlv27ko21ei3pdjqda464b
    [remember_token] => 867786821875807b6ed14142f4e1fd7104768b9349e3218e6aa07d281ab35a11
)

[2025-04-22 19:33:42] Received JSON data: {"pickup_address":"LPU Main Gate, LPU Open Audi Rd, Phagwara, Punjab, 144411, India","delivery_address":"CU Bus Stop, Ludhiana-Chandigarh Highway, Mamupur, Kharar Tahsil, Sahibzada Ajit Singh Nagar, Punjab, 140413, India","pickup_lat":31.26013,"pickup_lng":75.70755,"delivery_lat":30.77299,"delivery_lng":76.57656,"scheduled_date":"2025-04-22","scheduled_time":"17:03","package_weight":"10","package_dimensions":"20","package_description":"Electronics","payment_method":"card"}
[2025-04-22 19:33:42] Error: Missing required field: total_amount
[2025-04-22 19:38:41] Session data: Array
(
    [user_id] => 8
    [email] => shashanksaket9@gmail.com
    [first_name] => Shashank
    [last_name] => Singh
)

[2025-04-22 19:38:41] Cookie data: Array
(
    [PHPSESSID] => do9nhlv27ko21ei3pdjqda464b
    [remember_token] => 867786821875807b6ed14142f4e1fd7104768b9349e3218e6aa07d281ab35a11
)

[2025-04-22 19:38:41] Received JSON data: {"pickup_address":"LPU Main Gate, LPU Open Audi Rd, Phagwara, Punjab, 144411, India","delivery_address":"CU Bus Stop, Ludhiana-Chandigarh Highway, Mamupur, Kharar Tahsil, Sahibzada Ajit Singh Nagar, Punjab, 140413, India","pickup_lat":31.26013,"pickup_lng":75.70755,"delivery_lat":30.77299,"delivery_lng":76.57656,"scheduled_date":"2025-04-22","scheduled_time":"17:03","package_weight":"10","package_dimensions":"20","package_description":"Electronics","total_amount":null,"payment_method":"card"}
[2025-04-22 19:38:41] Error: Missing required field: total_amount
[2025-04-22 19:38:47] Session data: Array
(
    [user_id] => 8
    [email] => shashanksaket9@gmail.com
    [first_name] => Shashank
    [last_name] => Singh
)

[2025-04-22 19:38:47] Cookie data: Array
(
    [PHPSESSID] => do9nhlv27ko21ei3pdjqda464b
    [remember_token] => 867786821875807b6ed14142f4e1fd7104768b9349e3218e6aa07d281ab35a11
)

[2025-04-22 19:38:47] Received JSON data: {"pickup_address":"LPU Main Gate, LPU Open Audi Rd, Phagwara, Punjab, 144411, India","delivery_address":"CU Bus Stop, Ludhiana-Chandigarh Highway, Mamupur, Kharar Tahsil, Sahibzada Ajit Singh Nagar, Punjab, 140413, India","pickup_lat":31.26013,"pickup_lng":75.70755,"delivery_lat":30.77299,"delivery_lng":76.57656,"scheduled_date":"2025-04-22","scheduled_time":"17:03","package_weight":"10","package_dimensions":"20","package_description":"Electronics","total_amount":null,"payment_method":"card"}
[2025-04-22 19:38:47] Error: Missing required field: total_amount
[2025-04-22 19:39:42] Session data: Array
(
    [user_id] => 8
    [email] => shashanksaket9@gmail.com
    [first_name] => Shashank
    [last_name] => Singh
)

[2025-04-22 19:39:42] Cookie data: Array
(
    [PHPSESSID] => do9nhlv27ko21ei3pdjqda464b
    [remember_token] => 867786821875807b6ed14142f4e1fd7104768b9349e3218e6aa07d281ab35a11
)

[2025-04-22 19:39:42] Received JSON data: {"pickup_address":"LPU Main Gate, LPU Open Audi Rd, Phagwara, Punjab, 144411, India","delivery_address":"CU Bus Stop, Ludhiana-Chandigarh Highway, Mamupur, Kharar Tahsil, Sahibzada Ajit Singh Nagar, Punjab, 140413, India","pickup_lat":31.26013,"pickup_lng":75.70755,"delivery_lat":30.77299,"delivery_lng":76.57656,"scheduled_date":"2025-04-22","scheduled_time":"17:03","package_weight":"10","package_dimensions":"20","package_description":"Electronics","total_amount":null,"payment_method":"card"}
[2025-04-22 19:39:42] Error: Missing required field: total_amount
[2025-04-22 19:40:05] Session data: Array
(
    [user_id] => 8
    [email] => shashanksaket9@gmail.com
    [first_name] => Shashank
    [last_name] => Singh
)

[2025-04-22 19:40:05] Cookie data: Array
(
    [PHPSESSID] => do9nhlv27ko21ei3pdjqda464b
    [remember_token] => 867786821875807b6ed14142f4e1fd7104768b9349e3218e6aa07d281ab35a11
)

[2025-04-22 19:40:05] Received JSON data: {"pickup_address":"LPU Main Gate, LPU Open Audi Rd, Phagwara, Punjab, 144411, India","delivery_address":"CU Bus Stop, Ludhiana-Chandigarh Highway, Mamupur, Kharar Tahsil, Sahibzada Ajit Singh Nagar, Punjab, 140413, India","pickup_lat":31.26013,"pickup_lng":75.70755,"delivery_lat":30.77299,"delivery_lng":76.57656,"scheduled_date":"2025-04-22","scheduled_time":"17:03","package_weight":"10","package_dimensions":"20","package_description":"Electronics","total_amount":100,"payment_method":"card"}
[2025-04-22 19:40:05] Generated order ID: ORD6807D475B2277
[2025-04-22 19:40:05] Order created successfully with ID: ORD6807D475B2277
[2025-04-22 19:41:04] Session data: Array
(
    [user_id] => 8
    [email] => shashanksaket9@gmail.com
    [first_name] => Shashank
    [last_name] => Singh
)

[2025-04-22 19:41:04] Cookie data: Array
(
    [PHPSESSID] => do9nhlv27ko21ei3pdjqda464b
    [remember_token] => 867786821875807b6ed14142f4e1fd7104768b9349e3218e6aa07d281ab35a11
)

[2025-04-22 19:41:04] Received JSON data: {"pickup_address":"LPU Main Gate, LPU Open Audi Rd, Phagwara, Punjab, 144411, India","delivery_address":"CU Bus Stop, Ludhiana-Chandigarh Highway, Mamupur, Kharar Tahsil, Sahibzada Ajit Singh Nagar, Punjab, 140413, India","pickup_lat":31.26013,"pickup_lng":75.70755,"delivery_lat":30.77299,"delivery_lng":76.57656,"scheduled_date":"2025-04-22","scheduled_time":"23:14","package_weight":"10","package_dimensions":"30","package_description":"physics","total_amount":100,"payment_method":"card"}
[2025-04-22 19:41:04] Generated order ID: ORD6807D4B07DC54
[2025-04-22 19:41:04] Order created successfully with ID: ORD6807D4B07DC54
[2025-04-22 21:58:07] Session data: Array
(
    [user_id] => 8
    [email] => shashanksaket9@gmail.com
    [first_name] => Shashank
    [last_name] => Singh
)

[2025-04-22 21:58:07] Cookie data: Array
(
    [PHPSESSID] => do9nhlv27ko21ei3pdjqda464b
    [remember_token] => 867786821875807b6ed14142f4e1fd7104768b9349e3218e6aa07d281ab35a11
)

[2025-04-22 21:58:07] Received JSON data: {"pickup_address":"LPU Main Gate, LPU Open Audi Rd, Phagwara, Punjab, 144411, India","delivery_address":"Varanasi, Varanasi, Varanasi District, Uttar Pradesh, India","pickup_lat":31.26013,"pickup_lng":75.70755,"delivery_lat":25.313423,"delivery_lng":82.985373,"scheduled_date":"2025-04-23","scheduled_time":"01:31","package_weight":"100","package_dimensions":"30x50","package_description":"Electronics","total_amount":100,"payment_method":"card"}
[2025-04-22 21:58:13] Session data: Array
(
    [user_id] => 8
    [email] => shashanksaket9@gmail.com
    [first_name] => Shashank
    [last_name] => Singh
)

[2025-04-22 21:58:13] Cookie data: Array
(
    [PHPSESSID] => do9nhlv27ko21ei3pdjqda464b
    [remember_token] => 867786821875807b6ed14142f4e1fd7104768b9349e3218e6aa07d281ab35a11
)

[2025-04-22 21:58:13] Received JSON data: {"pickup_address":"LPU Main Gate, LPU Open Audi Rd, Phagwara, Punjab, 144411, India","delivery_address":"Varanasi, Varanasi, Varanasi District, Uttar Pradesh, India","pickup_lat":31.26013,"pickup_lng":75.70755,"delivery_lat":25.313423,"delivery_lng":82.985373,"scheduled_date":"2025-04-23","scheduled_time":"01:31","package_weight":"100","package_dimensions":"30x50","package_description":"Electronics","total_amount":100,"payment_method":"card"}
[2025-04-22 21:58:29] Session data: Array
(
    [user_id] => 8
    [email] => shashanksaket9@gmail.com
    [first_name] => Shashank
    [last_name] => Singh
)

[2025-04-22 21:58:29] Cookie data: Array
(
    [PHPSESSID] => do9nhlv27ko21ei3pdjqda464b
    [remember_token] => 867786821875807b6ed14142f4e1fd7104768b9349e3218e6aa07d281ab35a11
)

[2025-04-22 21:58:29] Received JSON data: {"pickup_address":"LPU Main Gate, LPU Open Audi Rd, Phagwara, Punjab, 144411, India","delivery_address":"Varanasi, Varanasi, Varanasi District, Uttar Pradesh, India","pickup_lat":31.26013,"pickup_lng":75.70755,"delivery_lat":25.313423,"delivery_lng":82.985373,"scheduled_date":"2025-04-23","scheduled_time":"01:31","package_weight":"100","package_dimensions":"30x50","package_description":"Electronics","total_amount":100,"payment_method":"card"}
[2025-04-22 21:58:35] Session data: Array
(
    [user_id] => 8
    [email] => shashanksaket9@gmail.com
    [first_name] => Shashank
    [last_name] => Singh
)

[2025-04-22 21:58:35] Cookie data: Array
(
    [PHPSESSID] => do9nhlv27ko21ei3pdjqda464b
    [remember_token] => 867786821875807b6ed14142f4e1fd7104768b9349e3218e6aa07d281ab35a11
)

[2025-04-22 21:58:35] Received JSON data: {"pickup_address":"LPU Main Gate, LPU Open Audi Rd, Phagwara, Punjab, 144411, India","delivery_address":"Varanasi, Varanasi, Varanasi District, Uttar Pradesh, India","pickup_lat":31.26013,"pickup_lng":75.70755,"delivery_lat":25.313423,"delivery_lng":82.985373,"scheduled_date":"2025-04-23","scheduled_time":"01:31","package_weight":"100","package_dimensions":"30x50","package_description":"Electronics","total_amount":100,"payment_method":"card"}
[2025-04-22 21:58:41] Session data: Array
(
    [user_id] => 8
    [email] => shashanksaket9@gmail.com
    [first_name] => Shashank
    [last_name] => Singh
)

[2025-04-22 21:58:41] Cookie data: Array
(
    [PHPSESSID] => do9nhlv27ko21ei3pdjqda464b
    [remember_token] => 867786821875807b6ed14142f4e1fd7104768b9349e3218e6aa07d281ab35a11
)

[2025-04-22 21:58:41] Received JSON data: {"pickup_address":"LPU Main Gate, LPU Open Audi Rd, Phagwara, Punjab, 144411, India","delivery_address":"Varanasi, Varanasi, Varanasi District, Uttar Pradesh, India","pickup_lat":31.26013,"pickup_lng":75.70755,"delivery_lat":25.313423,"delivery_lng":82.985373,"scheduled_date":"2025-04-23","scheduled_time":"01:31","package_weight":"100","package_dimensions":"30x50","package_description":"Electronics","total_amount":100,"payment_method":"card"}
[2025-04-22 21:58:45] Session data: Array
(
    [user_id] => 8
    [email] => shashanksaket9@gmail.com
    [first_name] => Shashank
    [last_name] => Singh
)

[2025-04-22 21:58:45] Cookie data: Array
(
    [PHPSESSID] => do9nhlv27ko21ei3pdjqda464b
    [remember_token] => 867786821875807b6ed14142f4e1fd7104768b9349e3218e6aa07d281ab35a11
)

[2025-04-22 21:58:45] Received JSON data: {"pickup_address":"LPU Main Gate, LPU Open Audi Rd, Phagwara, Punjab, 144411, India","delivery_address":"Varanasi, Varanasi, Varanasi District, Uttar Pradesh, India","pickup_lat":31.26013,"pickup_lng":75.70755,"delivery_lat":25.313423,"delivery_lng":82.985373,"scheduled_date":"2025-04-23","scheduled_time":"01:31","package_weight":"100","package_dimensions":"30x50","package_description":"Electronics","total_amount":100,"payment_method":"card"}
[2025-04-22 22:00:17] Session data: Array
(
    [user_id] => 8
    [email] => shashanksaket9@gmail.com
    [first_name] => Shashank
    [last_name] => Singh
)

[2025-04-22 22:00:17] Cookie data: Array
(
    [PHPSESSID] => do9nhlv27ko21ei3pdjqda464b
    [remember_token] => 867786821875807b6ed14142f4e1fd7104768b9349e3218e6aa07d281ab35a11
)

[2025-04-22 22:00:17] Received JSON data: {"pickup_address":"LPU Main Gate, LPU Open Audi Rd, Phagwara, Punjab, 144411, India","delivery_address":"Varanasi, Varanasi, Varanasi District, Uttar Pradesh, India","pickup_lat":31.26013,"pickup_lng":75.70755,"delivery_lat":25.313423,"delivery_lng":82.985373,"scheduled_date":"2025-04-23","scheduled_time":"01:31","package_weight":"100","package_dimensions":"30x50","package_description":"Electronics","total_amount":100,"payment_method":"card"}
[2025-04-22 22:00:17] Executing query with params: Array
(
    [:user_id] => 8
    [:order_id] => DR-6807F5515B6B2
    [:pickup_address] => LPU Main Gate, LPU Open Audi Rd, Phagwara, Punjab, 144411, India
    [:delivery_address] => Varanasi, Varanasi, Varanasi District, Uttar Pradesh, India
    [:pickup_lat] => 31.26013
    [:pickup_lng] => 75.70755
    [:delivery_lat] => 25.313423
    [:delivery_lng] => 82.985373
    [:scheduled_date] => 2025-04-23
    [:scheduled_time] => 01:31
    [:package_weight] => 100
    [:package_dimensions] => 30x50
    [:total_amount] => 100
    [:status] => pending
)

[2025-04-22 22:00:17] Error in create_order.php: SQLSTATE[42S22]: Column not found: 1054 Unknown column 'status' in 'field list'
[2025-04-22 22:00:17] Stack trace: #0 C:\xampp\htdocs\ayndrome-api\api\create_order.php(184): PDOStatement->execute(Array)
#1 {main}
[2025-04-22 22:00:17] Error: SQLSTATE[42S22]: Column not found: 1054 Unknown column 'status' in 'field list'
[2025-04-22 22:00:29] Session data: Array
(
    [user_id] => 8
    [email] => shashanksaket9@gmail.com
    [first_name] => Shashank
    [last_name] => Singh
)

[2025-04-22 22:00:29] Cookie data: Array
(
    [PHPSESSID] => do9nhlv27ko21ei3pdjqda464b
    [remember_token] => 867786821875807b6ed14142f4e1fd7104768b9349e3218e6aa07d281ab35a11
)

[2025-04-22 22:00:29] Received JSON data: {"pickup_address":"LPU Main Gate, LPU Open Audi Rd, Phagwara, Punjab, 144411, India","delivery_address":"Varanasi, Varanasi, Varanasi District, Uttar Pradesh, India","pickup_lat":31.26013,"pickup_lng":75.70755,"delivery_lat":25.313423,"delivery_lng":82.985373,"scheduled_date":"2025-04-23","scheduled_time":"01:31","package_weight":"100","package_dimensions":"30x50","package_description":"Electronics","total_amount":100,"payment_method":"card"}
[2025-04-22 22:00:29] Executing query with params: Array
(
    [:user_id] => 8
    [:order_id] => DR-6807F55D938B7
    [:pickup_address] => LPU Main Gate, LPU Open Audi Rd, Phagwara, Punjab, 144411, India
    [:delivery_address] => Varanasi, Varanasi, Varanasi District, Uttar Pradesh, India
    [:pickup_lat] => 31.26013
    [:pickup_lng] => 75.70755
    [:delivery_lat] => 25.313423
    [:delivery_lng] => 82.985373
    [:scheduled_date] => 2025-04-23
    [:scheduled_time] => 01:31
    [:package_weight] => 100
    [:package_dimensions] => 30x50
    [:total_amount] => 100
    [:status] => pending
)

[2025-04-22 22:00:29] Error in create_order.php: SQLSTATE[42S22]: Column not found: 1054 Unknown column 'status' in 'field list'
[2025-04-22 22:00:29] Stack trace: #0 C:\xampp\htdocs\ayndrome-api\api\create_order.php(184): PDOStatement->execute(Array)
#1 {main}
[2025-04-22 22:00:29] Error: SQLSTATE[42S22]: Column not found: 1054 Unknown column 'status' in 'field list'
[2025-04-22 22:00:35] Session data: Array
(
    [user_id] => 8
    [email] => shashanksaket9@gmail.com
    [first_name] => Shashank
    [last_name] => Singh
)

[2025-04-22 22:00:35] Cookie data: Array
(
    [PHPSESSID] => do9nhlv27ko21ei3pdjqda464b
    [remember_token] => 867786821875807b6ed14142f4e1fd7104768b9349e3218e6aa07d281ab35a11
)

[2025-04-22 22:00:35] Received JSON data: {"pickup_address":"LPU Main Gate, LPU Open Audi Rd, Phagwara, Punjab, 144411, India","delivery_address":"Varanasi, Varanasi, Varanasi District, Uttar Pradesh, India","pickup_lat":31.26013,"pickup_lng":75.70755,"delivery_lat":25.313423,"delivery_lng":82.985373,"scheduled_date":"2025-04-23","scheduled_time":"01:31","package_weight":"100","package_dimensions":"30x50","package_description":"Electronics","total_amount":100,"payment_method":"card"}
[2025-04-22 22:00:35] Executing query with params: Array
(
    [:user_id] => 8
    [:order_id] => DR-6807F5638B4C5
    [:pickup_address] => LPU Main Gate, LPU Open Audi Rd, Phagwara, Punjab, 144411, India
    [:delivery_address] => Varanasi, Varanasi, Varanasi District, Uttar Pradesh, India
    [:pickup_lat] => 31.26013
    [:pickup_lng] => 75.70755
    [:delivery_lat] => 25.313423
    [:delivery_lng] => 82.985373
    [:scheduled_date] => 2025-04-23
    [:scheduled_time] => 01:31
    [:package_weight] => 100
    [:package_dimensions] => 30x50
    [:total_amount] => 100
    [:status] => pending
)

[2025-04-22 22:00:35] Error in create_order.php: SQLSTATE[42S22]: Column not found: 1054 Unknown column 'status' in 'field list'
[2025-04-22 22:00:35] Stack trace: #0 C:\xampp\htdocs\ayndrome-api\api\create_order.php(184): PDOStatement->execute(Array)
#1 {main}
[2025-04-22 22:00:35] Error: SQLSTATE[42S22]: Column not found: 1054 Unknown column 'status' in 'field list'
[2025-04-22 22:01:19] Session data: Array
(
    [user_id] => 8
    [email] => shashanksaket9@gmail.com
    [first_name] => Shashank
    [last_name] => Singh
)

[2025-04-22 22:01:19] Cookie data: Array
(
    [PHPSESSID] => do9nhlv27ko21ei3pdjqda464b
    [remember_token] => 867786821875807b6ed14142f4e1fd7104768b9349e3218e6aa07d281ab35a11
)

[2025-04-22 22:01:19] Received JSON data: {"pickup_address":"LPU Main Gate, LPU Open Audi Rd, Phagwara, Punjab, 144411, India","delivery_address":"Varanasi, Varanasi, Varanasi District, Uttar Pradesh, India","pickup_lat":31.26013,"pickup_lng":75.70755,"delivery_lat":25.313423,"delivery_lng":82.985373,"scheduled_date":"2025-04-23","scheduled_time":"01:31","package_weight":"100","package_dimensions":"30x50","package_description":"Electronics","total_amount":100,"payment_method":"card"}
[2025-04-22 22:01:19] Executing query with params: Array
(
    [:user_id] => 8
    [:order_id] => DR-6807F58FAF55E
    [:pickup_address] => LPU Main Gate, LPU Open Audi Rd, Phagwara, Punjab, 144411, India
    [:delivery_address] => Varanasi, Varanasi, Varanasi District, Uttar Pradesh, India
    [:pickup_lat] => 31.26013
    [:pickup_lng] => 75.70755
    [:delivery_lat] => 25.313423
    [:delivery_lng] => 82.985373
    [:scheduled_date] => 2025-04-23
    [:scheduled_time] => 01:31
    [:package_weight] => 100
    [:package_dimensions] => 30x50
    [:total_amount] => 100
    [:order_status] => pending
    [:payment_status] => pending
)

[2025-04-22 22:15:48] Session data: Array
(
    [user_id] => 1
    [email] => test@example.com
    [first_name] => Test
    [last_name] => User
)

[2025-04-22 22:15:48] Cookie data: Array
(
    [PHPSESSID] => do9nhlv27ko21ei3pdjqda464b
    [remember_token] => 760aa847902b2fc8d9d39ddfb0ff4193a22e34aab2b720ddc2857395299071f3
)

[2025-04-22 22:15:48] Received JSON data: {"pickup_address":"LP Bus Stop, Nerul FlyOver, Juinagar, Navi Mumbai, Thane Taluka, Thane, Maharashtra, 400706, India","delivery_address":"Kanpur, Kanpur, Kanpur Nagar District, Uttar Pradesh, India","pickup_lat":19.04707,"pickup_lng":73.02429,"delivery_lat":26.43624,"delivery_lng":80.337883,"scheduled_date":"2025-04-23","scheduled_time":"01:48","package_weight":"100","package_dimensions":"30x50","package_description":"physics","total_amount":100,"payment_method":"card"}
[2025-04-22 22:15:48] Executing query with params: Array
(
    [:user_id] => 1
    [:order_id] => DR-6807F8F4C2BF5
    [:pickup_address] => LP Bus Stop, Nerul FlyOver, Juinagar, Navi Mumbai, Thane Taluka, Thane, Maharashtra, 400706, India
    [:delivery_address] => Kanpur, Kanpur, Kanpur Nagar District, Uttar Pradesh, India
    [:pickup_lat] => 19.04707
    [:pickup_lng] => 73.02429
    [:delivery_lat] => 26.43624
    [:delivery_lng] => 80.337883
    [:scheduled_date] => 2025-04-23
    [:scheduled_time] => 01:48
    [:package_weight] => 100
    [:package_dimensions] => 30x50
    [:total_amount] => 100
    [:order_status] => pending
    [:payment_status] => pending
)

[2025-04-22 22:40:19] Session data: Array
(
    [user_id] => 1
    [email] => test@example.com
    [first_name] => Test
    [last_name] => User
)

[2025-04-22 22:40:19] Cookie data: Array
(
    [PHPSESSID] => do9nhlv27ko21ei3pdjqda464b
    [remember_token] => 6bed32ae06adfc96a092b0fa7ec5588afef77012abbd378ed37edc1f1d8e66cf
)

[2025-04-22 22:40:19] Received JSON data: {"pickup_address":"Pehla Ghar Shubh Sanket Complex, Shubh Sanket Complex, Next To Olive Residency, Mogarpada, Nr. Shree Ram Hospital, Owale, Thane West, Thane, Maharashtra, 400615, India","delivery_address":"New Delhi Railway Station Ajmeri Gate Side, Bhavbhuti Marg, Ratan Lal Market, Kamla Market, Ajmeri Gate, New Delhi, Delhi, 110006","pickup_lat":19.2751,"pickup_lng":72.96273,"delivery_lat":28.64191,"delivery_lng":77.222053,"scheduled_date":"2025-04-23","scheduled_time":"08:14","package_weight":"56","package_dimensions":"10","package_description":"Books","total_amount":100,"payment_method":"card"}
[2025-04-22 22:40:19] Executing query with params: Array
(
    [:user_id] => 1
    [:order_id] => DR-6807FEB3E8B49
    [:pickup_address] => Pehla Ghar Shubh Sanket Complex, Shubh Sanket Complex, Next To Olive Residency, Mogarpada, Nr. Shree Ram Hospital, Owale, Thane West, Thane, Maharashtra, 400615, India
    [:delivery_address] => New Delhi Railway Station Ajmeri Gate Side, Bhavbhuti Marg, Ratan Lal Market, Kamla Market, Ajmeri Gate, New Delhi, Delhi, 110006
    [:pickup_lat] => 19.2751
    [:pickup_lng] => 72.96273
    [:delivery_lat] => 28.64191
    [:delivery_lng] => 77.222053
    [:scheduled_date] => 2025-04-23
    [:scheduled_time] => 08:14
    [:package_weight] => 56
    [:package_dimensions] => 10
    [:total_amount] => 100
    [:order_status] => pending
    [:payment_status] => pending
)

[2025-04-22 23:01:53] Session data: Array
(
    [user_id] => 10
    [email] => ojha@gmail.com
    [first_name] => Ram
    [last_name] => Singh
)

[2025-04-22 23:01:53] Cookie data: Array
(
    [PHPSESSID] => do9nhlv27ko21ei3pdjqda464b
    [remember_token] => c44296470c5912d3cf6ff4e1507fa640f4cdaaae7ade7723b4e65a4d445416a1
)

[2025-04-22 23:01:53] Received JSON data: {"pickup_address":"LPU Law Gate, Law Gate, Phagwara Tahsil, Kapurthala, Punjab, 144411, India","delivery_address":"Vilad Railway Station, Vilad, Maharashtra, 414111","pickup_lat":31.25484,"pickup_lng":75.70014,"delivery_lat":19.198548,"delivery_lng":74.67467,"scheduled_date":"2025-04-23","scheduled_time":"06:34","package_weight":"10","package_dimensions":"30","package_description":"Electronics","total_amount":100,"payment_method":"card"}
[2025-04-22 23:01:53] Executing query with params: Array
(
    [:user_id] => 10
    [:order_id] => DR-680803C168C43
    [:pickup_address] => LPU Law Gate, Law Gate, Phagwara Tahsil, Kapurthala, Punjab, 144411, India
    [:delivery_address] => Vilad Railway Station, Vilad, Maharashtra, 414111
    [:pickup_lat] => 31.25484
    [:pickup_lng] => 75.70014
    [:delivery_lat] => 19.198548
    [:delivery_lng] => 74.67467
    [:scheduled_date] => 2025-04-23
    [:scheduled_time] => 06:34
    [:package_weight] => 10
    [:package_dimensions] => 30
    [:total_amount] => 100
    [:order_status] => pending
    [:payment_status] => pending
)

[2025-04-23 07:29:59] Session data: Array
(
    [user_id] => 8
    [email] => shashanksaket9@gmail.com
    [first_name] => Shashank
    [last_name] => Singh
)

[2025-04-23 07:29:59] Cookie data: Array
(
    [PHPSESSID] => amqsecu78n9ddheubuhc57stll
    [remember_token] => 74b1c33241d8c0e5e85113763b51dc46eaee1e6ff6e9c92a7fa2617ed1243fcd
)

[2025-04-23 07:29:59] Received JSON data: {"pickup_address":"LPU Law Gate, Law Gate, Phagwara Tahsil, Kapurthala, Punjab, 144411, India","delivery_address":"Goa International Airport, Dabolim, Goa, 403401","scheduled_date":"2025-04-23","scheduled_time":"02:59","package_dimensions":"30","package_weight":"10","package_description":"Electronics","pickup_lat":31.25484,"pickup_lng":75.70014,"delivery_lat":15.380109,"delivery_lng":73.832758}
[2025-04-23 07:29:59] Error: Missing required field: total_amount
[2025-04-23 07:31:31] Session data: Array
(
    [user_id] => 8
    [email] => shashanksaket9@gmail.com
    [first_name] => Shashank
    [last_name] => Singh
)

[2025-04-23 07:31:31] Cookie data: Array
(
    [PHPSESSID] => amqsecu78n9ddheubuhc57stll
    [remember_token] => 74b1c33241d8c0e5e85113763b51dc46eaee1e6ff6e9c92a7fa2617ed1243fcd
)

[2025-04-23 07:31:31] Received JSON data: {"pickup_address":"LPU Law Gate, Law Gate, Phagwara Tahsil, Kapurthala, Punjab, 144411, India","delivery_address":"Goa International Airport, Dabolim, Goa, 403401","scheduled_date":"2025-04-23","scheduled_time":"02:59","package_dimensions":"30","package_weight":"10","package_description":"Electronics","pickup_lat":31.25484,"pickup_lng":75.70014,"delivery_lat":15.380109,"delivery_lng":73.832758}
[2025-04-23 07:31:31] Error: Missing required field: total_amount
[2025-04-23 07:32:48] Session data: Array
(
    [user_id] => 8
    [email] => shashanksaket9@gmail.com
    [first_name] => Shashank
    [last_name] => Singh
)

[2025-04-23 07:32:48] Cookie data: Array
(
    [PHPSESSID] => amqsecu78n9ddheubuhc57stll
    [remember_token] => 74b1c33241d8c0e5e85113763b51dc46eaee1e6ff6e9c92a7fa2617ed1243fcd
)

[2025-04-23 07:32:48] Received JSON data: {"pickup_address":"LPU Law Gate, Law Gate, Phagwara Tahsil, Kapurthala, Punjab, 144411, India","delivery_address":"Goa International Airport, Dabolim, Goa, 403401","scheduled_date":"2025-04-23","scheduled_time":"02:59","package_dimensions":"30","package_weight":"10","package_description":"Electronics","pickup_lat":31.25484,"pickup_lng":75.70014,"delivery_lat":15.380109,"delivery_lng":73.832758}
[2025-04-23 07:32:48] Error: Missing required field: total_amount
[2025-04-23 07:33:44] Session data: Array
(
    [user_id] => 8
    [email] => shashanksaket9@gmail.com
    [first_name] => Shashank
    [last_name] => Singh
)

[2025-04-23 07:33:44] Cookie data: Array
(
    [PHPSESSID] => amqsecu78n9ddheubuhc57stll
    [remember_token] => 74b1c33241d8c0e5e85113763b51dc46eaee1e6ff6e9c92a7fa2617ed1243fcd
)

[2025-04-23 07:33:44] Received JSON data: {"pickup_address":"LPU Law Gate, Law Gate, Phagwara Tahsil, Kapurthala, Punjab, 144411, India","delivery_address":"Goa International Airport, Dabolim, Goa, 403401","scheduled_date":"2025-04-23","scheduled_time":"02:59","package_dimensions":"30","package_weight":"10","package_description":"Electronics","pickup_lat":31.25484,"pickup_lng":75.70014,"delivery_lat":15.380109,"delivery_lng":73.832758}
[2025-04-23 07:33:44] Error: Missing required field: total_amount
[2025-04-23 07:36:03] Session data: Array
(
    [user_id] => 8
    [email] => shashanksaket9@gmail.com
    [first_name] => Shashank
    [last_name] => Singh
)

[2025-04-23 07:36:03] Cookie data: Array
(
    [PHPSESSID] => amqsecu78n9ddheubuhc57stll
    [remember_token] => 74b1c33241d8c0e5e85113763b51dc46eaee1e6ff6e9c92a7fa2617ed1243fcd
)

[2025-04-23 07:36:03] Received JSON data: {"pickup_address":"LPU Law Gate, Law Gate, Phagwara Tahsil, Kapurthala, Punjab, 144411, India","delivery_address":"Goa International Airport, Dabolim, Goa, 403401","scheduled_date":"2025-04-23","scheduled_time":"02:59","package_dimensions":"30","package_weight":"10","package_description":"Electronics","pickup_lat":31.25484,"pickup_lng":75.70014,"delivery_lat":15.380109,"delivery_lng":73.832758}
[2025-04-23 07:36:03] Error: Missing required field: total_amount
[2025-04-23 07:36:20] Session data: Array
(
    [user_id] => 8
    [email] => shashanksaket9@gmail.com
    [first_name] => Shashank
    [last_name] => Singh
)

[2025-04-23 07:36:20] Cookie data: Array
(
    [PHPSESSID] => amqsecu78n9ddheubuhc57stll
    [remember_token] => 74b1c33241d8c0e5e85113763b51dc46eaee1e6ff6e9c92a7fa2617ed1243fcd
)

[2025-04-23 07:36:20] Received JSON data: {"pickup_address":"LPU Law Gate, Law Gate, Phagwara Tahsil, Kapurthala, Punjab, 144411, India","delivery_address":"Goa International Airport, Dabolim, Goa, 403401","scheduled_date":"2025-04-23","scheduled_time":"02:59","package_dimensions":"30","package_weight":"10","package_description":"Electronics","pickup_lat":31.25484,"pickup_lng":75.70014,"delivery_lat":15.380109,"delivery_lng":73.832758}
[2025-04-23 07:36:20] Error: Missing required field: total_amount
[2025-04-23 07:42:13] Session data: Array
(
    [user_id] => 8
    [email] => shashanksaket9@gmail.com
    [first_name] => Shashank
    [last_name] => Singh
)

[2025-04-23 07:42:13] Cookie data: Array
(
    [PHPSESSID] => amqsecu78n9ddheubuhc57stll
    [remember_token] => 74b1c33241d8c0e5e85113763b51dc46eaee1e6ff6e9c92a7fa2617ed1243fcd
)

[2025-04-23 07:42:13] Received JSON data: {"pickup_address":"LPU Law Gate, Law Gate, Phagwara Tahsil, Kapurthala, Punjab, 144411, India","delivery_address":"Hakone Go- Karting, Hakone, East Avenue, Hiranandani Gardens, Zone 6, Mumbai, Mumbai Suburban, Maharashtra, 400076, India","scheduled_date":"2025-04-23","scheduled_time":"04:11","package_dimensions":"12","package_weight":"10","package_description":"Books","pickup_lat":31.25484,"pickup_lng":75.70014,"delivery_lat":19.12259,"delivery_lng":72.91364,"total_amount":100}
[2025-04-23 07:42:13] Executing query with params: Array
(
    [:user_id] => 8
    [:order_id] => DR-68087DB5471A6
    [:pickup_address] => LPU Law Gate, Law Gate, Phagwara Tahsil, Kapurthala, Punjab, 144411, India
    [:delivery_address] => Hakone Go- Karting, Hakone, East Avenue, Hiranandani Gardens, Zone 6, Mumbai, Mumbai Suburban, Maharashtra, 400076, India
    [:pickup_lat] => 31.25484
    [:pickup_lng] => 75.70014
    [:delivery_lat] => 19.12259
    [:delivery_lng] => 72.91364
    [:scheduled_date] => 2025-04-23
    [:scheduled_time] => 04:11
    [:package_weight] => 10
    [:package_dimensions] => 12
    [:total_amount] => 100
    [:order_status] => pending
    [:payment_status] => pending
)

[2025-04-23 07:48:10] Session data: Array
(
    [user_id] => 8
    [email] => shashanksaket9@gmail.com
    [first_name] => Shashank
    [last_name] => Singh
)

[2025-04-23 07:48:10] Cookie data: Array
(
    [PHPSESSID] => amqsecu78n9ddheubuhc57stll
    [remember_token] => 74b1c33241d8c0e5e85113763b51dc46eaee1e6ff6e9c92a7fa2617ed1243fcd
)

[2025-04-23 07:48:10] Received JSON data: {"pickup_address":"LPU Law Gate, Law Gate, Phagwara Tahsil, Kapurthala, Punjab, 144411, India","delivery_address":"Mumbai, Mumbai Suburban, Mumbai Suburban District, Maharashtra, India","scheduled_date":"2025-04-23","scheduled_time":"11:23","package_dimensions":"30","package_weight":"10","package_description":"physics","pickup_lat":31.25484,"pickup_lng":75.70014,"delivery_lat":19.115354,"delivery_lng":72.873658,"total_amount":100}
[2025-04-23 07:48:10] Executing query with params: Array
(
    [:user_id] => 8
    [:order_id] => DR-68087F1A08E91
    [:pickup_address] => LPU Law Gate, Law Gate, Phagwara Tahsil, Kapurthala, Punjab, 144411, India
    [:delivery_address] => Mumbai, Mumbai Suburban, Mumbai Suburban District, Maharashtra, India
    [:pickup_lat] => 31.25484
    [:pickup_lng] => 75.70014
    [:delivery_lat] => 19.115354
    [:delivery_lng] => 72.873658
    [:scheduled_date] => 2025-04-23
    [:scheduled_time] => 11:23
    [:package_weight] => 10
    [:package_dimensions] => 30
    [:total_amount] => 100
    [:order_status] => pending
    [:payment_status] => pending
)

[2025-04-23 07:55:31] Session data: Array
(
    [user_id] => 8
    [email] => shashanksaket9@gmail.com
    [first_name] => Shashank
    [last_name] => Singh
)

[2025-04-23 07:55:31] Cookie data: Array
(
    [PHPSESSID] => amqsecu78n9ddheubuhc57stll
    [remember_token] => 74b1c33241d8c0e5e85113763b51dc46eaee1e6ff6e9c92a7fa2617ed1243fcd
)

[2025-04-23 07:55:31] Received JSON data: {"pickup_address":"LPU Law Gate, Law Gate, Phagwara Tahsil, Kapurthala, Punjab, 144411, India","delivery_address":"Electrical Saman. Raiput, MG Rd, Moudhapara, Raipur, Chhattisgarh, 492009, India","scheduled_date":"2025-04-23","scheduled_time":"00:25","package_dimensions":"30","package_weight":"11","package_description":"Electronics","pickup_lat":31.25484,"pickup_lng":75.70014,"delivery_lat":21.24759,"delivery_lng":81.63315,"total_amount":100}
[2025-04-23 07:55:31] Executing query with params: Array
(
    [:user_id] => 8
    [:order_id] => DR-680880D397217
    [:pickup_address] => LPU Law Gate, Law Gate, Phagwara Tahsil, Kapurthala, Punjab, 144411, India
    [:delivery_address] => Electrical Saman. Raiput, MG Rd, Moudhapara, Raipur, Chhattisgarh, 492009, India
    [:pickup_lat] => 31.25484
    [:pickup_lng] => 75.70014
    [:delivery_lat] => 21.24759
    [:delivery_lng] => 81.63315
    [:scheduled_date] => 2025-04-23
    [:scheduled_time] => 00:25
    [:package_weight] => 11
    [:package_dimensions] => 30
    [:total_amount] => 100
    [:order_status] => pending
    [:payment_status] => pending
)

[2025-04-23 08:12:30] Session data: Array
(
    [user_id] => 8
    [email] => shashanksaket9@gmail.com
    [first_name] => Shashank
    [last_name] => Singh
)

[2025-04-23 08:12:30] Cookie data: Array
(
    [PHPSESSID] => amqsecu78n9ddheubuhc57stll
    [remember_token] => 74b1c33241d8c0e5e85113763b51dc46eaee1e6ff6e9c92a7fa2617ed1243fcd
)

[2025-04-23 08:12:30] Received JSON data: {"pickup_address":"New Delhi Railway Station Ajmeri Gate Side, Bhavbhuti Marg, Ratan Lal Market, Kamla Market, Ajmeri Gate, New Delhi, Delhi, 110006","delivery_address":"Varanasi, Varanasi, Varanasi District, Uttar Pradesh, India","pickup_lat":28.64191,"pickup_lng":77.222053,"delivery_lat":25.313423,"delivery_lng":82.985373,"scheduled_date":"2025-04-23","scheduled_time":"11:45","package_weight":"12","package_dimensions":"30","package_description":"Electronics","total_amount":null,"payment_method":"card"}
[2025-04-23 08:12:30] Error: Missing required field: total_amount
[2025-04-23 08:13:35] Session data: Array
(
    [user_id] => 8
    [email] => shashanksaket9@gmail.com
    [first_name] => Shashank
    [last_name] => Singh
)

[2025-04-23 08:13:35] Cookie data: Array
(
    [PHPSESSID] => amqsecu78n9ddheubuhc57stll
    [remember_token] => 74b1c33241d8c0e5e85113763b51dc46eaee1e6ff6e9c92a7fa2617ed1243fcd
)

[2025-04-23 08:13:35] Received JSON data: {"pickup_address":"New Delhi Railway Station Ajmeri Gate Side, Bhavbhuti Marg, Ratan Lal Market, Kamla Market, Ajmeri Gate, New Delhi, Delhi, 110006","delivery_address":"Varanasi, Varanasi, Varanasi District, Uttar Pradesh, India","pickup_lat":28.64191,"pickup_lng":77.222053,"delivery_lat":25.313423,"delivery_lng":82.985373,"scheduled_date":"2025-04-23","scheduled_time":"11:45","package_weight":"12","package_dimensions":"30","package_description":"Electronics","total_amount":null,"payment_method":"card"}
[2025-04-23 08:13:35] Error: Missing required field: total_amount
[2025-04-23 08:14:20] Session data: Array
(
    [user_id] => 8
    [email] => shashanksaket9@gmail.com
    [first_name] => Shashank
    [last_name] => Singh
)

[2025-04-23 08:14:20] Cookie data: Array
(
    [PHPSESSID] => amqsecu78n9ddheubuhc57stll
    [remember_token] => 74b1c33241d8c0e5e85113763b51dc46eaee1e6ff6e9c92a7fa2617ed1243fcd
)

[2025-04-23 08:14:20] Received JSON data: {"pickup_address":"New Delhi Railway Station Ajmeri Gate Side, Bhavbhuti Marg, Ratan Lal Market, Kamla Market, Ajmeri Gate, New Delhi, Delhi, 110006","delivery_address":"Varanasi, Varanasi, Varanasi District, Uttar Pradesh, India","pickup_lat":28.64191,"pickup_lng":77.222053,"delivery_lat":25.313423,"delivery_lng":82.985373,"scheduled_date":"2025-04-23","scheduled_time":"11:45","package_weight":"12","package_dimensions":"30","package_description":"Electronics","total_amount":null,"payment_method":"card"}
[2025-04-23 08:14:20] Error: Missing required field: total_amount
[2025-04-23 08:15:14] Session data: Array
(
    [user_id] => 8
    [email] => shashanksaket9@gmail.com
    [first_name] => Shashank
    [last_name] => Singh
)

[2025-04-23 08:15:14] Cookie data: Array
(
    [PHPSESSID] => amqsecu78n9ddheubuhc57stll
    [remember_token] => 74b1c33241d8c0e5e85113763b51dc46eaee1e6ff6e9c92a7fa2617ed1243fcd
)

[2025-04-23 08:15:14] Received JSON data: {"pickup_address":"New Delhi Railway Station Ajmeri Gate Side, Bhavbhuti Marg, Ratan Lal Market, Kamla Market, Ajmeri Gate, New Delhi, Delhi, 110006","delivery_address":"Varanasi, Varanasi, Varanasi District, Uttar Pradesh, India","scheduled_date":"2025-04-23","scheduled_time":"11:45","package_dimensions":"30","package_weight":"12","package_description":"Electronics","pickup_lat":28.64191,"pickup_lng":77.222053,"delivery_lat":25.313423,"delivery_lng":82.985373,"total_amount":null,"payment_method":"card"}
[2025-04-23 08:15:14] Error: Missing required field: total_amount
[2025-04-23 08:15:35] Session data: Array
(
    [user_id] => 8
    [email] => shashanksaket9@gmail.com
    [first_name] => Shashank
    [last_name] => Singh
)

[2025-04-23 08:15:35] Cookie data: Array
(
    [PHPSESSID] => amqsecu78n9ddheubuhc57stll
    [remember_token] => 74b1c33241d8c0e5e85113763b51dc46eaee1e6ff6e9c92a7fa2617ed1243fcd
)

[2025-04-23 08:15:35] Received JSON data: {"pickup_address":"New Delhi Railway Station Ajmeri Gate Side, Bhavbhuti Marg, Ratan Lal Market, Kamla Market, Ajmeri Gate, New Delhi, Delhi, 110006","delivery_address":"Varanasi, Varanasi, Varanasi District, Uttar Pradesh, India","scheduled_date":"2025-04-23","scheduled_time":"11:45","package_dimensions":"30","package_weight":"12","package_description":"Electronics","pickup_lat":28.64191,"pickup_lng":77.222053,"delivery_lat":25.313423,"delivery_lng":82.985373,"total_amount":null,"payment_method":"card"}
[2025-04-23 08:15:35] Error: Missing required field: total_amount
[2025-04-23 08:16:34] Session data: Array
(
    [user_id] => 8
    [email] => shashanksaket9@gmail.com
    [first_name] => Shashank
    [last_name] => Singh
)

[2025-04-23 08:16:34] Cookie data: Array
(
    [PHPSESSID] => amqsecu78n9ddheubuhc57stll
    [remember_token] => 74b1c33241d8c0e5e85113763b51dc46eaee1e6ff6e9c92a7fa2617ed1243fcd
)

[2025-04-23 08:16:34] Received JSON data: {"pickup_address":"New Delhi Railway Station Ajmeri Gate Side, Bhavbhuti Marg, Ratan Lal Market, Kamla Market, Ajmeri Gate, New Delhi, Delhi, 110006","delivery_address":"Varanasi, Varanasi, Varanasi District, Uttar Pradesh, India","scheduled_date":"2025-04-23","scheduled_time":"11:45","package_dimensions":"30","package_weight":"12","package_description":"Electronics","pickup_lat":28.64191,"pickup_lng":77.222053,"delivery_lat":25.313423,"delivery_lng":82.985373,"total_amount":100,"payment_method":"card"}
[2025-04-23 08:16:34] Executing query with params: Array
(
    [:user_id] => 8
    [:order_id] => DR-680885C2C44E4
    [:pickup_address] => New Delhi Railway Station Ajmeri Gate Side, Bhavbhuti Marg, Ratan Lal Market, Kamla Market, Ajmeri Gate, New Delhi, Delhi, 110006
    [:delivery_address] => Varanasi, Varanasi, Varanasi District, Uttar Pradesh, India
    [:pickup_lat] => 28.64191
    [:pickup_lng] => 77.222053
    [:delivery_lat] => 25.313423
    [:delivery_lng] => 82.985373
    [:scheduled_date] => 2025-04-23
    [:scheduled_time] => 11:45
    [:package_weight] => 12
    [:package_dimensions] => 30
    [:total_amount] => 100
    [:order_status] => pending
    [:payment_status] => pending
)

[2025-04-23 08:18:47] Session data: Array
(
    [user_id] => 8
    [email] => shashanksaket9@gmail.com
    [first_name] => Shashank
    [last_name] => Singh
)

[2025-04-23 08:18:47] Cookie data: Array
(
    [PHPSESSID] => amqsecu78n9ddheubuhc57stll
    [remember_token] => 74b1c33241d8c0e5e85113763b51dc46eaee1e6ff6e9c92a7fa2617ed1243fcd
)

[2025-04-23 08:18:47] Received JSON data: {"pickup_address":"LPU Main Gate, LPU Open Audi Rd, Phagwara, Punjab, 144411, India","delivery_address":"Vilad Railway Station, Vilad, Maharashtra, 414111","scheduled_date":"2025-04-23","scheduled_time":"11:54","package_dimensions":"11","package_weight":"10","package_description":"Books","pickup_lat":31.26013,"pickup_lng":75.70755,"delivery_lat":19.198548,"delivery_lng":74.67467,"total_amount":100,"payment_method":"card"}
[2025-04-23 08:18:47] Executing query with params: Array
(
    [:user_id] => 8
    [:order_id] => DR-68088647B3CE8
    [:pickup_address] => LPU Main Gate, LPU Open Audi Rd, Phagwara, Punjab, 144411, India
    [:delivery_address] => Vilad Railway Station, Vilad, Maharashtra, 414111
    [:pickup_lat] => 31.26013
    [:pickup_lng] => 75.70755
    [:delivery_lat] => 19.198548
    [:delivery_lng] => 74.67467
    [:scheduled_date] => 2025-04-23
    [:scheduled_time] => 11:54
    [:package_weight] => 10
    [:package_dimensions] => 11
    [:total_amount] => 100
    [:order_status] => pending
    [:payment_status] => pending
)

[2025-04-23 08:25:06] Session data: Array
(
    [user_id] => 8
    [email] => shashanksaket9@gmail.com
    [first_name] => Shashank
    [last_name] => Singh
)

[2025-04-23 08:25:06] Cookie data: Array
(
    [PHPSESSID] => amqsecu78n9ddheubuhc57stll
    [remember_token] => 74b1c33241d8c0e5e85113763b51dc46eaee1e6ff6e9c92a7fa2617ed1243fcd
)

[2025-04-23 08:25:06] Received JSON data: {"pickup_address":"Goa International Airport, Dabolim, Goa, 403401","delivery_address":"New Delhi, Bahadurgarh, Jhajjar District, Haryana, India","scheduled_date":"2025-04-23","scheduled_time":"04:56","package_dimensions":"30","package_weight":"90","package_description":"Books","pickup_lat":15.380109,"pickup_lng":73.832758,"delivery_lat":28.575613,"delivery_lng":77.145742,"total_amount":100,"payment_method":"card"}
[2025-04-23 08:25:06] Executing query with params: Array
(
    [:user_id] => 8
    [:order_id] => DR-680887C2A9A99
    [:pickup_address] => Goa International Airport, Dabolim, Goa, 403401
    [:delivery_address] => New Delhi, Bahadurgarh, Jhajjar District, Haryana, India
    [:pickup_lat] => 15.380109
    [:pickup_lng] => 73.832758
    [:delivery_lat] => 28.575613
    [:delivery_lng] => 77.145742
    [:scheduled_date] => 2025-04-23
    [:scheduled_time] => 04:56
    [:package_weight] => 90
    [:package_dimensions] => 30
    [:total_amount] => 100
    [:order_status] => pending
    [:payment_status] => pending
)

[2025-04-23 11:50:55] Session data: Array
(
    [user_id] => 8
    [email] => shashanksaket9@gmail.com
    [first_name] => Shashank
    [last_name] => Singh
    [role] => user
)

[2025-04-23 11:50:55] Cookie data: Array
(
    [PHPSESSID] => amqsecu78n9ddheubuhc57stll
    [remember_token] => ec1e7a7c0965ea57b8c5209a3dbaa63d50d38453c2edc241550ae68411353ace
)

[2025-04-23 11:50:55] Received JSON data: {"pickup_address":"LPU Front Entrance Gate, Punjab, 144411, India","delivery_address":"Varanasi, Varanasi, Varanasi District, Uttar Pradesh, India","scheduled_date":"2025-04-23","scheduled_time":"21:20","package_dimensions":"11","package_weight":"11","package_description":"physics","pickup_lat":31.26078,"pickup_lng":75.70697,"delivery_lat":25.313423,"delivery_lng":82.985373,"total_amount":100,"payment_method":"card"}
[2025-04-23 11:50:55] Executing query with params: Array
(
    [:user_id] => 8
    [:order_id] => DR-6808B7FF6F551
    [:pickup_address] => LPU Front Entrance Gate, Punjab, 144411, India
    [:delivery_address] => Varanasi, Varanasi, Varanasi District, Uttar Pradesh, India
    [:pickup_lat] => 31.26078
    [:pickup_lng] => 75.70697
    [:delivery_lat] => 25.313423
    [:delivery_lng] => 82.985373
    [:scheduled_date] => 2025-04-23
    [:scheduled_time] => 21:20
    [:package_weight] => 11
    [:package_dimensions] => 11
    [:total_amount] => 100
    [:order_status] => pending
    [:payment_status] => pending
)

[2025-04-23 19:25:08] Session data: Array
(
    [user_id] => 11
    [email] => suk051271@gmail.com
    [first_name] => Ujjwal
    [last_name] => Singh
)

[2025-04-23 19:25:08] Cookie data: Array
(
    [PHPSESSID] => 4ps8ge7unakfhq6ronbk4f8hnu
    [remember_token] => 11
)

[2025-04-23 19:25:08] Received JSON data: {"pickup_address":"BHU Lanka Varanasi, Nivedita Colony, Varanasi, Sadar, Varanasi, Uttar Pradesh, 221005, India","delivery_address":"Shri Kashi Vishwanath Temple, Kashi Vishwanath Dham, Exit(kashi Temple), Varanasi, Sadar, Varanasi, Uttar Pradesh, 221001, India","scheduled_date":"2025-04-23","scheduled_time":"15:59","package_dimensions":"30x50","package_weight":"10","package_description":"Electronics","pickup_lat":25.27781,"pickup_lng":83.00233,"delivery_lat":25.31086,"delivery_lng":83.01065,"total_amount":100,"payment_method":"card"}
[2025-04-23 19:25:08] Executing query with params: Array
(
    [:user_id] => 11
    [:order_id] => DR-680922742D7D0
    [:pickup_address] => BHU Lanka Varanasi, Nivedita Colony, Varanasi, Sadar, Varanasi, Uttar Pradesh, 221005, India
    [:delivery_address] => Shri Kashi Vishwanath Temple, Kashi Vishwanath Dham, Exit(kashi Temple), Varanasi, Sadar, Varanasi, Uttar Pradesh, 221001, India
    [:pickup_lat] => 25.27781
    [:pickup_lng] => 83.00233
    [:delivery_lat] => 25.31086
    [:delivery_lng] => 83.01065
    [:scheduled_date] => 2025-04-23
    [:scheduled_time] => 15:59
    [:package_weight] => 10
    [:package_dimensions] => 30x50
    [:total_amount] => 100
    [:order_status] => pending
    [:payment_status] => pending
)

[2025-04-24 05:56:58] Session data: Array
(
    [user_id] => 12
    [email] => aditya12315413@gmail.com
    [first_name] => Aditya
    [last_name] => Gupta
)

[2025-04-24 05:56:58] Cookie data: Array
(
    [PHPSESSID] => 4ps8ge7unakfhq6ronbk4f8hnu
    [remember_token] => 12
)

[2025-04-24 05:56:58] Received JSON data: {"pickup_address":"Uni Mall LPU, Lovely Professional University, Punjab, 144411, India","delivery_address":"Bihar Sadan, Amberhai, Sector 19, Dwarka, Dwarka Tehsil, South West Delhi, Delhi, 110075, India","scheduled_date":"2025-04-24","scheduled_time":"00:29","package_dimensions":"20x20x30","package_weight":"10","package_description":"Electronics","pickup_lat":31.26688,"pickup_lng":75.70226,"delivery_lat":28.578,"delivery_lng":77.0538,"total_amount":100,"payment_method":"card"}
[2025-04-24 05:56:58] Executing query with params: Array
(
    [:user_id] => 12
    [:order_id] => DR-6809B68AC5E49
    [:pickup_address] => Uni Mall LPU, Lovely Professional University, Punjab, 144411, India
    [:delivery_address] => Bihar Sadan, Amberhai, Sector 19, Dwarka, Dwarka Tehsil, South West Delhi, Delhi, 110075, India
    [:pickup_lat] => 31.26688
    [:pickup_lng] => 75.70226
    [:delivery_lat] => 28.578
    [:delivery_lng] => 77.0538
    [:scheduled_date] => 2025-04-24
    [:scheduled_time] => 00:29
    [:package_weight] => 10
    [:package_dimensions] => 20x20x30
    [:total_amount] => 100
    [:order_status] => pending
    [:payment_status] => pending
)

[2025-04-24 06:34:40] Session data: Array
(
    [user_id] => 8
    [email] => shashanksaket9@gmail.com
    [first_name] => Shashank
    [last_name] => Anjali
)

[2025-04-24 06:34:40] Cookie data: Array
(
    [PHPSESSID] => 4ps8ge7unakfhq6ronbk4f8hnu
)

[2025-04-24 06:34:40] Received JSON data: {"pickup_address":"LPU Main Gate, LPU Open Audi Rd, Phagwara, Punjab, 144411, India","delivery_address":"Varanasi, Varanasi, Varanasi District, Uttar Pradesh, India","scheduled_date":"2025-04-24","scheduled_time":"10:07","package_dimensions":"20x20x30","package_weight":"10","package_description":"Electronics","pickup_lat":31.26013,"pickup_lng":75.70755,"delivery_lat":25.313423,"delivery_lng":82.985373,"total_amount":100,"payment_method":"card"}
[2025-04-24 06:34:40] Executing query with params: Array
(
    [:user_id] => 8
    [:order_id] => DR-6809BF609C271
    [:pickup_address] => LPU Main Gate, LPU Open Audi Rd, Phagwara, Punjab, 144411, India
    [:delivery_address] => Varanasi, Varanasi, Varanasi District, Uttar Pradesh, India
    [:pickup_lat] => 31.26013
    [:pickup_lng] => 75.70755
    [:delivery_lat] => 25.313423
    [:delivery_lng] => 82.985373
    [:scheduled_date] => 2025-04-24
    [:scheduled_time] => 10:07
    [:package_weight] => 10
    [:package_dimensions] => 20x20x30
    [:total_amount] => 100
    [:order_status] => pending
    [:payment_status] => pending
)

[2025-04-24 13:30:04] Session data: Array
(
    [user_id] => 8
    [email] => shashanksaket9@gmail.com
    [first_name] => Shashank
    [last_name] => Anjali
)

[2025-04-24 13:30:04] Cookie data: Array
(
    [PHPSESSID] => 4ps8ge7unakfhq6ronbk4f8hnu
)

[2025-04-24 13:30:04] Received JSON data: {"pickup_address":"Saket Nagar Colony, Sankata Mochan Leprosy, Varanasi, Uttar Pradesh 221005, India","delivery_address":"BHU - Lanka Rd, Saket Nagar Colony, Lanka, Varanasi, Uttar Pradesh 221005, India","scheduled_date":"2025-04-24","scheduled_time":"21:02","package_dimensions":"20x20x30","package_weight":"10","package_description":"Electronics","pickup_lat":25.2828566,"pickup_lng":83.0001793,"delivery_lat":25.2798345,"delivery_lng":83.0027315,"total_amount":100,"payment_method":"card"}
[2025-04-24 13:30:04] Executing query with params: Array
(
    [:user_id] => 8
    [:order_id] => DR-680A20BC4923B
    [:pickup_address] => Saket Nagar Colony, Sankata Mochan Leprosy, Varanasi, Uttar Pradesh 221005, India
    [:delivery_address] => BHU - Lanka Rd, Saket Nagar Colony, Lanka, Varanasi, Uttar Pradesh 221005, India
    [:pickup_lat] => 25.2828566
    [:pickup_lng] => 83.0001793
    [:delivery_lat] => 25.2798345
    [:delivery_lng] => 83.0027315
    [:scheduled_date] => 2025-04-24
    [:scheduled_time] => 21:02
    [:package_weight] => 10
    [:package_dimensions] => 20x20x30
    [:total_amount] => 100
    [:order_status] => pending
    [:payment_status] => pending
)

[2025-04-24 16:36:44] Session data: Array
(
)

[2025-04-24 16:36:44] Cookie data: Array
(
    [PHPSESSID] => ct7ufij5ggrmv8vgajbmhehst2
)

[2025-04-24 16:36:44] Error: User not logged in
[2025-04-24 16:39:27] Session data: Array
(
    [user_id] => 8
    [email] => shashanksaket9@gmail.com
    [first_name] => Shashank
    [last_name] => Anjali
)

[2025-04-24 16:39:27] Cookie data: Array
(
    [PHPSESSID] => ct7ufij5ggrmv8vgajbmhehst2
)

[2025-04-24 16:39:27] Received JSON data: {"pickup_address":"Saket Nagar Colony, Sankata Mochan Leprosy, Varanasi, Uttar Pradesh 221005, India","delivery_address":"BHU - Lanka Rd, Saket Nagar Colony, Lanka, Varanasi, Uttar Pradesh 221005, India","scheduled_date":"2025-04-24","scheduled_time":"13:14","package_dimensions":"20x20x30","package_weight":"1","package_description":"Electronics","pickup_coords":{"lat":25.2828566,"lng":83.0001793},"dropoff_coords":{"lat":25.2798345,"lng":83.0027315},"selected_drone":"drone1","total_amount":100,"payment_method":"card"}
[2025-04-24 16:39:27] Error: Missing required field: pickup_lat
[2025-04-24 16:39:46] Session data: Array
(
    [user_id] => 8
    [email] => shashanksaket9@gmail.com
    [first_name] => Shashank
    [last_name] => Anjali
)

[2025-04-24 16:39:46] Cookie data: Array
(
    [PHPSESSID] => ct7ufij5ggrmv8vgajbmhehst2
)

[2025-04-24 16:39:46] Received JSON data: {"pickup_address":"Saket Nagar Colony, Sankata Mochan Leprosy, Varanasi, Uttar Pradesh 221005, India","delivery_address":"BHU - Lanka Rd, Saket Nagar Colony, Lanka, Varanasi, Uttar Pradesh 221005, India","scheduled_date":"2025-04-24","scheduled_time":"13:14","package_dimensions":"20x20x30","package_weight":"1","package_description":"Electronics","pickup_coords":{"lat":25.2828566,"lng":83.0001793},"dropoff_coords":{"lat":25.2798345,"lng":83.0027315},"selected_drone":"drone1","total_amount":100,"payment_method":"card"}
[2025-04-24 16:39:46] Error: Missing required field: pickup_lat
[2025-04-24 16:43:56] Session data: Array
(
    [user_id] => 8
    [email] => shashanksaket9@gmail.com
    [first_name] => Shashank
    [last_name] => Anjali
)

[2025-04-24 16:43:56] Cookie data: Array
(
    [PHPSESSID] => ct7ufij5ggrmv8vgajbmhehst2
)

[2025-04-24 16:43:56] Received JSON data: {"pickup_address":"Saket Nagar Colony, Sankata Mochan Leprosy, Varanasi, Uttar Pradesh 221005, India","delivery_address":"BHU - Lanka Rd, Saket Nagar Colony, Lanka, Varanasi, Uttar Pradesh 221005, India","scheduled_date":"2025-04-24","scheduled_time":"13:14","package_dimensions":"20x20x30","package_weight":"1","package_description":"Electronics","pickup_coords":{"lat":25.2828566,"lng":83.0001793},"dropoff_coords":{"lat":25.2798345,"lng":83.0027315},"selected_drone":"drone1","total_amount":100,"payment_method":"card"}
[2025-04-24 16:43:56] Error: Missing required field: pickup_lat
[2025-04-24 16:47:15] Session data: Array
(
    [user_id] => 8
    [email] => shashanksaket9@gmail.com
    [first_name] => Shashank
    [last_name] => Anjali
)

[2025-04-24 16:47:15] Cookie data: Array
(
    [PHPSESSID] => ct7ufij5ggrmv8vgajbmhehst2
)

[2025-04-24 16:47:15] Received JSON data: {"pickup_address":"Saket Nagar Colony, Sankata Mochan Leprosy, Varanasi, Uttar Pradesh 221005, India","delivery_address":"BHU - Lanka Rd, Saket Nagar Colony, Lanka, Varanasi, Uttar Pradesh 221005, India","scheduled_date":"2025-04-24","scheduled_time":"13:14","package_dimensions":"20x20x30","package_weight":"1","package_description":"Electronics","pickup_coords":{"lat":25.2828566,"lng":83.0001793},"dropoff_coords":{"lat":25.2798345,"lng":83.0027315},"selected_drone":"drone1","total_amount":100,"payment_method":"card"}
[2025-04-24 16:47:15] Error: Missing required field: pickup_lat
[2025-04-24 16:50:12] Session data: Array
(
    [user_id] => 8
    [email] => shashanksaket9@gmail.com
    [first_name] => Shashank
    [last_name] => Anjali
)

[2025-04-24 16:50:12] Cookie data: Array
(
    [PHPSESSID] => ct7ufij5ggrmv8vgajbmhehst2
)

[2025-04-24 16:50:12] Received JSON data: {"pickup_address":"Saket Nagar Colony, Sankata Mochan Leprosy, Varanasi, Uttar Pradesh 221005, India","delivery_address":"BHU - Lanka Rd, Saket Nagar Colony, Lanka, Varanasi, Uttar Pradesh 221005, India","scheduled_date":"2025-04-24","scheduled_time":"13:14","package_dimensions":"20x20x30","package_weight":"1","package_description":"Electronics","pickup_coords":{"lat":25.2828566,"lng":83.0001793},"dropoff_coords":{"lat":25.2798345,"lng":83.0027315},"selected_drone":"drone1","total_amount":100,"payment_method":"card","pickup_lat":25.2828566,"pickup_lng":83.0001793,"dropoff_lat":25.2798345,"dropoff_lng":83.0027315}
[2025-04-24 16:50:12] Error: Missing required field: delivery_lat
[2025-04-24 16:54:21] Session data: Array
(
    [user_id] => 8
    [email] => shashanksaket9@gmail.com
    [first_name] => Shashank
    [last_name] => Anjali
)

[2025-04-24 16:54:21] Cookie data: Array
(
    [PHPSESSID] => ct7ufij5ggrmv8vgajbmhehst2
)

[2025-04-24 16:54:21] Received JSON data: {"pickup_address":"Saket Nagar Colony, Sankata Mochan Leprosy, Varanasi, Uttar Pradesh 221005, India","delivery_address":"BHU - Lanka Rd, Saket Nagar Colony, Lanka, Varanasi, Uttar Pradesh 221005, India","scheduled_date":"2025-04-24","scheduled_time":"13:14","package_dimensions":"20x20x30","package_weight":"1","package_description":"Electronics","pickup_coords":{"lat":25.2828566,"lng":83.0001793},"dropoff_coords":{"lat":25.2798345,"lng":83.0027315},"selected_drone":"drone1","total_amount":100,"payment_method":"card","pickup_lat":25.2828566,"pickup_lng":83.0001793,"delivery_lat":25.2798345,"delivery_lng":83.0027315}
[2025-04-24 16:54:21] Executing query with params: Array
(
    [:user_id] => 8
    [:order_id] => DR-680A509D2169A
    [:pickup_address] => Saket Nagar Colony, Sankata Mochan Leprosy, Varanasi, Uttar Pradesh 221005, India
    [:delivery_address] => BHU - Lanka Rd, Saket Nagar Colony, Lanka, Varanasi, Uttar Pradesh 221005, India
    [:pickup_lat] => 25.2828566
    [:pickup_lng] => 83.0001793
    [:delivery_lat] => 25.2798345
    [:delivery_lng] => 83.0027315
    [:scheduled_date] => 2025-04-24
    [:scheduled_time] => 13:14
    [:package_weight] => 1
    [:package_dimensions] => 20x20x30
    [:total_amount] => 100
    [:order_status] => pending
    [:payment_status] => pending
)

[2025-04-24 19:31:44] Session data: Array
(
    [user_id] => 8
    [email] => shashanksaket9@gmail.com
    [first_name] => Shashank
    [last_name] => Anjali
)

[2025-04-24 19:31:44] Cookie data: Array
(
    [PHPSESSID] => ct7ufij5ggrmv8vgajbmhehst2
)

[2025-04-24 19:31:44] Received JSON data: {"pickup_address":"Railway Rd, Prem Nagar, Phagwara, Punjab 144401, India","delivery_address":"Jalandhar Cantt, Jalandhar, Punjab, India","scheduled_date":"2025-04-24","scheduled_time":"02:05","package_dimensions":"20x20x30","package_weight":"2","package_description":"Electronics","pickup_coords":{"lat":31.2171949,"lng":75.76549779999999},"dropoff_coords":{"lat":31.2884966,"lng":75.6203283},"selected_drone":"drone1","total_amount":100,"pickup_lat":31.2171949,"pickup_lng":75.76549779999999,"dropoff_lat":31.2884966,"dropoff_lng":75.6203283,"payment_method":"card","delivery_lat":31.2884966,"delivery_lng":75.6203283}
[2025-04-24 19:31:44] Executing query with params: Array
(
    [:user_id] => 8
    [:order_id] => DR-680A7580BAE52
    [:pickup_address] => Railway Rd, Prem Nagar, Phagwara, Punjab 144401, India
    [:delivery_address] => Jalandhar Cantt, Jalandhar, Punjab, India
    [:pickup_lat] => 31.2171949
    [:pickup_lng] => 75.7654978
    [:delivery_lat] => 31.2884966
    [:delivery_lng] => 75.6203283
    [:scheduled_date] => 2025-04-24
    [:scheduled_time] => 02:05
    [:package_weight] => 2
    [:package_dimensions] => 20x20x30
    [:total_amount] => 100
    [:order_status] => pending
    [:payment_status] => pending
)

[2025-04-24 19:31:44] Error in create_order.php: SQLSTATE[23000]: Integrity constraint violation: 1452 Cannot add or update a child row: a foreign key constraint fails (`ayndrome`.`track_parcels`, CONSTRAINT `track_parcels_ibfk_1` FOREIGN KEY (`order_id`) REFERENCES `users_orders` (`order_id`) ON DELETE CASCADE)
[2025-04-24 19:31:44] Stack trace: #0 C:\xampp\htdocs\ayndrome-api\api\create_order.php(222): PDOStatement->execute(Array)
#1 {main}
[2025-04-24 19:31:44] Error: SQLSTATE[23000]: Integrity constraint violation: 1452 Cannot add or update a child row: a foreign key constraint fails (`ayndrome`.`track_parcels`, CONSTRAINT `track_parcels_ibfk_1` FOREIGN KEY (`order_id`) REFERENCES `users_orders` (`order_id`) ON DELETE CASCADE)
[2025-04-24 19:33:27] Session data: Array
(
    [user_id] => 8
    [email] => shashanksaket9@gmail.com
    [first_name] => Shashank
    [last_name] => Anjali
)

[2025-04-24 19:33:27] Cookie data: Array
(
    [PHPSESSID] => ct7ufij5ggrmv8vgajbmhehst2
)

[2025-04-24 19:33:27] Received JSON data: {"pickup_address":"Railway Rd, Prem Nagar, Phagwara, Punjab 144401, India","delivery_address":"Jalandhar Cantt, Jalandhar, Punjab, India","scheduled_date":"2025-04-24","scheduled_time":"02:05","package_dimensions":"20x20x30","package_weight":"2","package_description":"Electronics","pickup_coords":{"lat":31.2171949,"lng":75.76549779999999},"dropoff_coords":{"lat":31.2884966,"lng":75.6203283},"selected_drone":"drone1","total_amount":100,"pickup_lat":31.2171949,"pickup_lng":75.76549779999999,"dropoff_lat":31.2884966,"dropoff_lng":75.6203283,"payment_method":"card","delivery_lat":31.2884966,"delivery_lng":75.6203283}
[2025-04-24 19:33:27] Executing query with params: Array
(
    [:user_id] => 8
    [:order_id] => DR-680A75E78DDBB
    [:pickup_address] => Railway Rd, Prem Nagar, Phagwara, Punjab 144401, India
    [:delivery_address] => Jalandhar Cantt, Jalandhar, Punjab, India
    [:pickup_lat] => 31.2171949
    [:pickup_lng] => 75.7654978
    [:delivery_lat] => 31.2884966
    [:delivery_lng] => 75.6203283
    [:scheduled_date] => 2025-04-24
    [:scheduled_time] => 02:05
    [:package_weight] => 2
    [:package_dimensions] => 20x20x30
    [:total_amount] => 100
    [:order_status] => pending
    [:payment_status] => pending
)

[2025-04-24 19:33:27] Error in create_order.php: SQLSTATE[23000]: Integrity constraint violation: 1452 Cannot add or update a child row: a foreign key constraint fails (`ayndrome`.`track_parcels`, CONSTRAINT `track_parcels_ibfk_1` FOREIGN KEY (`order_id`) REFERENCES `users_orders` (`order_id`) ON DELETE CASCADE)
[2025-04-24 19:33:27] Stack trace: #0 C:\xampp\htdocs\ayndrome-api\api\create_order.php(222): PDOStatement->execute(Array)
#1 {main}
[2025-04-24 19:33:27] Error: SQLSTATE[23000]: Integrity constraint violation: 1452 Cannot add or update a child row: a foreign key constraint fails (`ayndrome`.`track_parcels`, CONSTRAINT `track_parcels_ibfk_1` FOREIGN KEY (`order_id`) REFERENCES `users_orders` (`order_id`) ON DELETE CASCADE)
[2025-04-24 19:33:34] Session data: Array
(
    [user_id] => 8
    [email] => shashanksaket9@gmail.com
    [first_name] => Shashank
    [last_name] => Anjali
)

[2025-04-24 19:33:34] Cookie data: Array
(
    [PHPSESSID] => ct7ufij5ggrmv8vgajbmhehst2
)

[2025-04-24 19:33:34] Received JSON data: {"pickup_address":"Railway Rd, Prem Nagar, Phagwara, Punjab 144401, India","delivery_address":"Jalandhar Cantt, Jalandhar, Punjab, India","scheduled_date":"2025-04-24","scheduled_time":"02:05","package_dimensions":"20x20x30","package_weight":"2","package_description":"Electronics","pickup_coords":{"lat":31.2171949,"lng":75.76549779999999},"dropoff_coords":{"lat":31.2884966,"lng":75.6203283},"selected_drone":"drone1","total_amount":100,"pickup_lat":31.2171949,"pickup_lng":75.76549779999999,"dropoff_lat":31.2884966,"dropoff_lng":75.6203283,"payment_method":"card","delivery_lat":31.2884966,"delivery_lng":75.6203283}
[2025-04-24 19:33:34] Executing query with params: Array
(
    [:user_id] => 8
    [:order_id] => DR-680A75EEB63B1
    [:pickup_address] => Railway Rd, Prem Nagar, Phagwara, Punjab 144401, India
    [:delivery_address] => Jalandhar Cantt, Jalandhar, Punjab, India
    [:pickup_lat] => 31.2171949
    [:pickup_lng] => 75.7654978
    [:delivery_lat] => 31.2884966
    [:delivery_lng] => 75.6203283
    [:scheduled_date] => 2025-04-24
    [:scheduled_time] => 02:05
    [:package_weight] => 2
    [:package_dimensions] => 20x20x30
    [:total_amount] => 100
    [:order_status] => pending
    [:payment_status] => pending
)

[2025-04-24 19:33:34] Error in create_order.php: SQLSTATE[23000]: Integrity constraint violation: 1452 Cannot add or update a child row: a foreign key constraint fails (`ayndrome`.`track_parcels`, CONSTRAINT `track_parcels_ibfk_1` FOREIGN KEY (`order_id`) REFERENCES `users_orders` (`order_id`) ON DELETE CASCADE)
[2025-04-24 19:33:34] Stack trace: #0 C:\xampp\htdocs\ayndrome-api\api\create_order.php(222): PDOStatement->execute(Array)
#1 {main}
[2025-04-24 19:33:34] Error: SQLSTATE[23000]: Integrity constraint violation: 1452 Cannot add or update a child row: a foreign key constraint fails (`ayndrome`.`track_parcels`, CONSTRAINT `track_parcels_ibfk_1` FOREIGN KEY (`order_id`) REFERENCES `users_orders` (`order_id`) ON DELETE CASCADE)
[2025-04-24 19:46:26] Session data: Array
(
    [user_id] => 8
    [email] => shashanksaket9@gmail.com
    [first_name] => Shashank
    [last_name] => Anjali
)

[2025-04-24 19:46:26] Cookie data: Array
(
    [PHPSESSID] => ct7ufij5ggrmv8vgajbmhehst2
)

[2025-04-24 19:46:26] Received JSON data: {"pickup_address":"Railway Rd, Prem Nagar, Phagwara, Punjab 144401, India","delivery_address":"Jalandhar Cantt, Jalandhar, Punjab, India","scheduled_date":"2025-04-24","scheduled_time":"02:05","package_dimensions":"20x20x30","package_weight":"2","package_description":"Electronics","pickup_coords":{"lat":31.2171949,"lng":75.76549779999999},"dropoff_coords":{"lat":31.2884966,"lng":75.6203283},"selected_drone":"drone1","total_amount":100,"pickup_lat":31.2171949,"pickup_lng":75.76549779999999,"dropoff_lat":31.2884966,"dropoff_lng":75.6203283,"payment_method":"card","delivery_lat":31.2884966,"delivery_lng":75.6203283}
[2025-04-24 19:46:26] Executing query with params: Array
(
    [:user_id] => 8
    [:order_id] => DR-680A78F267A1E
    [:pickup_address] => Railway Rd, Prem Nagar, Phagwara, Punjab 144401, India
    [:delivery_address] => Jalandhar Cantt, Jalandhar, Punjab, India
    [:pickup_lat] => 31.2171949
    [:pickup_lng] => 75.7654978
    [:delivery_lat] => 31.2884966
    [:delivery_lng] => 75.6203283
    [:scheduled_date] => 2025-04-24
    [:scheduled_time] => 02:05
    [:package_weight] => 2
    [:package_dimensions] => 20x20x30
    [:total_amount] => 100
    [:order_status] => pending
    [:payment_status] => pending
)

[2025-04-24 19:46:34] Session data: Array
(
    [user_id] => 8
    [email] => shashanksaket9@gmail.com
    [first_name] => Shashank
    [last_name] => Anjali
)

[2025-04-24 19:46:34] Cookie data: Array
(
    [PHPSESSID] => ct7ufij5ggrmv8vgajbmhehst2
)

[2025-04-24 19:46:34] Received JSON data: {"pickup_address":"Railway Rd, Prem Nagar, Phagwara, Punjab 144401, India","delivery_address":"Jalandhar Cantt, Jalandhar, Punjab, India","scheduled_date":"2025-04-24","scheduled_time":"02:05","package_dimensions":"20x20x30","package_weight":"2","package_description":"Electronics","pickup_coords":{"lat":31.2171949,"lng":75.76549779999999},"dropoff_coords":{"lat":31.2884966,"lng":75.6203283},"selected_drone":"drone1","total_amount":100,"pickup_lat":31.2171949,"pickup_lng":75.76549779999999,"dropoff_lat":31.2884966,"dropoff_lng":75.6203283,"payment_method":"card","delivery_lat":31.2884966,"delivery_lng":75.6203283}
[2025-04-24 19:46:34] Executing query with params: Array
(
    [:user_id] => 8
    [:order_id] => DR-680A78FA79D78
    [:pickup_address] => Railway Rd, Prem Nagar, Phagwara, Punjab 144401, India
    [:delivery_address] => Jalandhar Cantt, Jalandhar, Punjab, India
    [:pickup_lat] => 31.2171949
    [:pickup_lng] => 75.7654978
    [:delivery_lat] => 31.2884966
    [:delivery_lng] => 75.6203283
    [:scheduled_date] => 2025-04-24
    [:scheduled_time] => 02:05
    [:package_weight] => 2
    [:package_dimensions] => 20x20x30
    [:total_amount] => 100
    [:order_status] => pending
    [:payment_status] => pending
)

[2025-04-24 19:46:51] Session data: Array
(
    [user_id] => 8
    [email] => shashanksaket9@gmail.com
    [first_name] => Shashank
    [last_name] => Anjali
)

[2025-04-24 19:46:51] Cookie data: Array
(
    [PHPSESSID] => ct7ufij5ggrmv8vgajbmhehst2
)

[2025-04-24 19:46:51] Received JSON data: {"pickup_address":"Railway Rd, Prem Nagar, Phagwara, Punjab 144401, India","delivery_address":"Jalandhar Cantt, Jalandhar, Punjab, India","scheduled_date":"2025-04-24","scheduled_time":"02:05","package_dimensions":"20x20x30","package_weight":"2","package_description":"Electronics","pickup_coords":{"lat":31.2171949,"lng":75.76549779999999},"dropoff_coords":{"lat":31.2884966,"lng":75.6203283},"selected_drone":"drone1","total_amount":100,"pickup_lat":31.2171949,"pickup_lng":75.76549779999999,"dropoff_lat":31.2884966,"dropoff_lng":75.6203283,"payment_method":"card","delivery_lat":31.2884966,"delivery_lng":75.6203283}
[2025-04-24 19:46:51] Executing query with params: Array
(
    [:user_id] => 8
    [:order_id] => DR-680A790BD36E8
    [:pickup_address] => Railway Rd, Prem Nagar, Phagwara, Punjab 144401, India
    [:delivery_address] => Jalandhar Cantt, Jalandhar, Punjab, India
    [:pickup_lat] => 31.2171949
    [:pickup_lng] => 75.7654978
    [:delivery_lat] => 31.2884966
    [:delivery_lng] => 75.6203283
    [:scheduled_date] => 2025-04-24
    [:scheduled_time] => 02:05
    [:package_weight] => 2
    [:package_dimensions] => 20x20x30
    [:total_amount] => 100
    [:order_status] => pending
    [:payment_status] => pending
)

[2025-04-24 19:52:15] Session data: Array
(
    [user_id] => 8
    [email] => shashanksaket9@gmail.com
    [first_name] => Shashank
    [last_name] => Anjali
)

[2025-04-24 19:52:15] Cookie data: Array
(
    [PHPSESSID] => ct7ufij5ggrmv8vgajbmhehst2
)

[2025-04-24 19:52:15] Received JSON data: {"pickup_address":"Saket Nagar Colony, Lanka, Varanasi, Uttar Pradesh, India","delivery_address":"BHU - Lanka Rd, Saket Nagar Colony, Lanka, Varanasi, Uttar Pradesh 221005, India","scheduled_date":"2025-04-24","scheduled_time":"16:26","package_dimensions":"30x50","package_weight":"1","package_description":"Electronics","pickup_coords":{"lat":25.2814092,"lng":82.99786259999999},"dropoff_coords":{"lat":25.2798345,"lng":83.0027315},"selected_drone":"drone2","total_amount":100,"pickup_lat":25.2814092,"pickup_lng":82.99786259999999,"dropoff_lat":25.2798345,"dropoff_lng":83.0027315,"payment_method":"card","delivery_lat":25.2798345,"delivery_lng":83.0027315}
[2025-04-24 19:52:15] Executing query with params: Array
(
    [:user_id] => 8
    [:order_id] => DR-680A7A4F4FCBE
    [:pickup_address] => Saket Nagar Colony, Lanka, Varanasi, Uttar Pradesh, India
    [:delivery_address] => BHU - Lanka Rd, Saket Nagar Colony, Lanka, Varanasi, Uttar Pradesh 221005, India
    [:pickup_lat] => 25.2814092
    [:pickup_lng] => 82.9978626
    [:delivery_lat] => 25.2798345
    [:delivery_lng] => 83.0027315
    [:scheduled_date] => 2025-04-24
    [:scheduled_time] => 16:26
    [:package_weight] => 1
    [:package_dimensions] => 30x50
    [:total_amount] => 100
    [:order_status] => pending
    [:payment_status] => pending
)

[2025-04-24 19:52:15] Error in create_order.php: SQLSTATE[23000]: Integrity constraint violation: 1452 Cannot add or update a child row: a foreign key constraint fails (`ayndrome`.`track_parcels`, CONSTRAINT `track_parcels_ibfk_1` FOREIGN KEY (`order_id`) REFERENCES `users_orders` (`order_id`) ON DELETE CASCADE)
[2025-04-24 19:52:15] Stack trace: #0 C:\xampp\htdocs\ayndrome-api\api\create_order.php(222): PDOStatement->execute(Array)
#1 {main}
[2025-04-24 19:52:15] Error: SQLSTATE[23000]: Integrity constraint violation: 1452 Cannot add or update a child row: a foreign key constraint fails (`ayndrome`.`track_parcels`, CONSTRAINT `track_parcels_ibfk_1` FOREIGN KEY (`order_id`) REFERENCES `users_orders` (`order_id`) ON DELETE CASCADE)
[2025-04-24 20:22:01] Session data: Array
(
    [user_id] => 8
    [email] => shashanksaket9@gmail.com
    [first_name] => Shashank
    [last_name] => Anjali
)

[2025-04-24 20:22:01] Cookie data: Array
(
    [PHPSESSID] => ct7ufij5ggrmv8vgajbmhehst2
)

[2025-04-24 20:22:01] Received JSON data: {"pickup_address":"Saket Nagar Colony, Sankata Mochan Leprosy, Varanasi, Uttar Pradesh 221005, India","delivery_address":"BHU - Lanka Rd, Saket Nagar Colony, Lanka, Varanasi, Uttar Pradesh 221005, India","scheduled_date":"2025-04-24","scheduled_time":"16:57","package_dimensions":"30","package_weight":"2","package_description":"Electronics","pickup_coords":{"lat":25.2828566,"lng":83.0001793},"dropoff_coords":{"lat":25.2798345,"lng":83.0027315},"selected_drone":"drone1","total_amount":100,"pickup_lat":25.2828566,"pickup_lng":83.0001793,"dropoff_lat":25.2798345,"dropoff_lng":83.0027315,"payment_method":"card","delivery_lat":25.2798345,"delivery_lng":83.0027315}
[2025-04-24 20:22:01] Executing query with params: Array
(
    [:user_id] => 8
    [:order_id] => DR-680A81497F391
    [:pickup_address] => Saket Nagar Colony, Sankata Mochan Leprosy, Varanasi, Uttar Pradesh 221005, India
    [:delivery_address] => BHU - Lanka Rd, Saket Nagar Colony, Lanka, Varanasi, Uttar Pradesh 221005, India
    [:pickup_lat] => 25.2828566
    [:pickup_lng] => 83.0001793
    [:delivery_lat] => 25.2798345
    [:delivery_lng] => 83.0027315
    [:scheduled_date] => 2025-04-24
    [:scheduled_time] => 16:57
    [:package_weight] => 2
    [:package_dimensions] => 30
    [:total_amount] => 100
    [:order_status] => pending
    [:payment_status] => pending
)

[2025-04-24 20:58:14] Session data: Array
(
    [user_id] => 8
    [email] => shashanksaket9@gmail.com
    [first_name] => Shashank
    [last_name] => Anjali
)

[2025-04-24 20:58:14] Cookie data: Array
(
    [PHPSESSID] => ct7ufij5ggrmv8vgajbmhehst2
)

[2025-04-24 20:58:14] Received JSON data: {"pickup_address":"Saket Nagar Colony, Sankata Mochan Leprosy, Varanasi, Uttar Pradesh 221005, India","delivery_address":"BHU - Lanka Rd, Saket Nagar Colony, Lanka, Varanasi, Uttar Pradesh 221005, India","scheduled_date":"2025-04-25","scheduled_time":"06:33","package_dimensions":"30x50","package_weight":"1","package_description":"Books","pickup_coords":{"lat":25.2828566,"lng":83.0001793},"dropoff_coords":{"lat":25.2798345,"lng":83.0027315},"selected_drone":"drone2","total_amount":100,"pickup_lat":25.2828566,"pickup_lng":83.0001793,"dropoff_lat":25.2798345,"dropoff_lng":83.0027315,"payment_method":"card","delivery_lat":25.2798345,"delivery_lng":83.0027315}
[2025-04-24 20:58:14] Executing query with params: Array
(
    [:user_id] => 8
    [:order_id] => DR-680A89C62BABF
    [:pickup_address] => Saket Nagar Colony, Sankata Mochan Leprosy, Varanasi, Uttar Pradesh 221005, India
    [:delivery_address] => BHU - Lanka Rd, Saket Nagar Colony, Lanka, Varanasi, Uttar Pradesh 221005, India
    [:pickup_lat] => 25.2828566
    [:pickup_lng] => 83.0001793
    [:delivery_lat] => 25.2798345
    [:delivery_lng] => 83.0027315
    [:scheduled_date] => 2025-04-25
    [:scheduled_time] => 06:33
    [:package_weight] => 1
    [:package_dimensions] => 30x50
    [:total_amount] => 100
    [:order_status] => pending
    [:payment_status] => pending
)

[2025-04-24 23:07:26] Session data: Array
(
    [user_id] => 8
    [email] => shashanksaket9@gmail.com
    [first_name] => Shashank
    [last_name] => Anjali
)

[2025-04-24 23:07:26] Cookie data: Array
(
    [PHPSESSID] => ct7ufij5ggrmv8vgajbmhehst2
)

[2025-04-24 23:07:26] Received JSON data: {"pickup_address":"Saket Nagar Colony, Lanka, Varanasi, Uttar Pradesh, India","delivery_address":"BHU - Lanka Rd, Saket Nagar Colony, Lanka, Varanasi, Uttar Pradesh 221005, India","scheduled_date":"2025-04-25","scheduled_time":"09:42","package_dimensions":"20","package_weight":"1","package_description":"Electronics","pickup_coords":{"lat":25.2814092,"lng":82.99786259999999},"dropoff_coords":{"lat":25.2798345,"lng":83.0027315},"selected_drone":"drone1","total_amount":100,"pickup_lat":25.2814092,"pickup_lng":82.99786259999999,"dropoff_lat":25.2798345,"dropoff_lng":83.0027315,"payment_method":"card","delivery_lat":25.2798345,"delivery_lng":83.0027315}
[2025-04-24 23:07:26] Executing query with params: Array
(
    [:user_id] => 8
    [:order_id] => DR-680AA80EEAB69
    [:pickup_address] => Saket Nagar Colony, Lanka, Varanasi, Uttar Pradesh, India
    [:delivery_address] => BHU - Lanka Rd, Saket Nagar Colony, Lanka, Varanasi, Uttar Pradesh 221005, India
    [:pickup_lat] => 25.2814092
    [:pickup_lng] => 82.9978626
    [:delivery_lat] => 25.2798345
    [:delivery_lng] => 83.0027315
    [:scheduled_date] => 2025-04-25
    [:scheduled_time] => 09:42
    [:package_weight] => 1
    [:package_dimensions] => 20
    [:total_amount] => 100
    [:order_status] => pending
    [:payment_status] => pending
)

[2025-04-24 23:07:32] Session data: Array
(
    [user_id] => 8
    [email] => shashanksaket9@gmail.com
    [first_name] => Shashank
    [last_name] => Anjali
)

[2025-04-24 23:07:32] Cookie data: Array
(
    [PHPSESSID] => ct7ufij5ggrmv8vgajbmhehst2
)

[2025-04-24 23:07:32] Received JSON data: {"pickup_address":"Saket Nagar Colony, Lanka, Varanasi, Uttar Pradesh, India","delivery_address":"BHU - Lanka Rd, Saket Nagar Colony, Lanka, Varanasi, Uttar Pradesh 221005, India","scheduled_date":"2025-04-25","scheduled_time":"09:42","package_dimensions":"20","package_weight":"1","package_description":"Electronics","pickup_coords":{"lat":25.2814092,"lng":82.99786259999999},"dropoff_coords":{"lat":25.2798345,"lng":83.0027315},"selected_drone":"drone1","total_amount":100,"pickup_lat":25.2814092,"pickup_lng":82.99786259999999,"dropoff_lat":25.2798345,"dropoff_lng":83.0027315,"payment_method":"card","delivery_lat":25.2798345,"delivery_lng":83.0027315}
[2025-04-24 23:07:32] Executing query with params: Array
(
    [:user_id] => 8
    [:order_id] => DR-680AA814674FF
    [:pickup_address] => Saket Nagar Colony, Lanka, Varanasi, Uttar Pradesh, India
    [:delivery_address] => BHU - Lanka Rd, Saket Nagar Colony, Lanka, Varanasi, Uttar Pradesh 221005, India
    [:pickup_lat] => 25.2814092
    [:pickup_lng] => 82.9978626
    [:delivery_lat] => 25.2798345
    [:delivery_lng] => 83.0027315
    [:scheduled_date] => 2025-04-25
    [:scheduled_time] => 09:42
    [:package_weight] => 1
    [:package_dimensions] => 20
    [:total_amount] => 100
    [:order_status] => pending
    [:payment_status] => pending
)

[2025-04-24 23:10:14] Session data: Array
(
    [user_id] => 8
    [email] => shashanksaket9@gmail.com
    [first_name] => Shashank
    [last_name] => Anjali
)

[2025-04-24 23:10:14] Cookie data: Array
(
    [PHPSESSID] => ct7ufij5ggrmv8vgajbmhehst2
)

[2025-04-24 23:10:14] Received JSON data: {"pickup_address":"Saket Nagar Colony, Sankata Mochan Leprosy, Varanasi, Uttar Pradesh 221005, India","delivery_address":"BHU - Lanka Rd, Saket Nagar Colony, Lanka, Varanasi, Uttar Pradesh 221005, India","scheduled_date":"2025-04-25","scheduled_time":"08:45","package_dimensions":"20x20x30","package_weight":"1","package_description":"Electronics","pickup_coords":{"lat":25.2828566,"lng":83.0001793},"dropoff_coords":{"lat":25.2798345,"lng":83.0027315},"selected_drone":"drone1","total_amount":100,"pickup_lat":25.2828566,"pickup_lng":83.0001793,"dropoff_lat":25.2798345,"dropoff_lng":83.0027315,"payment_method":"card","delivery_lat":25.2798345,"delivery_lng":83.0027315}
[2025-04-24 23:10:14] Executing query with params: Array
(
    [:user_id] => 8
    [:order_id] => DR-680AA8B6B9B3D
    [:pickup_address] => Saket Nagar Colony, Sankata Mochan Leprosy, Varanasi, Uttar Pradesh 221005, India
    [:delivery_address] => BHU - Lanka Rd, Saket Nagar Colony, Lanka, Varanasi, Uttar Pradesh 221005, India
    [:pickup_lat] => 25.2828566
    [:pickup_lng] => 83.0001793
    [:delivery_lat] => 25.2798345
    [:delivery_lng] => 83.0027315
    [:scheduled_date] => 2025-04-25
    [:scheduled_time] => 08:45
    [:package_weight] => 1
    [:package_dimensions] => 20x20x30
    [:total_amount] => 100
    [:order_status] => pending
    [:payment_status] => pending
)

[2025-04-24 23:13:27] Session data: Array
(
    [user_id] => 8
    [email] => shashanksaket9@gmail.com
    [first_name] => Shashank
    [last_name] => Anjali
)

[2025-04-24 23:13:27] Cookie data: Array
(
    [PHPSESSID] => ct7ufij5ggrmv8vgajbmhehst2
)

[2025-04-24 23:13:27] Received JSON data: {"pickup_address":"Saket Nagar Colony, Sankata Mochan Leprosy, Varanasi, Uttar Pradesh 221005, India","delivery_address":"BHU - Lanka Rd, Saket Nagar Colony, Lanka, Varanasi, Uttar Pradesh 221005, India","scheduled_date":"2025-04-25","scheduled_time":"21:48","package_dimensions":"20","package_weight":"1","package_description":"Electronics","pickup_coords":{"lat":25.2828566,"lng":83.0001793},"dropoff_coords":{"lat":25.2798345,"lng":83.0027315},"selected_drone":"drone1","total_amount":100,"pickup_lat":25.2828566,"pickup_lng":83.0001793,"dropoff_lat":25.2798345,"dropoff_lng":83.0027315,"payment_method":"card","delivery_lat":25.2798345,"delivery_lng":83.0027315}
[2025-04-24 23:13:27] Executing query with params: Array
(
    [:user_id] => 8
    [:order_id] => DR-680AA977B5475
    [:pickup_address] => Saket Nagar Colony, Sankata Mochan Leprosy, Varanasi, Uttar Pradesh 221005, India
    [:delivery_address] => BHU - Lanka Rd, Saket Nagar Colony, Lanka, Varanasi, Uttar Pradesh 221005, India
    [:pickup_lat] => 25.2828566
    [:pickup_lng] => 83.0001793
    [:delivery_lat] => 25.2798345
    [:delivery_lng] => 83.0027315
    [:scheduled_date] => 2025-04-25
    [:scheduled_time] => 21:48
    [:package_weight] => 1
    [:package_dimensions] => 20
    [:total_amount] => 100
    [:order_status] => pending
    [:payment_status] => pending
)

[2025-04-25 06:43:59] Session data: Array
(
    [user_id] => 8
    [email] => shashanksaket9@gmail.com
    [first_name] => Shashank
    [last_name] => Anjali
)

[2025-04-25 06:43:59] Cookie data: Array
(
    [PHPSESSID] => ct7ufij5ggrmv8vgajbmhehst2
)

[2025-04-25 06:43:59] Received JSON data: {"pickup_address":"Saket Nagar Colony, Sankata Mochan Leprosy, Varanasi, Uttar Pradesh 221005, India","delivery_address":"BHU - Lanka Rd, Saket Nagar Colony, Lanka, Varanasi, Uttar Pradesh 221005, India","scheduled_date":"2025-04-25","scheduled_time":"13:16","package_dimensions":"30","package_weight":"1","package_description":"Electronics","pickup_coords":{"lat":25.2828566,"lng":83.0001793},"dropoff_coords":{"lat":25.2798345,"lng":83.0027315},"selected_drone":"drone1","total_amount":100,"pickup_lat":25.2828566,"pickup_lng":83.0001793,"dropoff_lat":25.2798345,"dropoff_lng":83.0027315,"payment_method":"card","delivery_lat":25.2798345,"delivery_lng":83.0027315}
[2025-04-25 06:43:59] Executing query with params: Array
(
    [:user_id] => 8
    [:order_id] => DR-680B130FB7B3A
    [:pickup_address] => Saket Nagar Colony, Sankata Mochan Leprosy, Varanasi, Uttar Pradesh 221005, India
    [:delivery_address] => BHU - Lanka Rd, Saket Nagar Colony, Lanka, Varanasi, Uttar Pradesh 221005, India
    [:pickup_lat] => 25.2828566
    [:pickup_lng] => 83.0001793
    [:delivery_lat] => 25.2798345
    [:delivery_lng] => 83.0027315
    [:scheduled_date] => 2025-04-25
    [:scheduled_time] => 13:16
    [:package_weight] => 1
    [:package_dimensions] => 30
    [:total_amount] => 100
    [:order_status] => pending
    [:payment_status] => pending
)

[2025-04-25 07:05:41] Session data: Array
(
    [user_id] => 8
    [email] => shashanksaket9@gmail.com
    [first_name] => Shashank
    [last_name] => Anjali
)

[2025-04-25 07:05:41] Cookie data: Array
(
    [PHPSESSID] => ct7ufij5ggrmv8vgajbmhehst2
)

[2025-04-25 07:05:41] Received JSON data: {"pickup_address":"Saket Nagar Colony, Sankata Mochan Leprosy, Varanasi, Uttar Pradesh 221005, India","delivery_address":"BHU - Lanka Rd, Saket Nagar Colony, Lanka, Varanasi, Uttar Pradesh 221005, India","scheduled_date":"2025-04-25","scheduled_time":"02:38","package_dimensions":"30x50","package_weight":"1","package_description":"Electronics","pickup_coords":{"lat":25.2828566,"lng":83.0001793},"dropoff_coords":{"lat":25.2798345,"lng":83.0027315},"selected_drone":"drone1","total_amount":100,"pickup_lat":25.2828566,"pickup_lng":83.0001793,"dropoff_lat":25.2798345,"dropoff_lng":83.0027315,"payment_method":"card","delivery_lat":25.2798345,"delivery_lng":83.0027315}
[2025-04-25 07:05:41] Executing query with params: Array
(
    [:user_id] => 8
    [:order_id] => DR-680B1825091FA
    [:pickup_address] => Saket Nagar Colony, Sankata Mochan Leprosy, Varanasi, Uttar Pradesh 221005, India
    [:delivery_address] => BHU - Lanka Rd, Saket Nagar Colony, Lanka, Varanasi, Uttar Pradesh 221005, India
    [:pickup_lat] => 25.2828566
    [:pickup_lng] => 83.0001793
    [:delivery_lat] => 25.2798345
    [:delivery_lng] => 83.0027315
    [:scheduled_date] => 2025-04-25
    [:scheduled_time] => 02:38
    [:package_weight] => 1
    [:package_dimensions] => 30x50
    [:total_amount] => 100
    [:order_status] => pending
    [:payment_status] => pending
)

[2025-04-25 14:29:10] Session data: Array
(
    [user_id] => 8
    [email] => shashanksaket9@gmail.com
    [first_name] => Shashank
    [last_name] => Anjali
)

[2025-04-25 14:29:10] Cookie data: Array
(
    [PHPSESSID] => ct7ufij5ggrmv8vgajbmhehst2
)

[2025-04-25 14:29:10] Received JSON data: {"pickup_address":"Saket Nagar Colony, Sankata Mochan Leprosy, Varanasi, Uttar Pradesh 221005, India","delivery_address":"BHU - Lanka Rd, Saket Nagar Colony, Lanka, Varanasi, Uttar Pradesh 221005, India","scheduled_date":"","scheduled_time":"","package_dimensions":"20x20x30","package_weight":"1","package_description":"Electronics","pickup_coords":{"lat":25.2828566,"lng":83.0001793},"dropoff_coords":{"lat":25.2798345,"lng":83.0027315},"selected_drone":"drone1","total_amount":100,"pickup_lat":25.2828566,"pickup_lng":83.0001793,"dropoff_lat":25.2798345,"dropoff_lng":83.0027315,"payment_method":"card","delivery_lat":25.2798345,"delivery_lng":83.0027315}
[2025-04-25 14:29:10] Error: Missing required field: scheduled_date
[2025-04-25 14:37:12] Session data: Array
(
    [user_id] => 8
    [email] => shashanksaket9@gmail.com
    [first_name] => Shashank
    [last_name] => Anjali
)

[2025-04-25 14:37:12] Cookie data: Array
(
    [PHPSESSID] => ct7ufij5ggrmv8vgajbmhehst2
)

[2025-04-25 14:37:12] Received JSON data: {"pickup_address":"Saket Nagar Colony, Sankata Mochan Leprosy, Varanasi, Uttar Pradesh 221005, India","delivery_address":"BHU - Lanka Rd, Saket Nagar Colony, Lanka, Varanasi, Uttar Pradesh 221005, India","scheduled_date":"","scheduled_time":"","package_dimensions":"20x20x30","package_weight":"1","package_description":"Electronics","pickup_coords":{"lat":25.2828566,"lng":83.0001793},"dropoff_coords":{"lat":25.2798345,"lng":83.0027315},"selected_drone":"drone1","total_amount":100,"pickup_lat":25.2828566,"pickup_lng":83.0001793,"dropoff_lat":25.2798345,"dropoff_lng":83.0027315,"payment_method":"card","delivery_lat":25.2798345,"delivery_lng":83.0027315}
[2025-04-25 14:37:12] Error: Missing required field: scheduled_date
[2025-04-25 14:38:27] Session data: Array
(
    [user_id] => 8
    [email] => shashanksaket9@gmail.com
    [first_name] => Shashank
    [last_name] => Anjali
)

[2025-04-25 14:38:27] Cookie data: Array
(
    [PHPSESSID] => ct7ufij5ggrmv8vgajbmhehst2
)

[2025-04-25 14:38:27] Received JSON data: {"pickup_address":"Saket Nagar Colony, Sankata Mochan Leprosy, Varanasi, Uttar Pradesh 221005, India","delivery_address":"BHU - Lanka Rd, Saket Nagar Colony, Lanka, Varanasi, Uttar Pradesh 221005, India","scheduled_date":"2025-04-25","scheduled_time":"12:00","package_dimensions":"20x20x30","package_weight":"1","package_description":"Electronics","pickup_coords":{"lat":25.2828566,"lng":83.0001793},"dropoff_coords":{"lat":25.2798345,"lng":83.0027315},"selected_drone":"drone1","total_amount":100,"pickup_lat":25.2828566,"pickup_lng":83.0001793,"dropoff_lat":25.2798345,"dropoff_lng":83.0027315,"payment_method":"card","delivery_lat":25.2798345,"delivery_lng":83.0027315}
[2025-04-25 14:38:27] Executing query with params: Array
(
    [:user_id] => 8
    [:order_id] => DR-680B8243B112F
    [:pickup_address] => Saket Nagar Colony, Sankata Mochan Leprosy, Varanasi, Uttar Pradesh 221005, India
    [:delivery_address] => BHU - Lanka Rd, Saket Nagar Colony, Lanka, Varanasi, Uttar Pradesh 221005, India
    [:pickup_lat] => 25.2828566
    [:pickup_lng] => 83.0001793
    [:delivery_lat] => 25.2798345
    [:delivery_lng] => 83.0027315
    [:scheduled_date] => 2025-04-25
    [:scheduled_time] => 12:00
    [:package_weight] => 1
    [:package_dimensions] => 20x20x30
    [:total_amount] => 100
    [:order_status] => pending
    [:payment_status] => pending
)

[2025-04-25 14:55:09] Session data: Array
(
    [user_id] => 8
    [email] => shashanksaket9@gmail.com
    [first_name] => Shashank
    [last_name] => Anjali
)

[2025-04-25 14:55:09] Cookie data: Array
(
    [PHPSESSID] => ct7ufij5ggrmv8vgajbmhehst2
)

[2025-04-25 14:55:09] Received JSON data: {"pickup_address":"Saket Nagar Colony, Sankata Mochan Leprosy, Varanasi, Uttar Pradesh 221005, India","delivery_address":"BHU - Lanka Rd, Saket Nagar Colony, Lanka, Varanasi, Uttar Pradesh 221005, India","scheduled_date":"2025-04-25","scheduled_time":"12:30","package_dimensions":"30x50","package_weight":"2","package_description":"physics","pickup_coords":{"lat":25.2828566,"lng":83.0001793},"dropoff_coords":{"lat":25.2798345,"lng":83.0027315},"selected_drone":"drone1","total_amount":100,"pickup_lat":25.2828566,"pickup_lng":83.0001793,"dropoff_lat":25.2798345,"dropoff_lng":83.0027315,"payment_method":"card","delivery_lat":25.2798345,"delivery_lng":83.0027315}
[2025-04-25 14:55:09] Executing query with params: Array
(
    [:user_id] => 8
    [:order_id] => DR-680B862D5965E
    [:pickup_address] => Saket Nagar Colony, Sankata Mochan Leprosy, Varanasi, Uttar Pradesh 221005, India
    [:delivery_address] => BHU - Lanka Rd, Saket Nagar Colony, Lanka, Varanasi, Uttar Pradesh 221005, India
    [:pickup_lat] => 25.2828566
    [:pickup_lng] => 83.0001793
    [:delivery_lat] => 25.2798345
    [:delivery_lng] => 83.0027315
    [:scheduled_date] => 2025-04-25
    [:scheduled_time] => 12:30
    [:package_weight] => 2
    [:package_dimensions] => 30x50
    [:total_amount] => 100
    [:order_status] => pending
    [:payment_status] => pending
)

[2025-04-25 15:31:01] Session data: Array
(
    [user_id] => 8
    [email] => shashanksaket9@gmail.com
    [first_name] => Shashank
    [last_name] => Anjali
)

[2025-04-25 15:31:01] Cookie data: Array
(
    [PHPSESSID] => ct7ufij5ggrmv8vgajbmhehst2
)

[2025-04-25 15:31:01] Received JSON data: {"pickup_address":"Saket Nagar Colony, Sankata Mochan Leprosy, Varanasi, Uttar Pradesh 221005, India","delivery_address":"BHU - Lanka Rd, Saket Nagar Colony, Lanka, Varanasi, Uttar Pradesh 221005, India","scheduled_date":"2025-04-25","scheduled_time":"13:05","package_dimensions":"30x50","package_weight":"2","package_description":"Electronics","pickup_coords":{"lat":25.2828566,"lng":83.0001793},"dropoff_coords":{"lat":25.2798345,"lng":83.0027315},"selected_drone":"drone1","total_amount":100,"pickup_lat":25.2828566,"pickup_lng":83.0001793,"dropoff_lat":25.2798345,"dropoff_lng":83.0027315,"payment_method":"card","delivery_lat":25.2798345,"delivery_lng":83.0027315}
[2025-04-25 15:31:01] Executing query with params: Array
(
    [:user_id] => 8
    [:order_id] => DR-680B8E95DE008
    [:pickup_address] => Saket Nagar Colony, Sankata Mochan Leprosy, Varanasi, Uttar Pradesh 221005, India
    [:delivery_address] => BHU - Lanka Rd, Saket Nagar Colony, Lanka, Varanasi, Uttar Pradesh 221005, India
    [:pickup_lat] => 25.2828566
    [:pickup_lng] => 83.0001793
    [:delivery_lat] => 25.2798345
    [:delivery_lng] => 83.0027315
    [:scheduled_date] => 2025-04-25
    [:scheduled_time] => 13:05
    [:package_weight] => 2
    [:package_dimensions] => 30x50
    [:total_amount] => 100
    [:order_status] => pending
    [:payment_status] => pending
)

[2025-04-25 15:44:20] Session data: Array
(
    [user_id] => 8
    [email] => shashanksaket9@gmail.com
    [first_name] => Shashank
    [last_name] => Anjali
)

[2025-04-25 15:44:20] Cookie data: Array
(
    [PHPSESSID] => ct7ufij5ggrmv8vgajbmhehst2
)

[2025-04-25 15:44:20] Received JSON data: {"pickup_address":"Saket Nagar Colony, Sankata Mochan Leprosy, Varanasi, Uttar Pradesh 221005, India","delivery_address":"BHU - Lanka Rd, Saket Nagar Colony, Lanka, Varanasi, Uttar Pradesh 221005, India","scheduled_date":"2025-04-25","scheduled_time":"13:19","package_dimensions":"20x20x30","package_weight":"1","package_description":"Electronics","pickup_coords":{"lat":25.2828566,"lng":83.0001793},"dropoff_coords":{"lat":25.2798345,"lng":83.0027315},"selected_drone":"drone1","total_amount":100,"pickup_lat":25.2828566,"pickup_lng":83.0001793,"dropoff_lat":25.2798345,"dropoff_lng":83.0027315,"payment_method":"card","delivery_lat":25.2798345,"delivery_lng":83.0027315}
[2025-04-25 15:44:20] Executing query with params: Array
(
    [:user_id] => 8
    [:order_id] => DR-680B91B45207C
    [:pickup_address] => Saket Nagar Colony, Sankata Mochan Leprosy, Varanasi, Uttar Pradesh 221005, India
    [:delivery_address] => BHU - Lanka Rd, Saket Nagar Colony, Lanka, Varanasi, Uttar Pradesh 221005, India
    [:pickup_lat] => 25.2828566
    [:pickup_lng] => 83.0001793
    [:delivery_lat] => 25.2798345
    [:delivery_lng] => 83.0027315
    [:scheduled_date] => 2025-04-25
    [:scheduled_time] => 13:19
    [:package_weight] => 1
    [:package_dimensions] => 20x20x30
    [:total_amount] => 100
    [:order_status] => pending
    [:payment_status] => pending
)

[2025-04-25 16:02:29] Session data: Array
(
    [user_id] => 8
    [email] => shashanksaket9@gmail.com
    [first_name] => Shashank
    [last_name] => Anjali
)

[2025-04-25 16:02:29] Cookie data: Array
(
    [PHPSESSID] => ct7ufij5ggrmv8vgajbmhehst2
)

[2025-04-25 16:02:29] Received JSON data: {"pickup_address":"Saket Nagar Colony, Sankata Mochan Leprosy, Varanasi, Uttar Pradesh 221005, India","delivery_address":"BHU - Lanka Rd, Saket Nagar Colony, Lanka, Varanasi, Uttar Pradesh 221005, India","scheduled_date":"2025-04-25","scheduled_time":"13:38","package_dimensions":"20x20x30","package_weight":"2","package_description":"Electronics","pickup_coords":{"lat":25.2828566,"lng":83.0001793},"dropoff_coords":{"lat":25.2798345,"lng":83.0027315},"selected_drone":"drone1","total_amount":100,"pickup_lat":25.2828566,"pickup_lng":83.0001793,"dropoff_lat":25.2798345,"dropoff_lng":83.0027315,"payment_method":"card","delivery_lat":25.2798345,"delivery_lng":83.0027315}
[2025-04-25 16:02:29] Executing query with params: Array
(
    [:user_id] => 8
    [:order_id] => DR-680B95F5A6002
    [:pickup_address] => Saket Nagar Colony, Sankata Mochan Leprosy, Varanasi, Uttar Pradesh 221005, India
    [:delivery_address] => BHU - Lanka Rd, Saket Nagar Colony, Lanka, Varanasi, Uttar Pradesh 221005, India
    [:pickup_lat] => 25.2828566
    [:pickup_lng] => 83.0001793
    [:delivery_lat] => 25.2798345
    [:delivery_lng] => 83.0027315
    [:scheduled_date] => 2025-04-25
    [:scheduled_time] => 13:38
    [:package_weight] => 2
    [:package_dimensions] => 20x20x30
    [:total_amount] => 100
    [:order_status] => pending
    [:payment_status] => pending
)

[2025-04-25 16:14:49] Session data: Array
(
    [user_id] => 8
    [email] => shashanksaket9@gmail.com
    [first_name] => Shashank
    [last_name] => Anjali
)

[2025-04-25 16:14:49] Cookie data: Array
(
    [PHPSESSID] => ct7ufij5ggrmv8vgajbmhehst2
)

[2025-04-25 16:14:49] Received JSON data: {"pickup_address":"Saket Nagar Colony, Sankata Mochan Leprosy, Varanasi, Uttar Pradesh 221005, India","delivery_address":"BHU - Lanka Rd, Saket Nagar Colony, Lanka, Varanasi, Uttar Pradesh 221005, India","scheduled_date":"2025-04-25","scheduled_time":"19:49","package_dimensions":"32","package_weight":"1","package_description":"Books","pickup_coords":{"lat":25.2828566,"lng":83.0001793},"dropoff_coords":{"lat":25.2798345,"lng":83.0027315},"selected_drone":"drone1","total_amount":100,"pickup_lat":25.2828566,"pickup_lng":83.0001793,"dropoff_lat":25.2798345,"dropoff_lng":83.0027315,"payment_method":"card","delivery_lat":25.2798345,"delivery_lng":83.0027315}
[2025-04-25 16:14:49] Executing query with params: Array
(
    [:user_id] => 8
    [:order_id] => DR-680B98D9562CB
    [:pickup_address] => Saket Nagar Colony, Sankata Mochan Leprosy, Varanasi, Uttar Pradesh 221005, India
    [:delivery_address] => BHU - Lanka Rd, Saket Nagar Colony, Lanka, Varanasi, Uttar Pradesh 221005, India
    [:pickup_lat] => 25.2828566
    [:pickup_lng] => 83.0001793
    [:delivery_lat] => 25.2798345
    [:delivery_lng] => 83.0027315
    [:scheduled_date] => 2025-04-25
    [:scheduled_time] => 19:49
    [:package_weight] => 1
    [:package_dimensions] => 32
    [:total_amount] => 100
    [:order_status] => pending
    [:payment_status] => pending
)

[2025-04-25 16:20:27] Session data: Array
(
    [user_id] => 8
    [email] => shashanksaket9@gmail.com
    [first_name] => Shashank
    [last_name] => Anjali
)

[2025-04-25 16:20:27] Cookie data: Array
(
    [PHPSESSID] => ct7ufij5ggrmv8vgajbmhehst2
)

[2025-04-25 16:20:27] Received JSON data: {"pickup_address":"Saket Nagar Colony, Sankata Mochan Leprosy, Varanasi, Uttar Pradesh 221005, India","delivery_address":"BHU - Lanka Rd, Saket Nagar Colony, Lanka, Varanasi, Uttar Pradesh 221005, India","scheduled_date":"2025-04-25","scheduled_time":"12:54","package_dimensions":"30x50","package_weight":"1","package_description":"physics","pickup_coords":{"lat":25.2828566,"lng":83.0001793},"dropoff_coords":{"lat":25.2798345,"lng":83.0027315},"selected_drone":"drone1","total_amount":100,"pickup_lat":25.2828566,"pickup_lng":83.0001793,"dropoff_lat":25.2798345,"dropoff_lng":83.0027315,"payment_method":"card","delivery_lat":25.2798345,"delivery_lng":83.0027315}
[2025-04-25 16:20:27] Executing query with params: Array
(
    [:user_id] => 8
    [:order_id] => DR-680B9A2B4EC5A
    [:pickup_address] => Saket Nagar Colony, Sankata Mochan Leprosy, Varanasi, Uttar Pradesh 221005, India
    [:delivery_address] => BHU - Lanka Rd, Saket Nagar Colony, Lanka, Varanasi, Uttar Pradesh 221005, India
    [:pickup_lat] => 25.2828566
    [:pickup_lng] => 83.0001793
    [:delivery_lat] => 25.2798345
    [:delivery_lng] => 83.0027315
    [:scheduled_date] => 2025-04-25
    [:scheduled_time] => 12:54
    [:package_weight] => 1
    [:package_dimensions] => 30x50
    [:total_amount] => 100
    [:order_status] => pending
    [:payment_status] => pending
)

[2025-04-25 16:33:21] Session data: Array
(
    [user_id] => 8
    [email] => shashanksaket9@gmail.com
    [first_name] => Shashank
    [last_name] => Anjali
)

[2025-04-25 16:33:21] Cookie data: Array
(
    [PHPSESSID] => ct7ufij5ggrmv8vgajbmhehst2
)

[2025-04-25 16:33:21] Received JSON data: {"pickup_address":"Saket Nagar Colony, Sankata Mochan Leprosy, Varanasi, Uttar Pradesh 221005, India","delivery_address":"BHU - Lanka Rd, Saket Nagar Colony, Lanka, Varanasi, Uttar Pradesh 221005, India","scheduled_date":"2025-04-25","scheduled_time":"12:07","package_dimensions":"20x20x30","package_weight":"2","package_description":"Electronics","pickup_coords":{"lat":25.2828566,"lng":83.0001793},"dropoff_coords":{"lat":25.2798345,"lng":83.0027315},"selected_drone":"drone1","total_amount":100,"pickup_lat":25.2828566,"pickup_lng":83.0001793,"dropoff_lat":25.2798345,"dropoff_lng":83.0027315,"payment_method":"card","delivery_lat":25.2798345,"delivery_lng":83.0027315}
[2025-04-25 16:33:21] Executing query with params: Array
(
    [:user_id] => 8
    [:order_id] => DR-680B9D31191BA
    [:pickup_address] => Saket Nagar Colony, Sankata Mochan Leprosy, Varanasi, Uttar Pradesh 221005, India
    [:delivery_address] => BHU - Lanka Rd, Saket Nagar Colony, Lanka, Varanasi, Uttar Pradesh 221005, India
    [:pickup_lat] => 25.2828566
    [:pickup_lng] => 83.0001793
    [:delivery_lat] => 25.2798345
    [:delivery_lng] => 83.0027315
    [:scheduled_date] => 2025-04-25
    [:scheduled_time] => 12:07
    [:package_weight] => 2
    [:package_dimensions] => 20x20x30
    [:total_amount] => 100
    [:order_status] => pending
    [:payment_status] => pending
)

[2025-04-25 16:54:55] Session data: Array
(
    [user_id] => 8
    [email] => shashanksaket9@gmail.com
    [first_name] => Shashank
    [last_name] => Anjali
)

[2025-04-25 16:54:55] Cookie data: Array
(
    [PHPSESSID] => ct7ufij5ggrmv8vgajbmhehst2
)

[2025-04-25 16:54:55] Received JSON data: {"pickup_address":"Saket Nagar Colony, Sankata Mochan Leprosy, Varanasi, Uttar Pradesh 221005, India","delivery_address":"BHU - Lanka Rd, Saket Nagar Colony, Lanka, Varanasi, Uttar Pradesh 221005, India","scheduled_date":"2025-04-25","scheduled_time":"14:30","package_dimensions":"30x50","package_weight":"1","package_description":"Electronics","pickup_coords":{"lat":25.2828566,"lng":83.0001793},"dropoff_coords":{"lat":25.2798345,"lng":83.0027315},"selected_drone":"drone1","total_amount":100,"pickup_lat":25.2828566,"pickup_lng":83.0001793,"dropoff_lat":25.2798345,"dropoff_lng":83.0027315,"payment_method":"card","delivery_lat":25.2798345,"delivery_lng":83.0027315}
[2025-04-25 16:54:55] Executing query with params: Array
(
    [:user_id] => 8
    [:order_id] => DR-680BA23F5E8E3
    [:pickup_address] => Saket Nagar Colony, Sankata Mochan Leprosy, Varanasi, Uttar Pradesh 221005, India
    [:delivery_address] => BHU - Lanka Rd, Saket Nagar Colony, Lanka, Varanasi, Uttar Pradesh 221005, India
    [:pickup_lat] => 25.2828566
    [:pickup_lng] => 83.0001793
    [:delivery_lat] => 25.2798345
    [:delivery_lng] => 83.0027315
    [:scheduled_date] => 2025-04-25
    [:scheduled_time] => 14:30
    [:package_weight] => 1
    [:package_dimensions] => 30x50
    [:total_amount] => 100
    [:order_status] => pending
    [:payment_status] => pending
)

[2025-04-25 17:10:44] Session data: Array
(
    [user_id] => 8
    [email] => shashanksaket9@gmail.com
    [first_name] => Shashank
    [last_name] => Anjali
)

[2025-04-25 17:10:44] Cookie data: Array
(
    [PHPSESSID] => ct7ufij5ggrmv8vgajbmhehst2
)

[2025-04-25 17:10:44] Received JSON data: {"pickup_address":"Saket Nagar Colony, Sankata Mochan Leprosy, Varanasi, Uttar Pradesh 221005, India","delivery_address":"BHU - Lanka Rd, Saket Nagar Colony, Lanka, Varanasi, Uttar Pradesh 221005, India","scheduled_date":"2025-04-25","scheduled_time":"12:44","package_dimensions":"20x20x30","package_weight":"1","package_description":"Electronics","pickup_coords":{"lat":25.2828566,"lng":83.0001793},"dropoff_coords":{"lat":25.2798345,"lng":83.0027315},"selected_drone":"drone1","total_amount":100,"pickup_lat":25.2828566,"pickup_lng":83.0001793,"dropoff_lat":25.2798345,"dropoff_lng":83.0027315,"payment_method":"card","delivery_lat":25.2798345,"delivery_lng":83.0027315}
[2025-04-25 17:10:44] Executing query with params: Array
(
    [:user_id] => 8
    [:order_id] => DR-680BA5F480E18
    [:pickup_address] => Saket Nagar Colony, Sankata Mochan Leprosy, Varanasi, Uttar Pradesh 221005, India
    [:delivery_address] => BHU - Lanka Rd, Saket Nagar Colony, Lanka, Varanasi, Uttar Pradesh 221005, India
    [:pickup_lat] => 25.2828566
    [:pickup_lng] => 83.0001793
    [:delivery_lat] => 25.2798345
    [:delivery_lng] => 83.0027315
    [:scheduled_date] => 2025-04-25
    [:scheduled_time] => 12:44
    [:package_weight] => 1
    [:package_dimensions] => 20x20x30
    [:total_amount] => 100
    [:order_status] => pending
    [:payment_status] => pending
)

[2025-04-25 19:20:09] Session data: Array
(
    [user_id] => 8
    [email] => shashanksaket9@gmail.com
    [first_name] => Shashank
    [last_name] => Anjali
)

[2025-04-25 19:20:09] Cookie data: Array
(
    [PHPSESSID] => ct7ufij5ggrmv8vgajbmhehst2
)

[2025-04-25 19:20:09] Received JSON data: {"pickup_address":"Saket Nagar Colony, Sankata Mochan Leprosy, Varanasi, Uttar Pradesh 221005, India","delivery_address":"BHU - Lanka Rd, Saket Nagar Colony, Lanka, Varanasi, Uttar Pradesh 221005, India","scheduled_date":"2025-04-25","scheduled_time":"15:55","package_dimensions":"20x20x30","package_weight":"1","package_description":"Electronics","pickup_coords":{"lat":25.2828566,"lng":83.0001793},"dropoff_coords":{"lat":25.2798345,"lng":83.0027315},"selected_drone":"drone1","total_amount":100,"pickup_lat":25.2828566,"pickup_lng":83.0001793,"dropoff_lat":25.2798345,"dropoff_lng":83.0027315,"payment_method":"card","delivery_lat":25.2798345,"delivery_lng":83.0027315}
[2025-04-25 19:20:09] Executing query with params: Array
(
    [:user_id] => 8
    [:order_id] => DR-680BC449538A9
    [:pickup_address] => Saket Nagar Colony, Sankata Mochan Leprosy, Varanasi, Uttar Pradesh 221005, India
    [:delivery_address] => BHU - Lanka Rd, Saket Nagar Colony, Lanka, Varanasi, Uttar Pradesh 221005, India
    [:pickup_lat] => 25.2828566
    [:pickup_lng] => 83.0001793
    [:delivery_lat] => 25.2798345
    [:delivery_lng] => 83.0027315
    [:scheduled_date] => 2025-04-25
    [:scheduled_time] => 15:55
    [:package_weight] => 1
    [:package_dimensions] => 20x20x30
    [:total_amount] => 100
    [:order_status] => pending
    [:payment_status] => pending
)

[2025-04-25 19:30:43] Session data: Array
(
    [user_id] => 8
    [email] => shashanksaket9@gmail.com
    [first_name] => Shashank
    [last_name] => Anjali
)

[2025-04-25 19:30:43] Cookie data: Array
(
    [PHPSESSID] => ct7ufij5ggrmv8vgajbmhehst2
)

[2025-04-25 19:30:43] Received JSON data: {"pickup_address":"Saket Nagar Colony, Sankata Mochan Leprosy, Varanasi, Uttar Pradesh 221005, India","delivery_address":"BHU - Lanka Rd, Saket Nagar Colony, Lanka, Varanasi, Uttar Pradesh 221005, India","scheduled_date":"2025-04-25","scheduled_time":"15:03","package_dimensions":"20x20x30","package_weight":"1","package_description":"Electronics","pickup_coords":{"lat":25.2828566,"lng":83.0001793},"dropoff_coords":{"lat":25.2798345,"lng":83.0027315},"selected_drone":"drone1","total_amount":100,"pickup_lat":25.2828566,"pickup_lng":83.0001793,"dropoff_lat":25.2798345,"dropoff_lng":83.0027315,"payment_method":"card","delivery_lat":25.2798345,"delivery_lng":83.0027315}
[2025-04-25 19:30:43] Executing query with params: Array
(
    [:user_id] => 8
    [:order_id] => DR-680BC6C38CB7C
    [:pickup_address] => Saket Nagar Colony, Sankata Mochan Leprosy, Varanasi, Uttar Pradesh 221005, India
    [:delivery_address] => BHU - Lanka Rd, Saket Nagar Colony, Lanka, Varanasi, Uttar Pradesh 221005, India
    [:pickup_lat] => 25.2828566
    [:pickup_lng] => 83.0001793
    [:delivery_lat] => 25.2798345
    [:delivery_lng] => 83.0027315
    [:scheduled_date] => 2025-04-25
    [:scheduled_time] => 15:03
    [:package_weight] => 1
    [:package_dimensions] => 20x20x30
    [:total_amount] => 100
    [:order_status] => pending
    [:payment_status] => pending
)

[2025-04-25 19:46:38] Session data: Array
(
    [user_id] => 8
    [email] => shashanksaket9@gmail.com
    [first_name] => Shashank
    [last_name] => Anjali
)

[2025-04-25 19:46:38] Cookie data: Array
(
    [PHPSESSID] => ct7ufij5ggrmv8vgajbmhehst2
)

[2025-04-25 19:46:38] Received JSON data: {"pickup_address":"7P64+8Q7, Punjab 144411, India","delivery_address":"7M4V+M98 Lovely Professional University, Law Gate Rd, Maheru, Phagwara, Punjab 144411, India","scheduled_date":"2025-04-25","scheduled_time":"11:19","package_dimensions":"20x20x30","package_weight":"1","package_description":"Electronics","pickup_coords":{"lat":31.2607955,"lng":75.7069368},"dropoff_coords":{"lat":31.2566621,"lng":75.6934642},"selected_drone":"drone2","total_amount":100,"pickup_lat":31.2607955,"pickup_lng":75.7069368,"dropoff_lat":31.2566621,"dropoff_lng":75.6934642,"payment_method":"card","delivery_lat":31.2566621,"delivery_lng":75.6934642}
[2025-04-25 19:46:38] Executing query with params: Array
(
    [:user_id] => 8
    [:order_id] => DR-680BCA7E1968D
    [:pickup_address] => 7P64+8Q7, Punjab 144411, India
    [:delivery_address] => 7M4V+M98 Lovely Professional University, Law Gate Rd, Maheru, Phagwara, Punjab 144411, India
    [:pickup_lat] => 31.2607955
    [:pickup_lng] => 75.7069368
    [:delivery_lat] => 31.2566621
    [:delivery_lng] => 75.6934642
    [:scheduled_date] => 2025-04-25
    [:scheduled_time] => 11:19
    [:package_weight] => 1
    [:package_dimensions] => 20x20x30
    [:total_amount] => 100
    [:order_status] => pending
    [:payment_status] => pending
)

[2025-04-25 19:50:11] Session data: Array
(
    [user_id] => 8
    [email] => shashanksaket9@gmail.com
    [first_name] => Shashank
    [last_name] => Anjali
)

[2025-04-25 19:50:11] Cookie data: Array
(
    [PHPSESSID] => ct7ufij5ggrmv8vgajbmhehst2
)

[2025-04-25 19:50:11] Received JSON data: {"pickup_address":"7P64+8Q7, Punjab 144411, India","delivery_address":"7M4V+M98 Lovely Professional University, Law Gate Rd, Maheru, Phagwara, Punjab 144411, India","scheduled_date":"2025-04-25","scheduled_time":"03:19","package_dimensions":"20x20x30","package_weight":"1","package_description":"Electronics","pickup_coords":{"lat":31.2607955,"lng":75.7069368},"dropoff_coords":{"lat":31.2566621,"lng":75.6934642},"selected_drone":"drone3","total_amount":100,"pickup_lat":31.2607955,"pickup_lng":75.7069368,"dropoff_lat":31.2566621,"dropoff_lng":75.6934642,"payment_method":"card","delivery_lat":31.2566621,"delivery_lng":75.6934642}
[2025-04-25 19:50:11] Executing query with params: Array
(
    [:user_id] => 8
    [:order_id] => DR-680BCB53B7C43
    [:pickup_address] => 7P64+8Q7, Punjab 144411, India
    [:delivery_address] => 7M4V+M98 Lovely Professional University, Law Gate Rd, Maheru, Phagwara, Punjab 144411, India
    [:pickup_lat] => 31.2607955
    [:pickup_lng] => 75.7069368
    [:delivery_lat] => 31.2566621
    [:delivery_lng] => 75.6934642
    [:scheduled_date] => 2025-04-25
    [:scheduled_time] => 03:19
    [:package_weight] => 1
    [:package_dimensions] => 20x20x30
    [:total_amount] => 100
    [:order_status] => pending
    [:payment_status] => pending
)

[2025-04-25 19:54:21] Session data: Array
(
    [user_id] => 8
    [email] => shashanksaket9@gmail.com
    [first_name] => Shashank
    [last_name] => Anjali
)

[2025-04-25 19:54:21] Cookie data: Array
(
    [PHPSESSID] => ct7ufij5ggrmv8vgajbmhehst2
)

[2025-04-25 19:54:21] Received JSON data: {"pickup_address":"7M4V+M98 Lovely Professional University, Law Gate Rd, Maheru, Phagwara, Punjab 144411, India","delivery_address":"7P54+WC8, Kapurthala, Punjab 144411, India","scheduled_date":"2025-04-25","scheduled_time":"17:29","package_dimensions":"30x50","package_weight":"1","package_description":"Books","pickup_coords":{"lat":31.2566621,"lng":75.6934642},"dropoff_coords":{"lat":31.2597979,"lng":75.706087},"selected_drone":"drone2","total_amount":100,"pickup_lat":31.2566621,"pickup_lng":75.6934642,"dropoff_lat":31.2597979,"dropoff_lng":75.706087,"payment_method":"card","delivery_lat":31.2597979,"delivery_lng":75.706087}
[2025-04-25 19:54:21] Executing query with params: Array
(
    [:user_id] => 8
    [:order_id] => DR-680BCC4D924AD
    [:pickup_address] => 7M4V+M98 Lovely Professional University, Law Gate Rd, Maheru, Phagwara, Punjab 144411, India
    [:delivery_address] => 7P54+WC8, Kapurthala, Punjab 144411, India
    [:pickup_lat] => 31.2566621
    [:pickup_lng] => 75.6934642
    [:delivery_lat] => 31.2597979
    [:delivery_lng] => 75.706087
    [:scheduled_date] => 2025-04-25
    [:scheduled_time] => 17:29
    [:package_weight] => 1
    [:package_dimensions] => 30x50
    [:total_amount] => 100
    [:order_status] => pending
    [:payment_status] => pending
)

[2025-04-25 19:59:20] Session data: Array
(
    [user_id] => 8
    [email] => shashanksaket9@gmail.com
    [first_name] => Shashank
    [last_name] => Anjali
)

[2025-04-25 19:59:20] Cookie data: Array
(
    [PHPSESSID] => ct7ufij5ggrmv8vgajbmhehst2
)

[2025-04-25 19:59:20] Received JSON data: {"pickup_address":"7M4V+M98 Lovely Professional University, Law Gate Rd, Maheru, Phagwara, Punjab 144411, India","delivery_address":"7P54+WC8, Kapurthala, Punjab 144411, India","scheduled_date":"2025-04-25","scheduled_time":"17:29","package_dimensions":"30x50","package_weight":"1","package_description":"Books","pickup_coords":{"lat":31.2566621,"lng":75.6934642},"dropoff_coords":{"lat":31.2597979,"lng":75.706087},"selected_drone":"drone2","total_amount":100,"pickup_lat":31.2566621,"pickup_lng":75.6934642,"dropoff_lat":31.2597979,"dropoff_lng":75.706087,"payment_method":"card","delivery_lat":31.2597979,"delivery_lng":75.706087}
[2025-04-25 19:59:20] Executing query with params: Array
(
    [:user_id] => 8
    [:order_id] => DR-680BCD78D5A87
    [:pickup_address] => 7M4V+M98 Lovely Professional University, Law Gate Rd, Maheru, Phagwara, Punjab 144411, India
    [:delivery_address] => 7P54+WC8, Kapurthala, Punjab 144411, India
    [:pickup_lat] => 31.2566621
    [:pickup_lng] => 75.6934642
    [:delivery_lat] => 31.2597979
    [:delivery_lng] => 75.706087
    [:scheduled_date] => 2025-04-25
    [:scheduled_time] => 17:29
    [:package_weight] => 1
    [:package_dimensions] => 30x50
    [:total_amount] => 100
    [:order_status] => pending
    [:payment_status] => pending
)

[2025-04-25 20:14:02] Session data: Array
(
    [user_id] => 8
    [email] => shashanksaket9@gmail.com
    [first_name] => Shashank
    [last_name] => Anjali
)

[2025-04-25 20:14:02] Cookie data: Array
(
    [PHPSESSID] => ct7ufij5ggrmv8vgajbmhehst2
)

[2025-04-25 20:14:02] Received JSON data: {"pickup_address":"Saket Nagar Colony, Sankata Mochan Leprosy, Varanasi, Uttar Pradesh 221005, India","delivery_address":"BHU - Lanka Rd, Saket Nagar Colony, Lanka, Varanasi, Uttar Pradesh 221005, India","scheduled_date":"2025-04-25","scheduled_time":"15:47","package_dimensions":"30x50","package_weight":"1","package_description":"Electronics","pickup_coords":{"lat":25.2828566,"lng":83.0001793},"dropoff_coords":{"lat":25.2798345,"lng":83.0027315},"selected_drone":"drone1","total_amount":100,"pickup_lat":25.2828566,"pickup_lng":83.0001793,"dropoff_lat":25.2798345,"dropoff_lng":83.0027315,"payment_method":"card","delivery_lat":25.2798345,"delivery_lng":83.0027315}
[2025-04-25 20:14:02] Executing query with params: Array
(
    [:user_id] => 8
    [:order_id] => DR-680BD0EA9E875
    [:pickup_address] => Saket Nagar Colony, Sankata Mochan Leprosy, Varanasi, Uttar Pradesh 221005, India
    [:delivery_address] => BHU - Lanka Rd, Saket Nagar Colony, Lanka, Varanasi, Uttar Pradesh 221005, India
    [:pickup_lat] => 25.2828566
    [:pickup_lng] => 83.0001793
    [:delivery_lat] => 25.2798345
    [:delivery_lng] => 83.0027315
    [:scheduled_date] => 2025-04-25
    [:scheduled_time] => 15:47
    [:package_weight] => 1
    [:package_dimensions] => 30x50
    [:total_amount] => 100
    [:order_status] => pending
    [:payment_status] => pending
)

[2025-04-25 20:14:10] Worker command: start /B "" "C:\xampp\php\php.exe C:\xampp\htdocs\ayndrome-api\api\simulate_drone_worker.php "DR-680BD0EA9E875""
[2025-04-25 20:19:06] Session data: Array
(
    [user_id] => 8
    [email] => shashanksaket9@gmail.com
    [first_name] => Shashank
    [last_name] => Anjali
)

[2025-04-25 20:19:06] Cookie data: Array
(
    [PHPSESSID] => ct7ufij5ggrmv8vgajbmhehst2
)

[2025-04-25 20:19:06] Received JSON data: {"pickup_address":"Saket Nagar Colony, Sankata Mochan Leprosy, Varanasi, Uttar Pradesh 221005, India","delivery_address":"BHU - Lanka Rd, Saket Nagar Colony, Lanka, Varanasi, Uttar Pradesh 221005, India","scheduled_date":"2025-04-25","scheduled_time":"15:48","package_dimensions":"30x50","package_weight":"1","package_description":"Electronics","pickup_coords":{"lat":25.2828566,"lng":83.0001793},"dropoff_coords":{"lat":25.2798345,"lng":83.0027315},"selected_drone":"drone3","total_amount":100,"pickup_lat":25.2828566,"pickup_lng":83.0001793,"dropoff_lat":25.2798345,"dropoff_lng":83.0027315,"payment_method":"card","delivery_lat":25.2798345,"delivery_lng":83.0027315}
[2025-04-25 20:19:06] Executing query with params: Array
(
    [:user_id] => 8
    [:order_id] => DR-680BD21AB9F3F
    [:pickup_address] => Saket Nagar Colony, Sankata Mochan Leprosy, Varanasi, Uttar Pradesh 221005, India
    [:delivery_address] => BHU - Lanka Rd, Saket Nagar Colony, Lanka, Varanasi, Uttar Pradesh 221005, India
    [:pickup_lat] => 25.2828566
    [:pickup_lng] => 83.0001793
    [:delivery_lat] => 25.2798345
    [:delivery_lng] => 83.0027315
    [:scheduled_date] => 2025-04-25
    [:scheduled_time] => 15:48
    [:package_weight] => 1
    [:package_dimensions] => 30x50
    [:total_amount] => 100
    [:order_status] => pending
    [:payment_status] => pending
)

[2025-04-25 20:19:12] Worker command: start /B "" "C:\xampp\php\php.exe" "C:\xampp\htdocs\ayndrome-api\api\simulate_drone_worker.php" "DR-680BD21AB9F3F"
[2025-04-25 20:25:09] Session data: Array
(
    [user_id] => 8
    [email] => shashanksaket9@gmail.com
    [first_name] => Shashank
    [last_name] => Anjali
)

[2025-04-25 20:25:09] Cookie data: Array
(
    [PHPSESSID] => ct7ufij5ggrmv8vgajbmhehst2
)

[2025-04-25 20:25:09] Received JSON data: {"pickup_address":"Saket Nagar Colony, Sankata Mochan Leprosy, Varanasi, Uttar Pradesh 221005, India","delivery_address":"Saket Nagar Colony, Lanka, Varanasi, Uttar Pradesh, India","scheduled_date":"2025-04-25","scheduled_time":"17:00","package_dimensions":"10","package_weight":"5","package_description":"Electronics","pickup_coords":{"lat":25.2828566,"lng":83.0001793},"dropoff_coords":{"lat":25.2814092,"lng":82.99786259999999},"selected_drone":"drone2","total_amount":100,"pickup_lat":25.2828566,"pickup_lng":83.0001793,"dropoff_lat":25.2814092,"dropoff_lng":82.99786259999999,"payment_method":"card","delivery_lat":25.2814092,"delivery_lng":82.99786259999999}
[2025-04-25 20:25:09] Executing query with params: Array
(
    [:user_id] => 8
    [:order_id] => DR-680BD385D45EF
    [:pickup_address] => Saket Nagar Colony, Sankata Mochan Leprosy, Varanasi, Uttar Pradesh 221005, India
    [:delivery_address] => Saket Nagar Colony, Lanka, Varanasi, Uttar Pradesh, India
    [:pickup_lat] => 25.2828566
    [:pickup_lng] => 83.0001793
    [:delivery_lat] => 25.2814092
    [:delivery_lng] => 82.9978626
    [:scheduled_date] => 2025-04-25
    [:scheduled_time] => 17:00
    [:package_weight] => 5
    [:package_dimensions] => 10
    [:total_amount] => 100
    [:order_status] => pending
    [:payment_status] => pending
)

[2025-04-25 20:25:16] Force worker command: start /B "" "C:\xampp\php\php.exe" "C:\xampp\htdocs\ayndrome-api\api\simulate_drone_worker.php" "DR-680BD385D45EF" > NUL 2>&1
[2025-04-25 20:31:25] Polling worker error: SQLSTATE[42S22]: Column not found: 1054 Unknown column 'last_simulated' in 'where clause'
[2025-04-25 20:31:47] Polling worker error: SQLSTATE[42S22]: Column not found: 1054 Unknown column 'last_simulated' in 'where clause'
[2025-04-25 20:32:17] Polling worker error: SQLSTATE[42S22]: Column not found: 1054 Unknown column 'last_simulated' in 'where clause'
[2025-04-25 20:32:47] Polling worker error: SQLSTATE[42S22]: Column not found: 1054 Unknown column 'last_simulated' in 'where clause'
[2025-04-25 20:32:57] Session data: Array
(
    [user_id] => 8
    [email] => shashanksaket9@gmail.com
    [first_name] => Shashank
    [last_name] => Anjali
)

[2025-04-25 20:32:57] Cookie data: Array
(
    [PHPSESSID] => ct7ufij5ggrmv8vgajbmhehst2
)

[2025-04-25 20:32:57] Received JSON data: {"pickup_address":"Saket Nagar Colony, Sankata Mochan Leprosy, Varanasi, Uttar Pradesh 221005, India","delivery_address":"BHU - Lanka Rd, Saket Nagar Colony, Lanka, Varanasi, Uttar Pradesh 221005, India","scheduled_date":"2025-04-30","scheduled_time":"04:07","package_dimensions":"10","package_weight":"11","package_description":"Electronics","pickup_coords":{"lat":25.2828566,"lng":83.0001793},"dropoff_coords":{"lat":25.2798345,"lng":83.0027315},"selected_drone":"drone3","total_amount":100,"pickup_lat":25.2828566,"pickup_lng":83.0001793,"dropoff_lat":25.2798345,"dropoff_lng":83.0027315,"payment_method":"card","delivery_lat":25.2798345,"delivery_lng":83.0027315}
[2025-04-25 20:32:57] Executing query with params: Array
(
    [:user_id] => 8
    [:order_id] => DR-680BD559EDBCE
    [:pickup_address] => Saket Nagar Colony, Sankata Mochan Leprosy, Varanasi, Uttar Pradesh 221005, India
    [:delivery_address] => BHU - Lanka Rd, Saket Nagar Colony, Lanka, Varanasi, Uttar Pradesh 221005, India
    [:pickup_lat] => 25.2828566
    [:pickup_lng] => 83.0001793
    [:delivery_lat] => 25.2798345
    [:delivery_lng] => 83.0027315
    [:scheduled_date] => 2025-04-30
    [:scheduled_time] => 04:07
    [:package_weight] => 11
    [:package_dimensions] => 10
    [:total_amount] => 100
    [:order_status] => pending
    [:payment_status] => pending
)

[2025-04-25 20:33:04] Force worker command: start /B "" "C:\xampp\php\php.exe" "C:\xampp\htdocs\ayndrome-api\api\simulate_drone_worker.php" "DR-680BD559EDBCE" > NUL 2>&1
[2025-04-25 20:33:17] Polling worker error: SQLSTATE[42S22]: Column not found: 1054 Unknown column 'last_simulated' in 'where clause'
[2025-04-25 20:33:47] Polling worker error: SQLSTATE[42S22]: Column not found: 1054 Unknown column 'last_simulated' in 'where clause'
[2025-04-25 20:34:17] Polling worker error: SQLSTATE[42S22]: Column not found: 1054 Unknown column 'last_simulated' in 'where clause'
[2025-04-25 20:34:47] Polling worker error: SQLSTATE[42S22]: Column not found: 1054 Unknown column 'last_simulated' in 'where clause'
[2025-04-25 20:35:17] Polling worker error: SQLSTATE[42S22]: Column not found: 1054 Unknown column 'last_simulated' in 'where clause'
[2025-04-25 20:35:47] Polling worker error: SQLSTATE[42S22]: Column not found: 1054 Unknown column 'last_simulated' in 'where clause'
[2025-04-25 20:36:17] Polling worker error: SQLSTATE[42S22]: Column not found: 1054 Unknown column 'last_simulated' in 'where clause'
[2025-04-25 20:36:43] Session data: Array
(
    [user_id] => 8
    [email] => shashanksaket9@gmail.com
    [first_name] => Shashank
    [last_name] => Anjali
)

[2025-04-25 20:36:43] Cookie data: Array
(
    [PHPSESSID] => ct7ufij5ggrmv8vgajbmhehst2
)

[2025-04-25 20:36:43] Received JSON data: {"pickup_address":"Saket Nagar Colony, Sankata Mochan Leprosy, Varanasi, Uttar Pradesh 221005, India","delivery_address":"BHU - Lanka Rd, Saket Nagar Colony, Lanka, Varanasi, Uttar Pradesh 221005, India","scheduled_date":"2025-04-30","scheduled_time":"04:07","package_dimensions":"10","package_weight":"11","package_description":"Electronics","pickup_coords":{"lat":25.2828566,"lng":83.0001793},"dropoff_coords":{"lat":25.2798345,"lng":83.0027315},"selected_drone":"drone3","total_amount":100,"pickup_lat":25.2828566,"pickup_lng":83.0001793,"dropoff_lat":25.2798345,"dropoff_lng":83.0027315,"payment_method":"card","delivery_lat":25.2798345,"delivery_lng":83.0027315}
[2025-04-25 20:36:43] Executing query with params: Array
(
    [:user_id] => 8
    [:order_id] => DR-680BD63BA6ED6
    [:pickup_address] => Saket Nagar Colony, Sankata Mochan Leprosy, Varanasi, Uttar Pradesh 221005, India
    [:delivery_address] => BHU - Lanka Rd, Saket Nagar Colony, Lanka, Varanasi, Uttar Pradesh 221005, India
    [:pickup_lat] => 25.2828566
    [:pickup_lng] => 83.0001793
    [:delivery_lat] => 25.2798345
    [:delivery_lng] => 83.0027315
    [:scheduled_date] => 2025-04-30
    [:scheduled_time] => 04:07
    [:package_weight] => 11
    [:package_dimensions] => 10
    [:total_amount] => 100
    [:order_status] => pending
    [:payment_status] => pending
)

[2025-04-25 20:36:47] Polling worker error: SQLSTATE[42S22]: Column not found: 1054 Unknown column 'last_simulated' in 'where clause'
[2025-04-25 20:36:49] Force worker command: start /B "" "C:\xampp\php\php.exe" "C:\xampp\htdocs\ayndrome-api\api\simulate_drone_worker.php" "DR-680BD63BA6ED6" > NUL 2>&1
[2025-04-25 20:37:17] Polling worker error: SQLSTATE[42S22]: Column not found: 1054 Unknown column 'last_simulated' in 'where clause'
[2025-04-25 20:37:47] Polling worker error: SQLSTATE[42S22]: Column not found: 1054 Unknown column 'last_simulated' in 'where clause'
[2025-04-25 20:38:17] Polling worker error: SQLSTATE[42S22]: Column not found: 1054 Unknown column 'last_simulated' in 'where clause'
[2025-04-25 20:40:30] Session data: Array
(
    [user_id] => 8
    [email] => shashanksaket9@gmail.com
    [first_name] => Shashank
    [last_name] => Anjali
)

[2025-04-25 20:40:30] Cookie data: Array
(
    [PHPSESSID] => ct7ufij5ggrmv8vgajbmhehst2
)

[2025-04-25 20:40:30] Received JSON data: {"pickup_address":"Saket Nagar Colony, Sankata Mochan Leprosy, Varanasi, Uttar Pradesh 221005, India","delivery_address":"BHU - Lanka Rd, Saket Nagar Colony, Lanka, Varanasi, Uttar Pradesh 221005, India","scheduled_date":"2025-04-30","scheduled_time":"04:07","package_dimensions":"10","package_weight":"11","package_description":"Electronics","pickup_coords":{"lat":25.2828566,"lng":83.0001793},"dropoff_coords":{"lat":25.2798345,"lng":83.0027315},"selected_drone":"drone3","total_amount":100,"pickup_lat":25.2828566,"pickup_lng":83.0001793,"dropoff_lat":25.2798345,"dropoff_lng":83.0027315,"payment_method":"card","delivery_lat":25.2798345,"delivery_lng":83.0027315}
[2025-04-25 20:40:30] Executing query with params: Array
(
    [:user_id] => 8
    [:order_id] => DR-680BD71E19D14
    [:pickup_address] => Saket Nagar Colony, Sankata Mochan Leprosy, Varanasi, Uttar Pradesh 221005, India
    [:delivery_address] => BHU - Lanka Rd, Saket Nagar Colony, Lanka, Varanasi, Uttar Pradesh 221005, India
    [:pickup_lat] => 25.2828566
    [:pickup_lng] => 83.0001793
    [:delivery_lat] => 25.2798345
    [:delivery_lng] => 83.0027315
    [:scheduled_date] => 2025-04-30
    [:scheduled_time] => 04:07
    [:package_weight] => 11
    [:package_dimensions] => 10
    [:total_amount] => 100
    [:order_status] => pending
    [:payment_status] => pending
)

[2025-04-25 20:40:35] Session data: Array
(
    [user_id] => 8
    [email] => shashanksaket9@gmail.com
    [first_name] => Shashank
    [last_name] => Anjali
)

[2025-04-25 20:40:35] Cookie data: Array
(
    [PHPSESSID] => ct7ufij5ggrmv8vgajbmhehst2
)

[2025-04-25 20:40:35] Received JSON data: {"pickup_address":"Saket Nagar Colony, Sankata Mochan Leprosy, Varanasi, Uttar Pradesh 221005, India","delivery_address":"BHU - Lanka Rd, Saket Nagar Colony, Lanka, Varanasi, Uttar Pradesh 221005, India","scheduled_date":"2025-04-30","scheduled_time":"04:07","package_dimensions":"10","package_weight":"11","package_description":"Electronics","pickup_coords":{"lat":25.2828566,"lng":83.0001793},"dropoff_coords":{"lat":25.2798345,"lng":83.0027315},"selected_drone":"drone3","total_amount":100,"pickup_lat":25.2828566,"pickup_lng":83.0001793,"dropoff_lat":25.2798345,"dropoff_lng":83.0027315,"payment_method":"card","delivery_lat":25.2798345,"delivery_lng":83.0027315}
[2025-04-25 20:40:35] Executing query with params: Array
(
    [:user_id] => 8
    [:order_id] => DR-680BD723D7365
    [:pickup_address] => Saket Nagar Colony, Sankata Mochan Leprosy, Varanasi, Uttar Pradesh 221005, India
    [:delivery_address] => BHU - Lanka Rd, Saket Nagar Colony, Lanka, Varanasi, Uttar Pradesh 221005, India
    [:pickup_lat] => 25.2828566
    [:pickup_lng] => 83.0001793
    [:delivery_lat] => 25.2798345
    [:delivery_lng] => 83.0027315
    [:scheduled_date] => 2025-04-30
    [:scheduled_time] => 04:07
    [:package_weight] => 11
    [:package_dimensions] => 10
    [:total_amount] => 100
    [:order_status] => pending
    [:payment_status] => pending
)

[2025-04-26 17:23:07] Session data: Array
(
    [user_id] => 8
    [email] => shashanksaket9@gmail.com
    [first_name] => Shashank
    [last_name] => Anjali
)

[2025-04-26 17:23:07] Cookie data: Array
(
    [PHPSESSID] => ct7ufij5ggrmv8vgajbmhehst2
)

[2025-04-26 17:23:07] Received JSON data: {"pickup_address":"Jalandhar - Delhi, Grand Trunk Rd, Phagwara, Punjab 144411, India","delivery_address":"7M4V+M98 Lovely Professional University, Law Gate Rd, Maheru, Phagwara, Punjab 144411, India","scheduled_date":"2025-04-26","scheduled_time":"13:56","package_dimensions":"30x50","package_weight":"1","package_description":"Electronics","pickup_coords":{"lat":31.2553921,"lng":75.7048678},"dropoff_coords":{"lat":31.2566621,"lng":75.6934642},"selected_drone":"drone1","total_amount":100,"pickup_lat":31.2553921,"pickup_lng":75.7048678,"dropoff_lat":31.2566621,"dropoff_lng":75.6934642,"payment_method":"card","delivery_lat":31.2566621,"delivery_lng":75.6934642}
[2025-04-26 17:23:07] Executing query with params: Array
(
    [:user_id] => 8
    [:order_id] => DR-680CFA5B5851E
    [:pickup_address] => Jalandhar - Delhi, Grand Trunk Rd, Phagwara, Punjab 144411, India
    [:delivery_address] => 7M4V+M98 Lovely Professional University, Law Gate Rd, Maheru, Phagwara, Punjab 144411, India
    [:pickup_lat] => 31.2553921
    [:pickup_lng] => 75.7048678
    [:delivery_lat] => 31.2566621
    [:delivery_lng] => 75.6934642
    [:scheduled_date] => 2025-04-26
    [:scheduled_time] => 13:56
    [:package_weight] => 1
    [:package_dimensions] => 30x50
    [:total_amount] => 100
    [:order_status] => pending
    [:payment_status] => pending
)

[2025-04-26 17:23:38] Polling worker error: SQLSTATE[42S22]: Column not found: 1054 Unknown column 'last_simulated' in 'where clause'
[2025-04-26 17:24:08] Polling worker error: SQLSTATE[42S22]: Column not found: 1054 Unknown column 'last_simulated' in 'where clause'
[2025-04-26 17:24:38] Polling worker error: SQLSTATE[42S22]: Column not found: 1054 Unknown column 'last_simulated' in 'where clause'
[2025-04-26 17:25:08] Polling worker error: SQLSTATE[42S22]: Column not found: 1054 Unknown column 'last_simulated' in 'where clause'
[2025-04-26 17:46:35] Session data: Array
(
)

[2025-04-26 17:46:35] Cookie data: Array
(
)

[2025-04-26 17:46:35] Error: User not logged in
[2025-04-26 17:48:33] Session data: Array
(
    [user_id] => 8
    [email] => shashanksaket9@gmail.com
    [first_name] => Shashank
    [last_name] => Anjali
)

[2025-04-26 17:48:33] Cookie data: Array
(
    [PHPSESSID] => 3f53g4q9199lqm78mgfmc7mb2b
)

[2025-04-26 17:48:33] Received JSON data: {"pickup_address":"Malad, Malad East, Mumbai, Maharashtra, India","delivery_address":"Marine Dr, Chowpatty, Girgaon, Mumbai, Maharashtra, India","scheduled_date":"2025-04-26","scheduled_time":"13:22","package_dimensions":"20x20x30","package_weight":"6","package_description":"Electronics","pickup_coords":{"lat":19.185507,"lng":72.8587038},"dropoff_coords":{"lat":18.9558372,"lng":72.81011509999999},"selected_drone":"drone3","total_amount":100,"pickup_lat":19.185507,"pickup_lng":72.8587038,"dropoff_lat":18.9558372,"dropoff_lng":72.81011509999999,"payment_method":"card","delivery_lat":18.9558372,"delivery_lng":72.81011509999999}
[2025-04-26 17:48:33] Executing query with params: Array
(
    [:user_id] => 8
    [:order_id] => DR-680D00514F8D9
    [:pickup_address] => Malad, Malad East, Mumbai, Maharashtra, India
    [:delivery_address] => Marine Dr, Chowpatty, Girgaon, Mumbai, Maharashtra, India
    [:pickup_lat] => 19.185507
    [:pickup_lng] => 72.8587038
    [:delivery_lat] => 18.9558372
    [:delivery_lng] => 72.8101151
    [:scheduled_date] => 2025-04-26
    [:scheduled_time] => 13:22
    [:package_weight] => 6
    [:package_dimensions] => 20x20x30
    [:total_amount] => 100
    [:order_status] => pending
    [:payment_status] => pending
)

[2025-04-26 17:49:43] Polling worker error: SQLSTATE[42S22]: Column not found: 1054 Unknown column 'last_simulated' in 'where clause'
[2025-04-26 17:50:13] Polling worker error: SQLSTATE[42S22]: Column not found: 1054 Unknown column 'last_simulated' in 'where clause'
[2025-04-26 17:50:43] Polling worker error: SQLSTATE[42S22]: Column not found: 1054 Unknown column 'last_simulated' in 'where clause'
[2025-04-26 17:51:13] Polling worker error: SQLSTATE[42S22]: Column not found: 1054 Unknown column 'last_simulated' in 'where clause'
[2025-04-26 17:51:43] Polling worker error: SQLSTATE[42S22]: Column not found: 1054 Unknown column 'last_simulated' in 'where clause'
[2025-04-26 17:52:13] Polling worker error: SQLSTATE[42S22]: Column not found: 1054 Unknown column 'last_simulated' in 'where clause'
[2025-04-26 17:52:43] Polling worker error: SQLSTATE[42S22]: Column not found: 1054 Unknown column 'last_simulated' in 'where clause'
[2025-04-26 17:53:13] Polling worker error: SQLSTATE[42S22]: Column not found: 1054 Unknown column 'last_simulated' in 'where clause'
[2025-04-26 18:00:19] Polling worker command: start /B "" "C:\xampp\php\php.exe" "C:\xampp\htdocs\ayndrome-api\api\simulate_drone_worker.php" "ORD6807B6051F352" > NUL 2>&1
[2025-04-26 18:01:13] Polling worker command: start /B "" "C:\xampp\php\php.exe" "C:\xampp\htdocs\ayndrome-api\api\simulate_drone_worker.php" "ORD6807B74C0FAC8" > NUL 2>&1
[2025-04-26 18:01:55] Polling worker command: start /B "" "C:\xampp\php\php.exe" "C:\xampp\htdocs\ayndrome-api\api\simulate_drone_worker.php" "ORD6807B801D9FAE" > NUL 2>&1
[2025-04-26 18:01:55] Polling worker command: start /B "" "C:\xampp\php\php.exe" "C:\xampp\htdocs\ayndrome-api\api\simulate_drone_worker.php" "ORD6807B8DB506BC" > NUL 2>&1
[2025-04-26 18:01:55] Polling worker command: start /B "" "C:\xampp\php\php.exe" "C:\xampp\htdocs\ayndrome-api\api\simulate_drone_worker.php" "ORD6807D475B2277" > NUL 2>&1
[2025-04-26 18:01:56] Polling worker command: start /B "" "C:\xampp\php\php.exe" "C:\xampp\htdocs\ayndrome-api\api\simulate_drone_worker.php" "ORD6807D4B07DC54" > NUL 2>&1
[2025-04-26 18:01:56] Polling worker command: start /B "" "C:\xampp\php\php.exe" "C:\xampp\htdocs\ayndrome-api\api\simulate_drone_worker.php" "DR-6807F58FAF55E" > NUL 2>&1
[2025-04-26 18:01:56] Polling worker command: start /B "" "C:\xampp\php\php.exe" "C:\xampp\htdocs\ayndrome-api\api\simulate_drone_worker.php" "DR-6807FEB3E8B49" > NUL 2>&1
[2025-04-26 18:01:56] Polling worker command: start /B "" "C:\xampp\php\php.exe" "C:\xampp\htdocs\ayndrome-api\api\simulate_drone_worker.php" "DR-68087DB5471A6" > NUL 2>&1
[2025-04-26 18:01:56] Polling worker command: start /B "" "C:\xampp\php\php.exe" "C:\xampp\htdocs\ayndrome-api\api\simulate_drone_worker.php" "DR-68087F1A08E91" > NUL 2>&1
[2025-04-26 18:01:56] Polling worker command: start /B "" "C:\xampp\php\php.exe" "C:\xampp\htdocs\ayndrome-api\api\simulate_drone_worker.php" "DR-680885C2C44E4" > NUL 2>&1
[2025-04-26 18:01:56] Polling worker command: start /B "" "C:\xampp\php\php.exe" "C:\xampp\htdocs\ayndrome-api\api\simulate_drone_worker.php" "DR-68088647B3CE8" > NUL 2>&1
[2025-04-26 18:01:57] Polling worker command: start /B "" "C:\xampp\php\php.exe" "C:\xampp\htdocs\ayndrome-api\api\simulate_drone_worker.php" "DR-6809BF609C271" > NUL 2>&1
[2025-04-26 18:01:57] Polling worker command: start /B "" "C:\xampp\php\php.exe" "C:\xampp\htdocs\ayndrome-api\api\simulate_drone_worker.php" "DR-680A20BC4923B" > NUL 2>&1
[2025-04-26 18:01:57] Polling worker command: start /B "" "C:\xampp\php\php.exe" "C:\xampp\htdocs\ayndrome-api\api\simulate_drone_worker.php" "DR-680A509D2169A" > NUL 2>&1
[2025-04-26 18:01:57] Polling worker command: start /B "" "C:\xampp\php\php.exe" "C:\xampp\htdocs\ayndrome-api\api\simulate_drone_worker.php" "DR-680A78F267A1E" > NUL 2>&1
[2025-04-26 18:01:57] Polling worker command: start /B "" "C:\xampp\php\php.exe" "C:\xampp\htdocs\ayndrome-api\api\simulate_drone_worker.php" "DR-680A78FA79D78" > NUL 2>&1
[2025-04-26 18:01:57] Polling worker command: start /B "" "C:\xampp\php\php.exe" "C:\xampp\htdocs\ayndrome-api\api\simulate_drone_worker.php" "DR-680A790BD36E8" > NUL 2>&1
[2025-04-26 18:01:57] Polling worker command: start /B "" "C:\xampp\php\php.exe" "C:\xampp\htdocs\ayndrome-api\api\simulate_drone_worker.php" "DR-680A89C62BABF" > NUL 2>&1
[2025-04-26 18:04:22] Session data: Array
(
    [user_id] => 8
    [email] => shashanksaket9@gmail.com
    [first_name] => Shashank
    [last_name] => Anjali
)

[2025-04-26 18:04:22] Cookie data: Array
(
    [PHPSESSID] => 3f53g4q9199lqm78mgfmc7mb2b
)

[2025-04-26 18:04:22] Received JSON data: {"pickup_address":"Saket Nagar Colony, Sankata Mochan Leprosy, Varanasi, Uttar Pradesh 221005, India","delivery_address":"BHU - Lanka Rd, Saket Nagar Colony, Lanka, Varanasi, Uttar Pradesh 221005, India","scheduled_date":"2025-04-26","scheduled_time":"13:37","package_dimensions":"30x50","package_weight":"2","package_description":"Electronics","pickup_coords":{"lat":25.2828566,"lng":83.0001793},"dropoff_coords":{"lat":25.2798345,"lng":83.0027315},"selected_drone":"drone1","total_amount":100,"pickup_lat":25.2828566,"pickup_lng":83.0001793,"dropoff_lat":25.2798345,"dropoff_lng":83.0027315,"payment_method":"card","delivery_lat":25.2798345,"delivery_lng":83.0027315}
[2025-04-26 18:04:22] Executing query with params: Array
(
    [:user_id] => 8
    [:order_id] => DR-680D0406026A0
    [:pickup_address] => Saket Nagar Colony, Sankata Mochan Leprosy, Varanasi, Uttar Pradesh 221005, India
    [:delivery_address] => BHU - Lanka Rd, Saket Nagar Colony, Lanka, Varanasi, Uttar Pradesh 221005, India
    [:pickup_lat] => 25.2828566
    [:pickup_lng] => 83.0001793
    [:delivery_lat] => 25.2798345
    [:delivery_lng] => 83.0027315
    [:scheduled_date] => 2025-04-26
    [:scheduled_time] => 13:37
    [:package_weight] => 2
    [:package_dimensions] => 30x50
    [:total_amount] => 100
    [:order_status] => pending
    [:payment_status] => pending
)

[2025-04-26 18:05:48] Polling worker command: start /B "" "C:\xampp\php\php.exe" "C:\xampp\htdocs\ayndrome-api\api\simulate_drone_worker.php" "DR-680AA80EEAB69" > NUL 2>&1
[2025-04-26 18:07:47] Polling worker command: start /B "" "C:\xampp\php\php.exe" "C:\xampp\htdocs\ayndrome-api\api\simulate_drone_worker.php" "DR-680AA814674FF" > NUL 2>&1
[2025-04-26 18:07:51] Polling worker command: start /B "" "C:\xampp\php\php.exe" "C:\xampp\htdocs\ayndrome-api\api\simulate_drone_worker.php" "DR-680AA8B6B9B3D" > NUL 2>&1
[2025-04-26 18:11:44] Polling worker command: start /B "" "C:\xampp\php\php.exe" "C:\xampp\htdocs\ayndrome-api\api\simulate_drone_worker.php" "DR-680AA977B5475" > NUL 2>&1
[2025-04-26 18:15:35] Polling worker command: start /B "" "C:\xampp\php\php.exe" "C:\xampp\htdocs\ayndrome-api\api\simulate_drone_worker.php" "DR-680B130FB7B3A" > NUL 2>&1
[2025-04-26 18:19:20] Polling worker command: start /B "" "C:\xampp\php\php.exe" "C:\xampp\htdocs\ayndrome-api\api\simulate_drone_worker.php" "DR-680B1825091FA" > NUL 2>&1
[2025-04-26 18:23:04] Polling worker command: start /B "" "C:\xampp\php\php.exe" "C:\xampp\htdocs\ayndrome-api\api\simulate_drone_worker.php" "DR-680B8243B112F" > NUL 2>&1
[2025-04-26 18:26:50] Polling worker command: start /B "" "C:\xampp\php\php.exe" "C:\xampp\htdocs\ayndrome-api\api\simulate_drone_worker.php" "DR-680B862D5965E" > NUL 2>&1
[2025-04-26 18:30:43] Polling worker command: start /B "" "C:\xampp\php\php.exe" "C:\xampp\htdocs\ayndrome-api\api\simulate_drone_worker.php" "DR-680B8E95DE008" > NUL 2>&1
[2025-04-26 18:30:45] Polling worker command: start /B "" "C:\xampp\php\php.exe" "C:\xampp\htdocs\ayndrome-api\api\simulate_drone_worker.php" "DR-680B91B45207C" > NUL 2>&1
[2025-04-26 18:34:40] Polling worker command: start /B "" "C:\xampp\php\php.exe" "C:\xampp\htdocs\ayndrome-api\api\simulate_drone_worker.php" "DR-680B95F5A6002" > NUL 2>&1
[2025-04-26 18:38:12] Polling worker command: start /B "" "C:\xampp\php\php.exe" "C:\xampp\htdocs\ayndrome-api\api\simulate_drone_worker.php" "DR-680B98D9562CB" > NUL 2>&1
[2025-04-26 18:42:28] Session data: Array
(
    [user_id] => 8
    [email] => shashanksaket9@gmail.com
    [first_name] => Shashank
    [last_name] => Anjali
)

[2025-04-26 18:42:28] Cookie data: Array
(
    [PHPSESSID] => 3f53g4q9199lqm78mgfmc7mb2b
)

[2025-04-26 18:42:28] Received JSON data: {"pickup_address":"Saket Nagar Colony, Sankata Mochan Leprosy, Varanasi, Uttar Pradesh 221005, India","delivery_address":"BHU - Lanka Rd, Saket Nagar Colony, Lanka, Varanasi, Uttar Pradesh 221005, India","scheduled_date":"2025-04-26","scheduled_time":"16:17","package_dimensions":"30x50","package_weight":"2","package_description":"Electronics","pickup_coords":{"lat":25.2828566,"lng":83.0001793},"dropoff_coords":{"lat":25.2798345,"lng":83.0027315},"selected_drone":"drone1","total_amount":100,"pickup_lat":25.2828566,"pickup_lng":83.0001793,"dropoff_lat":25.2798345,"dropoff_lng":83.0027315,"payment_method":"card","delivery_lat":25.2798345,"delivery_lng":83.0027315}
[2025-04-26 18:42:28] Executing query with params: Array
(
    [:user_id] => 8
    [:order_id] => DR-680D0CF494D52
    [:pickup_address] => Saket Nagar Colony, Sankata Mochan Leprosy, Varanasi, Uttar Pradesh 221005, India
    [:delivery_address] => BHU - Lanka Rd, Saket Nagar Colony, Lanka, Varanasi, Uttar Pradesh 221005, India
    [:pickup_lat] => 25.2828566
    [:pickup_lng] => 83.0001793
    [:delivery_lat] => 25.2798345
    [:delivery_lng] => 83.0027315
    [:scheduled_date] => 2025-04-26
    [:scheduled_time] => 16:17
    [:package_weight] => 2
    [:package_dimensions] => 30x50
    [:total_amount] => 100
    [:order_status] => pending
    [:payment_status] => pending
)

[2025-04-26 18:42:50] Polling worker command: start /B "" "C:\xampp\php\php.exe" "C:\xampp\htdocs\ayndrome-api\api\simulate_drone_worker.php" "DR-680D0CF494D52" > NUL 2>&1
[2025-04-26 19:46:20] Session data: Array
(
    [user_id] => 8
    [email] => shashanksaket9@gmail.com
    [first_name] => Shashank
    [last_name] => Anjali
)

[2025-04-26 19:46:20] Cookie data: Array
(
    [PHPSESSID] => 3f53g4q9199lqm78mgfmc7mb2b
)

[2025-04-26 19:46:20] Received JSON data: {"pickup_address":"Jalandhar - Delhi, Grand Trunk Rd, Phagwara, Punjab 144411, India","delivery_address":"Malad, Malad East, Mumbai, Maharashtra, India","scheduled_date":"2025-04-26","scheduled_time":"12:17","package_dimensions":"30x50","package_weight":"2","package_description":"Electronics","pickup_coords":{"lat":31.2553921,"lng":75.7048678},"dropoff_coords":{"lat":19.185507,"lng":72.8587038},"selected_drone":"drone1","total_amount":100,"pickup_lat":31.2553921,"pickup_lng":75.7048678,"dropoff_lat":19.185507,"dropoff_lng":72.8587038,"payment_method":"card","delivery_lat":19.185507,"delivery_lng":72.8587038}
[2025-04-26 19:46:20] Executing query with params: Array
(
    [:user_id] => 8
    [:order_id] => DR-680D1BEC08CAF
    [:pickup_address] => Jalandhar - Delhi, Grand Trunk Rd, Phagwara, Punjab 144411, India
    [:delivery_address] => Malad, Malad East, Mumbai, Maharashtra, India
    [:pickup_lat] => 31.2553921
    [:pickup_lng] => 75.7048678
    [:delivery_lat] => 19.185507
    [:delivery_lng] => 72.8587038
    [:scheduled_date] => 2025-04-26
    [:scheduled_time] => 12:17
    [:package_weight] => 2
    [:package_dimensions] => 30x50
    [:total_amount] => 100
    [:order_status] => pending
    [:payment_status] => pending
)

[2025-04-26 19:46:53] Polling worker command: start /B "" "C:\xampp\php\php.exe" "C:\xampp\htdocs\ayndrome-api\api\simulate_drone_worker.php" "DR-680D1BEC08CAF" > NUL 2>&1
[2025-04-26 21:10:04] Session data: Array
(
    [user_id] => 8
    [email] => shashanksaket9@gmail.com
    [first_name] => Shashank
    [last_name] => Anjali
)

[2025-04-26 21:10:04] Cookie data: Array
(
    [PHPSESSID] => 3f53g4q9199lqm78mgfmc7mb2b
)

[2025-04-26 21:10:04] Received JSON data: {"pickup_address":"Airport Rd, Dabolim, Goa 403801, India","delivery_address":"New Delhi, Delhi 110037, India","scheduled_date":"2025-04-27","scheduled_time":"05:44","package_dimensions":"20x20x30","package_weight":"4","package_description":"Electronics","pickup_coords":{"lat":15.3804965,"lng":73.8331652},"dropoff_coords":{"lat":28.5561437,"lng":77.0999623},"selected_drone":"drone3","total_amount":100,"pickup_lat":15.3804965,"pickup_lng":73.8331652,"dropoff_lat":28.5561437,"dropoff_lng":77.0999623,"payment_method":"card","delivery_lat":28.5561437,"delivery_lng":77.0999623}
[2025-04-26 21:10:04] Executing query with params: Array
(
    [:user_id] => 8
    [:order_id] => DR-680D2F8C4A0B8
    [:pickup_address] => Airport Rd, Dabolim, Goa 403801, India
    [:delivery_address] => New Delhi, Delhi 110037, India
    [:pickup_lat] => 15.3804965
    [:pickup_lng] => 73.8331652
    [:delivery_lat] => 28.5561437
    [:delivery_lng] => 77.0999623
    [:scheduled_date] => 2025-04-27
    [:scheduled_time] => 05:44
    [:package_weight] => 4
    [:package_dimensions] => 20x20x30
    [:total_amount] => 100
    [:order_status] => pending
    [:payment_status] => pending
)

[2025-04-26 21:10:25] Polling worker command: start /B "" "C:\xampp\php\php.exe" "C:\xampp\htdocs\ayndrome-api\api\simulate_drone_worker.php" "DR-680D2F8C4A0B8" > NUL 2>&1
[2025-04-26 22:01:22] Polling worker error: SQLSTATE[HY000]: General error: 2006 MySQL server has gone away
[2025-04-27 11:09:04] Session data: Array
(
    [user_id] => 8
    [email] => shashanksaket9@gmail.com
    [first_name] => Shashank
    [last_name] => Anjali
)

[2025-04-27 11:09:04] Cookie data: Array
(
    [PHPSESSID] => 3f53g4q9199lqm78mgfmc7mb2b
)

[2025-04-27 11:09:04] Received JSON data: {"pickup_address":"Malad, Malad West, Mumbai, Maharashtra, India","delivery_address":"Marine Dr, Chowpatty, Girgaon, Mumbai, Maharashtra, India","scheduled_date":"2025-04-27","scheduled_time":"19:50","package_dimensions":"20x20x30","package_weight":"2","package_description":"Electronics","pickup_coords":{"lat":19.1889541,"lng":72.835543},"dropoff_coords":{"lat":18.9558372,"lng":72.81011509999999},"selected_drone":"drone1","total_amount":100,"pickup_lat":19.1889541,"pickup_lng":72.835543,"dropoff_lat":18.9558372,"dropoff_lng":72.81011509999999,"payment_method":"card","delivery_lat":18.9558372,"delivery_lng":72.81011509999999}
[2025-04-27 11:09:04] Executing query with params: Array
(
    [:user_id] => 8
    [:order_id] => DR-680DF430169B8
    [:pickup_address] => Malad, Malad West, Mumbai, Maharashtra, India
    [:delivery_address] => Marine Dr, Chowpatty, Girgaon, Mumbai, Maharashtra, India
    [:pickup_lat] => 19.1889541
    [:pickup_lng] => 72.835543
    [:delivery_lat] => 18.9558372
    [:delivery_lng] => 72.8101151
    [:scheduled_date] => 2025-04-27
    [:scheduled_time] => 19:50
    [:package_weight] => 2
    [:package_dimensions] => 20x20x30
    [:total_amount] => 100
    [:order_status] => pending
    [:payment_status] => pending
)

[2025-04-27 11:09:15] Polling worker command: start /B "" "C:\xampp\php\php.exe" "C:\xampp\htdocs\ayndrome-api\api\simulate_drone_worker.php" "DR-680DF430169B8" > NUL 2>&1
[2025-04-27 11:23:42] Session data: Array
(
    [user_id] => 8
    [email] => shashanksaket9@gmail.com
    [first_name] => Shashank
    [last_name] => Anjali
)

[2025-04-27 11:23:42] Cookie data: Array
(
    [PHPSESSID] => 3f53g4q9199lqm78mgfmc7mb2b
)

[2025-04-27 11:23:42] Received JSON data: {"pickup_address":"New Delhi, Delhi 110037, India","delivery_address":"Mumbai, Maharashtra 400099, India","scheduled_date":"2025-04-27","scheduled_time":"19:58","package_dimensions":"20x20x30","package_weight":"3","package_description":"Electronics","pickup_coords":{"lat":28.5561437,"lng":77.0999623},"dropoff_coords":{"lat":19.0902177,"lng":72.86281199999999},"selected_drone":"drone2","total_amount":100,"pickup_lat":28.5561437,"pickup_lng":77.0999623,"dropoff_lat":19.0902177,"dropoff_lng":72.86281199999999,"payment_method":"card","delivery_lat":19.0902177,"delivery_lng":72.86281199999999}
[2025-04-27 11:23:42] Executing query with params: Array
(
    [:user_id] => 8
    [:order_id] => DR-680DF79EF2BE0
    [:pickup_address] => New Delhi, Delhi 110037, India
    [:delivery_address] => Mumbai, Maharashtra 400099, India
    [:pickup_lat] => 28.5561437
    [:pickup_lng] => 77.0999623
    [:delivery_lat] => 19.0902177
    [:delivery_lng] => 72.862812
    [:scheduled_date] => 2025-04-27
    [:scheduled_time] => 19:58
    [:package_weight] => 3
    [:package_dimensions] => 20x20x30
    [:total_amount] => 100
    [:order_status] => pending
    [:payment_status] => pending
)

[2025-04-27 11:23:52] Polling worker command: start /B "" "C:\xampp\php\php.exe" "C:\xampp\htdocs\ayndrome-api\api\simulate_drone_worker.php" "DR-680DF79EF2BE0" > NUL 2>&1
[2025-04-27 11:30:28] Session data: Array
(
    [user_id] => 8
    [email] => shashanksaket9@gmail.com
    [first_name] => Shashank
    [last_name] => Anjali
)

[2025-04-27 11:30:28] Cookie data: Array
(
    [PHPSESSID] => 3f53g4q9199lqm78mgfmc7mb2b
)

[2025-04-27 11:30:28] Received JSON data: {"pickup_address":"New Delhi, Delhi 110037, India","delivery_address":"Mumbai, Maharashtra 400099, India","scheduled_date":"2025-04-27","scheduled_time":"03:00","package_dimensions":"30x50","package_weight":"2","package_description":"Electronics","pickup_coords":{"lat":28.5561437,"lng":77.0999623},"dropoff_coords":{"lat":19.0902177,"lng":72.86281199999999},"selected_drone":"drone1","total_amount":100,"pickup_lat":28.5561437,"pickup_lng":77.0999623,"dropoff_lat":19.0902177,"dropoff_lng":72.86281199999999,"payment_method":"card","delivery_lat":19.0902177,"delivery_lng":72.86281199999999}
[2025-04-27 11:30:28] Executing query with params: Array
(
    [:user_id] => 8
    [:order_id] => DR-680DF934608A6
    [:pickup_address] => New Delhi, Delhi 110037, India
    [:delivery_address] => Mumbai, Maharashtra 400099, India
    [:pickup_lat] => 28.5561437
    [:pickup_lng] => 77.0999623
    [:delivery_lat] => 19.0902177
    [:delivery_lng] => 72.862812
    [:scheduled_date] => 2025-04-27
    [:scheduled_time] => 03:00
    [:package_weight] => 2
    [:package_dimensions] => 30x50
    [:total_amount] => 100
    [:order_status] => pending
    [:payment_status] => pending
)

[2025-04-27 11:30:53] Polling worker command: start /B "" "C:\xampp\php\php.exe" "C:\xampp\htdocs\ayndrome-api\api\simulate_drone_worker.php" "DR-680DF934608A6" > NUL 2>&1
[2025-04-27 17:07:14] Session data: Array
(
    [user_id] => 8
    [email] => shashanksaket9@gmail.com
    [first_name] => Shashank
    [last_name] => Anjali
)

[2025-04-27 17:07:14] Cookie data: Array
(
    [PHPSESSID] => 3f53g4q9199lqm78mgfmc7mb2b
)

[2025-04-27 17:07:14] Received JSON data: {"pickup_address":"No N96, 2nd Floor, Munshi Lal Building, Block N, Connaught Place, New Delhi, Delhi 110001, India","delivery_address":"Lajpat Nagar, New Delhi, Delhi, India","scheduled_date":"2025-04-27","scheduled_time":"13:40","package_dimensions":"30x50","package_weight":"2","package_description":"Electronics","pickup_coords":{"lat":28.6303618,"lng":77.22099039999999},"dropoff_coords":{"lat":28.5649034,"lng":77.2403317},"selected_drone":"drone2","total_amount":100,"pickup_lat":28.6303618,"pickup_lng":77.22099039999999,"dropoff_lat":28.5649034,"dropoff_lng":77.2403317,"payment_method":"card","delivery_lat":28.5649034,"delivery_lng":77.2403317}
[2025-04-27 17:07:14] Executing query with params: Array
(
    [:user_id] => 8
    [:order_id] => DR-680E4822B27E1
    [:pickup_address] => No N96, 2nd Floor, Munshi Lal Building, Block N, Connaught Place, New Delhi, Delhi 110001, India
    [:delivery_address] => Lajpat Nagar, New Delhi, Delhi, India
    [:pickup_lat] => 28.6303618
    [:pickup_lng] => 77.2209904
    [:delivery_lat] => 28.5649034
    [:delivery_lng] => 77.2403317
    [:scheduled_date] => 2025-04-27
    [:scheduled_time] => 13:40
    [:package_weight] => 2
    [:package_dimensions] => 30x50
    [:total_amount] => 100
    [:order_status] => pending
    [:payment_status] => pending
)

[2025-04-27 17:07:28] Polling worker command: start /B "" "C:\xampp\php\php.exe" "C:\xampp\htdocs\ayndrome-api\api\simulate_drone_worker.php" "DR-680E4822B27E1" > NUL 2>&1
[2025-04-27 17:17:54] Session data: Array
(
    [user_id] => 8
    [email] => shashanksaket9@gmail.com
    [first_name] => Shashank
    [last_name] => Anjali
)

[2025-04-27 17:17:54] Cookie data: Array
(
    [PHPSESSID] => 3f53g4q9199lqm78mgfmc7mb2b
)

[2025-04-27 17:17:54] Received JSON data: {"pickup_address":"New Delhi, Delhi 110037, India","delivery_address":"Varanasi, Babatpur, Uttar Pradesh 221006, India","scheduled_date":"2025-04-27","scheduled_time":"01:52","package_dimensions":"20x20x30","package_weight":"2","package_description":"physics","pickup_coords":{"lat":28.5561437,"lng":77.0999623},"dropoff_coords":{"lat":25.4506565,"lng":82.8559854},"selected_drone":"drone2","total_amount":100,"pickup_lat":28.5561437,"pickup_lng":77.0999623,"dropoff_lat":25.4506565,"dropoff_lng":82.8559854,"payment_method":"card","delivery_lat":25.4506565,"delivery_lng":82.8559854}
[2025-04-27 17:17:54] Executing query with params: Array
(
    [:user_id] => 8
    [:order_id] => DR-680E4AA28F7C6
    [:pickup_address] => New Delhi, Delhi 110037, India
    [:delivery_address] => Varanasi, Babatpur, Uttar Pradesh 221006, India
    [:pickup_lat] => 28.5561437
    [:pickup_lng] => 77.0999623
    [:delivery_lat] => 25.4506565
    [:delivery_lng] => 82.8559854
    [:scheduled_date] => 2025-04-27
    [:scheduled_time] => 01:52
    [:package_weight] => 2
    [:package_dimensions] => 20x20x30
    [:total_amount] => 100
    [:order_status] => pending
    [:payment_status] => pending
)

[2025-04-27 17:18:20] Polling worker command: start /B "" "C:\xampp\php\php.exe" "C:\xampp\htdocs\ayndrome-api\api\simulate_drone_worker.php" "DR-680E4AA28F7C6" > NUL 2>&1
[2025-04-27 17:23:48] Session data: Array
(
    [user_id] => 8
    [email] => shashanksaket9@gmail.com
    [first_name] => Shashank
    [last_name] => Anjali
)

[2025-04-27 17:23:48] Cookie data: Array
(
    [PHPSESSID] => 3f53g4q9199lqm78mgfmc7mb2b
)

[2025-04-27 17:23:48] Received JSON data: {"pickup_address":"New Delhi, Delhi 110037, India","delivery_address":"Babatpur, Uttar Pradesh, India","scheduled_date":"2025-04-27","scheduled_time":"13:58","package_dimensions":"30x50","package_weight":"4","package_description":"Electronics","pickup_coords":{"lat":28.5561437,"lng":77.0999623},"dropoff_coords":{"lat":25.4506565,"lng":82.8559854},"selected_drone":"drone2","total_amount":100,"pickup_lat":28.5561437,"pickup_lng":77.0999623,"dropoff_lat":25.4506565,"dropoff_lng":82.8559854,"payment_method":"card","delivery_lat":25.4506565,"delivery_lng":82.8559854}
[2025-04-27 17:23:48] Executing query with params: Array
(
    [:user_id] => 8
    [:order_id] => DR-680E4C0459987
    [:pickup_address] => New Delhi, Delhi 110037, India
    [:delivery_address] => Babatpur, Uttar Pradesh, India
    [:pickup_lat] => 28.5561437
    [:pickup_lng] => 77.0999623
    [:delivery_lat] => 25.4506565
    [:delivery_lng] => 82.8559854
    [:scheduled_date] => 2025-04-27
    [:scheduled_time] => 13:58
    [:package_weight] => 4
    [:package_dimensions] => 30x50
    [:total_amount] => 100
    [:order_status] => pending
    [:payment_status] => pending
)

[2025-04-27 17:24:12] Polling worker command: start /B "" "C:\xampp\php\php.exe" "C:\xampp\htdocs\ayndrome-api\api\simulate_drone_worker.php" "DR-680E4C0459987" > NUL 2>&1
[2025-04-27 19:15:39] Session data: Array
(
    [user_id] => 8
    [email] => shashanksaket9@gmail.com
    [first_name] => Shashank
    [last_name] => Anjali
)

[2025-04-27 19:15:39] Cookie data: Array
(
    [PHPSESSID] => 3f53g4q9199lqm78mgfmc7mb2b
)

[2025-04-27 19:15:39] Received JSON data: {"pickup_address":"New Delhi, Delhi 110037, India","delivery_address":"Babatpur, Uttar Pradesh, India","scheduled_date":"2025-04-27","scheduled_time":"16:51","package_dimensions":"20x20x30","package_weight":"2","package_description":"Electronics","pickup_coords":{"lat":28.5561437,"lng":77.0999623},"dropoff_coords":{"lat":25.4506565,"lng":82.8559854},"selected_drone":"drone1","total_amount":100,"pickup_lat":28.5561437,"pickup_lng":77.0999623,"dropoff_lat":25.4506565,"dropoff_lng":82.8559854,"payment_method":"card","delivery_lat":25.4506565,"delivery_lng":82.8559854}
[2025-04-27 19:15:39] Executing query with params: Array
(
    [:user_id] => 8
    [:order_id] => DR-680E663B871BB
    [:pickup_address] => New Delhi, Delhi 110037, India
    [:delivery_address] => Babatpur, Uttar Pradesh, India
    [:pickup_lat] => 28.5561437
    [:pickup_lng] => 77.0999623
    [:delivery_lat] => 25.4506565
    [:delivery_lng] => 82.8559854
    [:scheduled_date] => 2025-04-27
    [:scheduled_time] => 16:51
    [:package_weight] => 2
    [:package_dimensions] => 20x20x30
    [:total_amount] => 100
    [:order_status] => pending
    [:payment_status] => pending
)

[2025-04-27 19:15:55] Polling worker command: start /B "" "C:\xampp\php\php.exe" "C:\xampp\htdocs\ayndrome-api\api\simulate_drone_worker.php" "DR-680E663B871BB" > NUL 2>&1
[2025-04-27 19:32:27] Session data: Array
(
    [user_id] => 8
    [email] => shashanksaket9@gmail.com
    [first_name] => Shashank
    [last_name] => Anjali
)

[2025-04-27 19:32:27] Cookie data: Array
(
    [PHPSESSID] => 3f53g4q9199lqm78mgfmc7mb2b
)

[2025-04-27 19:32:27] Received JSON data: {"pickup_address":"Saket Nagar Colony, Sankata Mochan Leprosy, Varanasi, Uttar Pradesh 221005, India","delivery_address":"BHU - Lanka Rd, Saket Nagar Colony, Lanka, Varanasi, Uttar Pradesh 221005, India","scheduled_date":"2025-04-27","scheduled_time":"15:08","package_dimensions":"30x50","package_weight":"2","package_description":"Electronics","pickup_coords":{"lat":25.2828566,"lng":83.0001793},"dropoff_coords":{"lat":25.2798345,"lng":83.0027315},"selected_drone":"drone1","total_amount":100,"pickup_lat":25.2828566,"pickup_lng":83.0001793,"dropoff_lat":25.2798345,"dropoff_lng":83.0027315,"payment_method":"card","delivery_lat":25.2798345,"delivery_lng":83.0027315}
[2025-04-27 19:32:27] Executing query with params: Array
(
    [:user_id] => 8
    [:order_id] => DR-680E6A2B0762F
    [:pickup_address] => Saket Nagar Colony, Sankata Mochan Leprosy, Varanasi, Uttar Pradesh 221005, India
    [:delivery_address] => BHU - Lanka Rd, Saket Nagar Colony, Lanka, Varanasi, Uttar Pradesh 221005, India
    [:pickup_lat] => 25.2828566
    [:pickup_lng] => 83.0001793
    [:delivery_lat] => 25.2798345
    [:delivery_lng] => 83.0027315
    [:scheduled_date] => 2025-04-27
    [:scheduled_time] => 15:08
    [:package_weight] => 2
    [:package_dimensions] => 30x50
    [:total_amount] => 100
    [:order_status] => pending
    [:payment_status] => pending
)

[2025-04-27 19:32:41] Polling worker command: start /B "" "C:\xampp\php\php.exe" "C:\xampp\htdocs\ayndrome-api\api\simulate_drone_worker.php" "DR-680E6A2B0762F" > NUL 2>&1
[2025-04-27 19:39:46] Session data: Array
(
    [user_id] => 8
    [email] => shashanksaket9@gmail.com
    [first_name] => Shashank
    [last_name] => Anjali
)

[2025-04-27 19:39:46] Cookie data: Array
(
    [PHPSESSID] => 3f53g4q9199lqm78mgfmc7mb2b
)

[2025-04-27 19:39:46] Received JSON data: {"pickup_address":"Saket Nagar Colony, Sankata Mochan Leprosy, Varanasi, Uttar Pradesh 221005, India","delivery_address":"Sigra, Varanasi, Uttar Pradesh, India","scheduled_date":"2025-04-27","scheduled_time":"23:14","package_dimensions":"20x20x30","package_weight":"2","package_description":"Electronics","pickup_coords":{"lat":25.2828566,"lng":83.0001793},"dropoff_coords":{"lat":25.3110799,"lng":82.986443},"selected_drone":"drone1","total_amount":100,"pickup_lat":25.2828566,"pickup_lng":83.0001793,"dropoff_lat":25.3110799,"dropoff_lng":82.986443,"payment_method":"card","delivery_lat":25.3110799,"delivery_lng":82.986443}
[2025-04-27 19:39:46] Executing query with params: Array
(
    [:user_id] => 8
    [:order_id] => DR-680E6BE2B1C1E
    [:pickup_address] => Saket Nagar Colony, Sankata Mochan Leprosy, Varanasi, Uttar Pradesh 221005, India
    [:delivery_address] => Sigra, Varanasi, Uttar Pradesh, India
    [:pickup_lat] => 25.2828566
    [:pickup_lng] => 83.0001793
    [:delivery_lat] => 25.3110799
    [:delivery_lng] => 82.986443
    [:scheduled_date] => 2025-04-27
    [:scheduled_time] => 23:14
    [:package_weight] => 2
    [:package_dimensions] => 20x20x30
    [:total_amount] => 100
    [:order_status] => pending
    [:payment_status] => pending
)

[2025-04-27 19:40:14] Polling worker command: start /B "" "C:\xampp\php\php.exe" "C:\xampp\htdocs\ayndrome-api\api\simulate_drone_worker.php" "DR-680E6BE2B1C1E" > NUL 2>&1
[2025-04-27 19:52:59] Session data: Array
(
    [user_id] => 8
    [email] => shashanksaket9@gmail.com
    [first_name] => Shashank
    [last_name] => Anjali
)

[2025-04-27 19:52:59] Cookie data: Array
(
    [PHPSESSID] => 3f53g4q9199lqm78mgfmc7mb2b
)

[2025-04-27 19:52:59] Received JSON data: {"pickup_address":"Saket Nagar Colony, Sankata Mochan Leprosy, Varanasi, Uttar Pradesh 221005, India","delivery_address":"BHU - Lanka Rd, Saket Nagar Colony, Lanka, Varanasi, Uttar Pradesh 221005, India","scheduled_date":"2025-04-27","scheduled_time":"16:27","package_dimensions":"20x20x30","package_weight":"2","package_description":"Electronics","pickup_coords":{"lat":25.2828566,"lng":83.0001793},"dropoff_coords":{"lat":25.2798345,"lng":83.0027315},"selected_drone":"drone1","total_amount":100,"pickup_lat":25.2828566,"pickup_lng":83.0001793,"dropoff_lat":25.2798345,"dropoff_lng":83.0027315,"payment_method":"card","delivery_lat":25.2798345,"delivery_lng":83.0027315}
[2025-04-27 19:52:59] Executing query with params: Array
(
    [:user_id] => 8
    [:order_id] => DR-680E6EFB5E70F
    [:pickup_address] => Saket Nagar Colony, Sankata Mochan Leprosy, Varanasi, Uttar Pradesh 221005, India
    [:delivery_address] => BHU - Lanka Rd, Saket Nagar Colony, Lanka, Varanasi, Uttar Pradesh 221005, India
    [:pickup_lat] => 25.2828566
    [:pickup_lng] => 83.0001793
    [:delivery_lat] => 25.2798345
    [:delivery_lng] => 83.0027315
    [:scheduled_date] => 2025-04-27
    [:scheduled_time] => 16:27
    [:package_weight] => 2
    [:package_dimensions] => 20x20x30
    [:total_amount] => 100
    [:order_status] => pending
    [:payment_status] => pending
)

[2025-04-27 19:53:10] Polling worker command: start /B "" "C:\xampp\php\php.exe" "C:\xampp\htdocs\ayndrome-api\api\simulate_drone_worker.php" "DR-680E6EFB5E70F" > NUL 2>&1
[2025-04-27 20:03:18] Session data: Array
(
    [user_id] => 8
    [email] => shashanksaket9@gmail.com
    [first_name] => Shashank
    [last_name] => Anjali
)

[2025-04-27 20:03:18] Cookie data: Array
(
    [PHPSESSID] => 3f53g4q9199lqm78mgfmc7mb2b
)

[2025-04-27 20:03:18] Received JSON data: {"pickup_address":"Saket Nagar Colony, Sankata Mochan Leprosy, Varanasi, Uttar Pradesh 221005, India","delivery_address":"Sigra, Varanasi, Uttar Pradesh, India","scheduled_date":"2025-04-27","scheduled_time":"14:35","package_dimensions":"30x50","package_weight":"2","package_description":"Electronics","pickup_coords":{"lat":25.2828566,"lng":83.0001793},"dropoff_coords":{"lat":25.3110799,"lng":82.986443},"selected_drone":"drone1","total_amount":100,"pickup_lat":25.2828566,"pickup_lng":83.0001793,"dropoff_lat":25.3110799,"dropoff_lng":82.986443,"payment_method":"card","delivery_lat":25.3110799,"delivery_lng":82.986443}
[2025-04-27 20:03:18] Executing query with params: Array
(
    [:user_id] => 8
    [:order_id] => DR-680E7166B6E86
    [:pickup_address] => Saket Nagar Colony, Sankata Mochan Leprosy, Varanasi, Uttar Pradesh 221005, India
    [:delivery_address] => Sigra, Varanasi, Uttar Pradesh, India
    [:pickup_lat] => 25.2828566
    [:pickup_lng] => 83.0001793
    [:delivery_lat] => 25.3110799
    [:delivery_lng] => 82.986443
    [:scheduled_date] => 2025-04-27
    [:scheduled_time] => 14:35
    [:package_weight] => 2
    [:package_dimensions] => 30x50
    [:total_amount] => 100
    [:order_status] => pending
    [:payment_status] => pending
)

[2025-04-27 20:03:41] Polling worker command: start /B "" "C:\xampp\php\php.exe" "C:\xampp\htdocs\ayndrome-api\api\simulate_drone_worker.php" "DR-680E7166B6E86" > NUL 2>&1
[2025-04-27 20:07:50] Session data: Array
(
    [user_id] => 8
    [email] => shashanksaket9@gmail.com
    [first_name] => Shashank
    [last_name] => Anjali
)

[2025-04-27 20:07:50] Cookie data: Array
(
    [PHPSESSID] => 3f53g4q9199lqm78mgfmc7mb2b
)

[2025-04-27 20:07:50] Received JSON data: {"pickup_address":"Saket Nagar Colony, Sankata Mochan Leprosy, Varanasi, Uttar Pradesh 221005, India","delivery_address":"BHU - Lanka Rd, Saket Nagar Colony, Lanka, Varanasi, Uttar Pradesh 221005, India","scheduled_date":"2025-04-27","scheduled_time":"15:41","package_dimensions":"20x20x30","package_weight":"2","package_description":"Electronics","pickup_coords":{"lat":25.2828566,"lng":83.0001793},"dropoff_coords":{"lat":25.2798345,"lng":83.0027315},"selected_drone":"drone1","total_amount":100,"pickup_lat":25.2828566,"pickup_lng":83.0001793,"dropoff_lat":25.2798345,"dropoff_lng":83.0027315,"payment_method":"card","delivery_lat":25.2798345,"delivery_lng":83.0027315}
[2025-04-27 20:07:50] Executing query with params: Array
(
    [:user_id] => 8
    [:order_id] => DR-680E7276EB77E
    [:pickup_address] => Saket Nagar Colony, Sankata Mochan Leprosy, Varanasi, Uttar Pradesh 221005, India
    [:delivery_address] => BHU - Lanka Rd, Saket Nagar Colony, Lanka, Varanasi, Uttar Pradesh 221005, India
    [:pickup_lat] => 25.2828566
    [:pickup_lng] => 83.0001793
    [:delivery_lat] => 25.2798345
    [:delivery_lng] => 83.0027315
    [:scheduled_date] => 2025-04-27
    [:scheduled_time] => 15:41
    [:package_weight] => 2
    [:package_dimensions] => 20x20x30
    [:total_amount] => 100
    [:order_status] => pending
    [:payment_status] => pending
)

[2025-04-27 20:14:18] Session data: Array
(
    [user_id] => 8
    [email] => shashanksaket9@gmail.com
    [first_name] => Shashank
    [last_name] => Anjali
)

[2025-04-27 20:14:18] Cookie data: Array
(
    [PHPSESSID] => 3f53g4q9199lqm78mgfmc7mb2b
)

[2025-04-27 20:14:18] Received JSON data: {"pickup_address":"Saket Nagar Colony, Sankata Mochan Leprosy, Varanasi, Uttar Pradesh 221005, India","delivery_address":"Sigra, Varanasi, Uttar Pradesh, India","scheduled_date":"2025-04-27","scheduled_time":"17:48","package_dimensions":"20x20x30","package_weight":"2","package_description":"Electronics","pickup_coords":{"lat":25.2828566,"lng":83.0001793},"dropoff_coords":{"lat":25.3110799,"lng":82.986443},"selected_drone":"drone1","total_amount":100,"pickup_lat":25.2828566,"pickup_lng":83.0001793,"dropoff_lat":25.3110799,"dropoff_lng":82.986443,"payment_method":"card","delivery_lat":25.3110799,"delivery_lng":82.986443}
[2025-04-27 20:14:18] Executing query with params: Array
(
    [:user_id] => 8
    [:order_id] => DR-680E73FAA901F
    [:pickup_address] => Saket Nagar Colony, Sankata Mochan Leprosy, Varanasi, Uttar Pradesh 221005, India
    [:delivery_address] => Sigra, Varanasi, Uttar Pradesh, India
    [:pickup_lat] => 25.2828566
    [:pickup_lng] => 83.0001793
    [:delivery_lat] => 25.3110799
    [:delivery_lng] => 82.986443
    [:scheduled_date] => 2025-04-27
    [:scheduled_time] => 17:48
    [:package_weight] => 2
    [:package_dimensions] => 20x20x30
    [:total_amount] => 100
    [:order_status] => pending
    [:payment_status] => pending
)

[2025-04-27 20:14:27] Polling worker command: start /B "" "C:\xampp\php\php.exe" "C:\xampp\htdocs\ayndrome-api\api\simulate_drone_worker.php" "DR-680E73FAA901F" > NUL 2>&1
[2025-04-27 20:18:51] Session data: Array
(
    [user_id] => 8
    [email] => shashanksaket9@gmail.com
    [first_name] => Shashank
    [last_name] => Anjali
)

[2025-04-27 20:18:51] Cookie data: Array
(
    [PHPSESSID] => 3f53g4q9199lqm78mgfmc7mb2b
)

[2025-04-27 20:18:51] Received JSON data: {"pickup_address":"Saket Nagar, Kanpur, Uttar Pradesh, India","delivery_address":"Sigra, Varanasi, Uttar Pradesh, India","scheduled_date":"2025-04-27","scheduled_time":"16:53","package_dimensions":"20x20x30","package_weight":"2","package_description":"Electronics","pickup_coords":{"lat":26.4329432,"lng":80.3125991},"dropoff_coords":{"lat":25.3110799,"lng":82.986443},"selected_drone":"drone1","total_amount":100,"pickup_lat":26.4329432,"pickup_lng":80.3125991,"dropoff_lat":25.3110799,"dropoff_lng":82.986443,"payment_method":"card","delivery_lat":25.3110799,"delivery_lng":82.986443}
[2025-04-27 20:18:51] Executing query with params: Array
(
    [:user_id] => 8
    [:order_id] => DR-680E750B81AC1
    [:pickup_address] => Saket Nagar, Kanpur, Uttar Pradesh, India
    [:delivery_address] => Sigra, Varanasi, Uttar Pradesh, India
    [:pickup_lat] => 26.4329432
    [:pickup_lng] => 80.3125991
    [:delivery_lat] => 25.3110799
    [:delivery_lng] => 82.986443
    [:scheduled_date] => 2025-04-27
    [:scheduled_time] => 16:53
    [:package_weight] => 2
    [:package_dimensions] => 20x20x30
    [:total_amount] => 100
    [:order_status] => pending
    [:payment_status] => pending
)

[2025-04-27 20:19:09] Polling worker command: start /B "" "C:\xampp\php\php.exe" "C:\xampp\htdocs\ayndrome-api\api\simulate_drone_worker.php" "DR-680E750B81AC1" > NUL 2>&1
[2025-04-27 20:25:32] Session data: Array
(
    [user_id] => 8
    [email] => shashanksaket9@gmail.com
    [first_name] => Shashank
    [last_name] => Anjali
)

[2025-04-27 20:25:32] Cookie data: Array
(
    [PHPSESSID] => 3f53g4q9199lqm78mgfmc7mb2b
)

[2025-04-27 20:25:32] Received JSON data: {"pickup_address":"Saket Nagar, Kanpur, Uttar Pradesh, India","delivery_address":"BHU - Lanka Rd, Saket Nagar Colony, Lanka, Varanasi, Uttar Pradesh 221005, India","scheduled_date":"2025-04-27","scheduled_time":"14:54","package_dimensions":"20x20x30","package_weight":"2","package_description":"Electronics","pickup_coords":{"lat":26.4329432,"lng":80.3125991},"dropoff_coords":{"lat":25.2798345,"lng":83.0027315},"selected_drone":"drone1","total_amount":100,"pickup_lat":26.4329432,"pickup_lng":80.3125991,"dropoff_lat":25.2798345,"dropoff_lng":83.0027315,"payment_method":"card","delivery_lat":25.2798345,"delivery_lng":83.0027315}
[2025-04-27 20:25:32] Executing query with params: Array
(
    [:user_id] => 8
    [:order_id] => DR-680E769CAC005
    [:pickup_address] => Saket Nagar, Kanpur, Uttar Pradesh, India
    [:delivery_address] => BHU - Lanka Rd, Saket Nagar Colony, Lanka, Varanasi, Uttar Pradesh 221005, India
    [:pickup_lat] => 26.4329432
    [:pickup_lng] => 80.3125991
    [:delivery_lat] => 25.2798345
    [:delivery_lng] => 83.0027315
    [:scheduled_date] => 2025-04-27
    [:scheduled_time] => 14:54
    [:package_weight] => 2
    [:package_dimensions] => 20x20x30
    [:total_amount] => 100
    [:order_status] => pending
    [:payment_status] => pending
)

[2025-04-27 20:25:57] Polling worker command: start /B "" "C:\xampp\php\php.exe" "C:\xampp\htdocs\ayndrome-api\api\simulate_drone_worker.php" "DR-680E769CAC005" > NUL 2>&1
[2025-04-27 20:30:36] Session data: Array
(
    [user_id] => 8
    [email] => shashanksaket9@gmail.com
    [first_name] => Shashank
    [last_name] => Anjali
)

[2025-04-27 20:30:36] Cookie data: Array
(
    [PHPSESSID] => 3f53g4q9199lqm78mgfmc7mb2b
)

[2025-04-27 20:30:36] Received JSON data: {"pickup_address":"Saket Nagar Colony, Sankata Mochan Leprosy, Varanasi, Uttar Pradesh 221005, India","delivery_address":"BHU - Lanka Rd, Saket Nagar Colony, Lanka, Varanasi, Uttar Pradesh 221005, India","scheduled_date":"2025-04-28","scheduled_time":"06:05","package_dimensions":"30x50","package_weight":"2","package_description":"Electronics","pickup_coords":{"lat":25.2828566,"lng":83.0001793},"dropoff_coords":{"lat":25.2798345,"lng":83.0027315},"selected_drone":"drone1","total_amount":100,"pickup_lat":25.2828566,"pickup_lng":83.0001793,"dropoff_lat":25.2798345,"dropoff_lng":83.0027315,"payment_method":"card","delivery_lat":25.2798345,"delivery_lng":83.0027315}
[2025-04-27 20:30:36] Executing query with params: Array
(
    [:user_id] => 8
    [:order_id] => DR-680E77CC238B4
    [:pickup_address] => Saket Nagar Colony, Sankata Mochan Leprosy, Varanasi, Uttar Pradesh 221005, India
    [:delivery_address] => BHU - Lanka Rd, Saket Nagar Colony, Lanka, Varanasi, Uttar Pradesh 221005, India
    [:pickup_lat] => 25.2828566
    [:pickup_lng] => 83.0001793
    [:delivery_lat] => 25.2798345
    [:delivery_lng] => 83.0027315
    [:scheduled_date] => 2025-04-28
    [:scheduled_time] => 06:05
    [:package_weight] => 2
    [:package_dimensions] => 30x50
    [:total_amount] => 100
    [:order_status] => pending
    [:payment_status] => pending
)

[2025-04-27 20:31:16] Polling worker command: start /B "" "C:\xampp\php\php.exe" "C:\xampp\htdocs\ayndrome-api\api\simulate_drone_worker.php" "DR-680E77CC238B4" > NUL 2>&1
[2025-04-27 20:34:41] Session data: Array
(
    [user_id] => 8
    [email] => shashanksaket9@gmail.com
    [first_name] => Shashank
    [last_name] => Anjali
)

[2025-04-27 20:34:41] Cookie data: Array
(
    [PHPSESSID] => 3f53g4q9199lqm78mgfmc7mb2b
)

[2025-04-27 20:34:41] Received JSON data: {"pickup_address":"Snaketown, AZ 85249, USA","delivery_address":"Budapest, Hungary","scheduled_date":"2025-04-28","scheduled_time":"04:09","package_dimensions":"20x20x30","package_weight":"2","package_description":"Electronics","pickup_coords":{"lat":33.18310659999999,"lng":-111.9195843},"dropoff_coords":{"lat":47.497912,"lng":19.040235},"selected_drone":"drone1","total_amount":100,"pickup_lat":33.18310659999999,"pickup_lng":-111.9195843,"dropoff_lat":47.497912,"dropoff_lng":19.040235,"payment_method":"card","delivery_lat":47.497912,"delivery_lng":19.040235}
[2025-04-27 20:34:41] Executing query with params: Array
(
    [:user_id] => 8
    [:order_id] => DR-680E78C1CCE66
    [:pickup_address] => Snaketown, AZ 85249, USA
    [:delivery_address] => Budapest, Hungary
    [:pickup_lat] => 33.1831066
    [:pickup_lng] => -111.9195843
    [:delivery_lat] => 47.497912
    [:delivery_lng] => 19.040235
    [:scheduled_date] => 2025-04-28
    [:scheduled_time] => 04:09
    [:package_weight] => 2
    [:package_dimensions] => 20x20x30
    [:total_amount] => 100
    [:order_status] => pending
    [:payment_status] => pending
)

[2025-04-27 20:34:57] Polling worker command: start /B "" "C:\xampp\php\php.exe" "C:\xampp\htdocs\ayndrome-api\api\simulate_drone_worker.php" "DR-680E78C1CCE66" > NUL 2>&1
[2025-04-27 20:40:19] Session data: Array
(
    [user_id] => 8
    [email] => shashanksaket9@gmail.com
    [first_name] => Shashank
    [last_name] => Anjali
)

[2025-04-27 20:40:19] Cookie data: Array
(
    [PHPSESSID] => 3f53g4q9199lqm78mgfmc7mb2b
)

[2025-04-27 20:40:19] Received JSON data: {"pickup_address":"BHU - Lanka Rd, Saket Nagar Colony, Lanka, Varanasi, Uttar Pradesh 221005, India","delivery_address":"10West, Sant Nagar, Sainik Farm, New Delhi, Delhi 110084, India","scheduled_date":"2025-04-28","scheduled_time":"02:11","package_dimensions":"30x50","package_weight":"2","package_description":"Electronics","pickup_coords":{"lat":25.2798345,"lng":83.0027315},"dropoff_coords":{"lat":28.520493,"lng":77.20161399999999},"selected_drone":"drone1","total_amount":100,"pickup_lat":25.2798345,"pickup_lng":83.0027315,"dropoff_lat":28.520493,"dropoff_lng":77.20161399999999,"payment_method":"card","delivery_lat":28.520493,"delivery_lng":77.20161399999999}
[2025-04-27 20:40:19] Executing query with params: Array
(
    [:user_id] => 8
    [:order_id] => DR-680E7A1328ACE
    [:pickup_address] => BHU - Lanka Rd, Saket Nagar Colony, Lanka, Varanasi, Uttar Pradesh 221005, India
    [:delivery_address] => 10West, Sant Nagar, Sainik Farm, New Delhi, Delhi 110084, India
    [:pickup_lat] => 25.2798345
    [:pickup_lng] => 83.0027315
    [:delivery_lat] => 28.520493
    [:delivery_lng] => 77.201614
    [:scheduled_date] => 2025-04-28
    [:scheduled_time] => 02:11
    [:package_weight] => 2
    [:package_dimensions] => 30x50
    [:total_amount] => 100
    [:order_status] => pending
    [:payment_status] => pending
)

[2025-04-27 20:40:27] Polling worker command: start /B "" "C:\xampp\php\php.exe" "C:\xampp\htdocs\ayndrome-api\api\simulate_drone_worker.php" "DR-680E7A1328ACE" > NUL 2>&1
[2025-04-27 20:43:51] Session data: Array
(
    [user_id] => 8
    [email] => shashanksaket9@gmail.com
    [first_name] => Shashank
    [last_name] => Anjali
)

[2025-04-27 20:43:51] Cookie data: Array
(
    [PHPSESSID] => 3f53g4q9199lqm78mgfmc7mb2b
)

[2025-04-27 20:43:51] Received JSON data: {"pickup_address":"Saket Nagar Colony, Sankata Mochan Leprosy, Varanasi, Uttar Pradesh 221005, India","delivery_address":"BHU - Lanka Rd, Saket Nagar Colony, Lanka, Varanasi, Uttar Pradesh 221005, India","scheduled_date":"2025-04-28","scheduled_time":"03:16","package_dimensions":"30x50","package_weight":"2","package_description":"Electronics","pickup_coords":{"lat":25.2828566,"lng":83.0001793},"dropoff_coords":{"lat":25.2798345,"lng":83.0027315},"selected_drone":"drone1","total_amount":100,"pickup_lat":25.2828566,"pickup_lng":83.0001793,"dropoff_lat":25.2798345,"dropoff_lng":83.0027315,"payment_method":"card","delivery_lat":25.2798345,"delivery_lng":83.0027315}
[2025-04-27 20:43:51] Executing query with params: Array
(
    [:user_id] => 8
    [:order_id] => DR-680E7AE789C98
    [:pickup_address] => Saket Nagar Colony, Sankata Mochan Leprosy, Varanasi, Uttar Pradesh 221005, India
    [:delivery_address] => BHU - Lanka Rd, Saket Nagar Colony, Lanka, Varanasi, Uttar Pradesh 221005, India
    [:pickup_lat] => 25.2828566
    [:pickup_lng] => 83.0001793
    [:delivery_lat] => 25.2798345
    [:delivery_lng] => 83.0027315
    [:scheduled_date] => 2025-04-28
    [:scheduled_time] => 03:16
    [:package_weight] => 2
    [:package_dimensions] => 30x50
    [:total_amount] => 100
    [:order_status] => pending
    [:payment_status] => pending
)

[2025-04-27 20:44:10] Polling worker command: start /B "" "C:\xampp\php\php.exe" "C:\xampp\htdocs\ayndrome-api\api\simulate_drone_worker.php" "DR-680E7AE789C98" > NUL 2>&1
[2025-04-27 20:48:45] Session data: Array
(
    [user_id] => 8
    [email] => shashanksaket9@gmail.com
    [first_name] => Shashank
    [last_name] => Anjali
)

[2025-04-27 20:48:45] Cookie data: Array
(
    [PHPSESSID] => 3f53g4q9199lqm78mgfmc7mb2b
)

[2025-04-27 20:48:45] Received JSON data: {"pickup_address":"Saket Nagar Colony, Sankata Mochan Leprosy, Varanasi, Uttar Pradesh 221005, India","delivery_address":"BHU - Lanka Rd, Saket Nagar Colony, Lanka, Varanasi, Uttar Pradesh 221005, India","scheduled_date":"2025-04-28","scheduled_time":"05:23","package_dimensions":"30x50","package_weight":"2","package_description":"Electronics","pickup_coords":{"lat":25.2828566,"lng":83.0001793},"dropoff_coords":{"lat":25.2798345,"lng":83.0027315},"selected_drone":"drone1","total_amount":100,"pickup_lat":25.2828566,"pickup_lng":83.0001793,"dropoff_lat":25.2798345,"dropoff_lng":83.0027315,"payment_method":"card","delivery_lat":25.2798345,"delivery_lng":83.0027315}
[2025-04-27 20:48:45] Executing query with params: Array
(
    [:user_id] => 8
    [:order_id] => DR-680E7C0D73993
    [:pickup_address] => Saket Nagar Colony, Sankata Mochan Leprosy, Varanasi, Uttar Pradesh 221005, India
    [:delivery_address] => BHU - Lanka Rd, Saket Nagar Colony, Lanka, Varanasi, Uttar Pradesh 221005, India
    [:pickup_lat] => 25.2828566
    [:pickup_lng] => 83.0001793
    [:delivery_lat] => 25.2798345
    [:delivery_lng] => 83.0027315
    [:scheduled_date] => 2025-04-28
    [:scheduled_time] => 05:23
    [:package_weight] => 2
    [:package_dimensions] => 30x50
    [:total_amount] => 100
    [:order_status] => pending
    [:payment_status] => pending
)

[2025-04-27 20:49:02] Polling worker command: start /B "" "C:\xampp\php\php.exe" "C:\xampp\htdocs\ayndrome-api\api\simulate_drone_worker.php" "DR-680E7C0D73993" > NUL 2>&1
[2025-04-27 20:58:08] Session data: Array
(
    [user_id] => 8
    [email] => shashanksaket9@gmail.com
    [first_name] => Shashank
    [last_name] => Anjali
)

[2025-04-27 20:58:08] Cookie data: Array
(
    [PHPSESSID] => 3f53g4q9199lqm78mgfmc7mb2b
)

[2025-04-27 20:58:08] Received JSON data: {"pickup_address":"Saket Nagar Colony, Sankata Mochan Leprosy, Varanasi, Uttar Pradesh 221005, India","delivery_address":"BHU - Lanka Rd, Saket Nagar Colony, Lanka, Varanasi, Uttar Pradesh 221005, India","scheduled_date":"2025-04-28","scheduled_time":"04:31","package_dimensions":"30x50","package_weight":"2","package_description":"Electronics","pickup_coords":{"lat":25.2828566,"lng":83.0001793},"dropoff_coords":{"lat":25.2798345,"lng":83.0027315},"selected_drone":"drone1","total_amount":100,"pickup_lat":25.2828566,"pickup_lng":83.0001793,"dropoff_lat":25.2798345,"dropoff_lng":83.0027315,"payment_method":"card","delivery_lat":25.2798345,"delivery_lng":83.0027315}
[2025-04-27 20:58:08] Executing query with params: Array
(
    [:user_id] => 8
    [:order_id] => DR-680E7E406CE96
    [:pickup_address] => Saket Nagar Colony, Sankata Mochan Leprosy, Varanasi, Uttar Pradesh 221005, India
    [:delivery_address] => BHU - Lanka Rd, Saket Nagar Colony, Lanka, Varanasi, Uttar Pradesh 221005, India
    [:pickup_lat] => 25.2828566
    [:pickup_lng] => 83.0001793
    [:delivery_lat] => 25.2798345
    [:delivery_lng] => 83.0027315
    [:scheduled_date] => 2025-04-28
    [:scheduled_time] => 04:31
    [:package_weight] => 2
    [:package_dimensions] => 30x50
    [:total_amount] => 100
    [:order_status] => pending
    [:payment_status] => pending
)

[2025-04-27 20:58:24] Polling worker command: start /B "" "C:\xampp\php\php.exe" "C:\xampp\htdocs\ayndrome-api\api\simulate_drone_worker.php" "DR-680E7E406CE96" > NUL 2>&1
[2025-04-27 21:09:06] Session data: Array
(
    [user_id] => 8
    [email] => shashanksaket9@gmail.com
    [first_name] => Shashank
    [last_name] => Anjali
)

[2025-04-27 21:09:06] Cookie data: Array
(
    [PHPSESSID] => 3f53g4q9199lqm78mgfmc7mb2b
)

[2025-04-27 21:09:06] Received JSON data: {"pickup_address":"Saket Nagar Colony, Sankata Mochan Leprosy, Varanasi, Uttar Pradesh 221005, India","delivery_address":"BHU - Lanka Rd, Saket Nagar Colony, Lanka, Varanasi, Uttar Pradesh 221005, India","scheduled_date":"2025-04-28","scheduled_time":"05:43","package_dimensions":"20x20x30","package_weight":"2","package_description":"Electronics","pickup_coords":{"lat":25.2828566,"lng":83.0001793},"dropoff_coords":{"lat":25.2798345,"lng":83.0027315},"selected_drone":"drone1","total_amount":100,"pickup_lat":25.2828566,"pickup_lng":83.0001793,"dropoff_lat":25.2798345,"dropoff_lng":83.0027315,"payment_method":"card","delivery_lat":25.2798345,"delivery_lng":83.0027315}
[2025-04-27 21:09:06] Executing query with params: Array
(
    [:user_id] => 8
    [:order_id] => DR-680E80D2B2D84
    [:pickup_address] => Saket Nagar Colony, Sankata Mochan Leprosy, Varanasi, Uttar Pradesh 221005, India
    [:delivery_address] => BHU - Lanka Rd, Saket Nagar Colony, Lanka, Varanasi, Uttar Pradesh 221005, India
    [:pickup_lat] => 25.2828566
    [:pickup_lng] => 83.0001793
    [:delivery_lat] => 25.2798345
    [:delivery_lng] => 83.0027315
    [:scheduled_date] => 2025-04-28
    [:scheduled_time] => 05:43
    [:package_weight] => 2
    [:package_dimensions] => 20x20x30
    [:total_amount] => 100
    [:order_status] => pending
    [:payment_status] => pending
)

[2025-04-27 21:09:22] Polling worker command: start /B "" "C:\xampp\php\php.exe" "C:\xampp\htdocs\ayndrome-api\api\simulate_drone_worker.php" "DR-680E80D2B2D84" > NUL 2>&1
[2025-04-27 21:16:38] Session data: Array
(
    [user_id] => 8
    [email] => shashanksaket9@gmail.com
    [first_name] => Shashank
    [last_name] => Anjali
)

[2025-04-27 21:16:38] Cookie data: Array
(
    [PHPSESSID] => 3f53g4q9199lqm78mgfmc7mb2b
)

[2025-04-27 21:16:38] Received JSON data: {"pickup_address":"Saket Nagar Colony, Sankata Mochan Leprosy, Varanasi, Uttar Pradesh 221005, India","delivery_address":"BHU - Lanka Rd, Saket Nagar Colony, Lanka, Varanasi, Uttar Pradesh 221005, India","scheduled_date":"2025-04-28","scheduled_time":"04:46","package_dimensions":"30x50","package_weight":"2","package_description":"Electronics","pickup_coords":{"lat":25.2828566,"lng":83.0001793},"dropoff_coords":{"lat":25.2798345,"lng":83.0027315},"selected_drone":"drone1","total_amount":100,"pickup_lat":25.2828566,"pickup_lng":83.0001793,"dropoff_lat":25.2798345,"dropoff_lng":83.0027315,"payment_method":"card","delivery_lat":25.2798345,"delivery_lng":83.0027315}
[2025-04-27 21:16:38] Executing query with params: Array
(
    [:user_id] => 8
    [:order_id] => DR-680E8296E1565
    [:pickup_address] => Saket Nagar Colony, Sankata Mochan Leprosy, Varanasi, Uttar Pradesh 221005, India
    [:delivery_address] => BHU - Lanka Rd, Saket Nagar Colony, Lanka, Varanasi, Uttar Pradesh 221005, India
    [:pickup_lat] => 25.2828566
    [:pickup_lng] => 83.0001793
    [:delivery_lat] => 25.2798345
    [:delivery_lng] => 83.0027315
    [:scheduled_date] => 2025-04-28
    [:scheduled_time] => 04:46
    [:package_weight] => 2
    [:package_dimensions] => 30x50
    [:total_amount] => 100
    [:order_status] => pending
    [:payment_status] => pending
)

[2025-04-27 21:20:18] Session data: Array
(
    [user_id] => 8
    [email] => shashanksaket9@gmail.com
    [first_name] => Shashank
    [last_name] => Anjali
)

[2025-04-27 21:20:18] Cookie data: Array
(
    [PHPSESSID] => 3f53g4q9199lqm78mgfmc7mb2b
)

[2025-04-27 21:20:18] Received JSON data: {"pickup_address":"Saket Nagar Colony, Sankata Mochan Leprosy, Varanasi, Uttar Pradesh 221005, India","delivery_address":"BHU - Lanka Rd, Saket Nagar Colony, Lanka, Varanasi, Uttar Pradesh 221005, India","scheduled_date":"2025-04-28","scheduled_time":"05:55","package_dimensions":"20x20x30","package_weight":"2","package_description":"Electronics","pickup_coords":{"lat":25.2828566,"lng":83.0001793},"dropoff_coords":{"lat":25.2798345,"lng":83.0027315},"selected_drone":"drone1","total_amount":100,"pickup_lat":25.2828566,"pickup_lng":83.0001793,"dropoff_lat":25.2798345,"dropoff_lng":83.0027315,"payment_method":"card","delivery_lat":25.2798345,"delivery_lng":83.0027315}
[2025-04-27 21:20:18] Executing query with params: Array
(
    [:user_id] => 8
    [:order_id] => DR-680E8372A5433
    [:pickup_address] => Saket Nagar Colony, Sankata Mochan Leprosy, Varanasi, Uttar Pradesh 221005, India
    [:delivery_address] => BHU - Lanka Rd, Saket Nagar Colony, Lanka, Varanasi, Uttar Pradesh 221005, India
    [:pickup_lat] => 25.2828566
    [:pickup_lng] => 83.0001793
    [:delivery_lat] => 25.2798345
    [:delivery_lng] => 83.0027315
    [:scheduled_date] => 2025-04-28
    [:scheduled_time] => 05:55
    [:package_weight] => 2
    [:package_dimensions] => 20x20x30
    [:total_amount] => 100
    [:order_status] => pending
    [:payment_status] => pending
)

[2025-04-27 21:20:35] Polling worker command: start /B "" "C:\xampp\php\php.exe" "C:\xampp\htdocs\ayndrome-api\api\simulate_drone_worker.php" "DR-680E8372A5433" > NUL 2>&1
[2025-04-27 21:27:51] Session data: Array
(
    [user_id] => 8
    [email] => shashanksaket9@gmail.com
    [first_name] => Shashank
    [last_name] => Anjali
)

[2025-04-27 21:27:51] Cookie data: Array
(
    [PHPSESSID] => 3f53g4q9199lqm78mgfmc7mb2b
)

[2025-04-27 21:27:51] Received JSON data: {"pickup_address":"Saket Nagar Colony, Sankata Mochan Leprosy, Varanasi, Uttar Pradesh 221005, India","delivery_address":"BHU - Lanka Rd, Saket Nagar Colony, Lanka, Varanasi, Uttar Pradesh 221005, India","scheduled_date":"2025-04-28","scheduled_time":"04:01","package_dimensions":"20x20x30","package_weight":"3","package_description":"Electronics","pickup_coords":{"lat":25.2828566,"lng":83.0001793},"dropoff_coords":{"lat":25.2798345,"lng":83.0027315},"selected_drone":"drone2","total_amount":100,"pickup_lat":25.2828566,"pickup_lng":83.0001793,"dropoff_lat":25.2798345,"dropoff_lng":83.0027315,"payment_method":"card","delivery_lat":25.2798345,"delivery_lng":83.0027315}
[2025-04-27 21:27:51] Executing query with params: Array
(
    [:user_id] => 8
    [:order_id] => DR-680E8537D7CCD
    [:pickup_address] => Saket Nagar Colony, Sankata Mochan Leprosy, Varanasi, Uttar Pradesh 221005, India
    [:delivery_address] => BHU - Lanka Rd, Saket Nagar Colony, Lanka, Varanasi, Uttar Pradesh 221005, India
    [:pickup_lat] => 25.2828566
    [:pickup_lng] => 83.0001793
    [:delivery_lat] => 25.2798345
    [:delivery_lng] => 83.0027315
    [:scheduled_date] => 2025-04-28
    [:scheduled_time] => 04:01
    [:package_weight] => 3
    [:package_dimensions] => 20x20x30
    [:total_amount] => 100
    [:order_status] => pending
    [:payment_status] => pending
)

[2025-04-27 21:28:04] Polling worker command: start /B "" "C:\xampp\php\php.exe" "C:\xampp\htdocs\ayndrome-api\api\simulate_drone_worker.php" "DR-680E8537D7CCD" > NUL 2>&1
[2025-04-27 21:34:33] Session data: Array
(
    [user_id] => 8
    [email] => shashanksaket9@gmail.com
    [first_name] => Shashank
    [last_name] => Anjali
)

[2025-04-27 21:34:33] Cookie data: Array
(
    [PHPSESSID] => 3f53g4q9199lqm78mgfmc7mb2b
)

[2025-04-27 21:34:33] Received JSON data: {"pickup_address":"Saket Nagar Colony, Sankata Mochan Leprosy, Varanasi, Uttar Pradesh 221005, India","delivery_address":"BHU - Lanka Rd, Saket Nagar Colony, Lanka, Varanasi, Uttar Pradesh 221005, India","scheduled_date":"2025-04-28","scheduled_time":"01:10","package_dimensions":"20x20x30","package_weight":"5","package_description":"Electronics","pickup_coords":{"lat":25.2828566,"lng":83.0001793},"dropoff_coords":{"lat":25.2798345,"lng":83.0027315},"selected_drone":"drone2","total_amount":100,"pickup_lat":25.2828566,"pickup_lng":83.0001793,"dropoff_lat":25.2798345,"dropoff_lng":83.0027315,"payment_method":"card","delivery_lat":25.2798345,"delivery_lng":83.0027315}
[2025-04-27 21:34:33] Executing query with params: Array
(
    [:user_id] => 8
    [:order_id] => DR-680E86C93FA2C
    [:pickup_address] => Saket Nagar Colony, Sankata Mochan Leprosy, Varanasi, Uttar Pradesh 221005, India
    [:delivery_address] => BHU - Lanka Rd, Saket Nagar Colony, Lanka, Varanasi, Uttar Pradesh 221005, India
    [:pickup_lat] => 25.2828566
    [:pickup_lng] => 83.0001793
    [:delivery_lat] => 25.2798345
    [:delivery_lng] => 83.0027315
    [:scheduled_date] => 2025-04-28
    [:scheduled_time] => 01:10
    [:package_weight] => 5
    [:package_dimensions] => 20x20x30
    [:total_amount] => 100
    [:order_status] => pending
    [:payment_status] => pending
)

[2025-04-27 21:34:42] Polling worker command: start /B "" "C:\xampp\php\php.exe" "C:\xampp\htdocs\ayndrome-api\api\simulate_drone_worker.php" "DR-680E86C93FA2C" > NUL 2>&1
[2025-04-27 21:36:54] Session data: Array
(
    [user_id] => 8
    [email] => shashanksaket9@gmail.com
    [first_name] => Shashank
    [last_name] => Anjali
)

[2025-04-27 21:36:54] Cookie data: Array
(
    [PHPSESSID] => 3f53g4q9199lqm78mgfmc7mb2b
)

[2025-04-27 21:36:54] Received JSON data: {"pickup_address":"Saket Nagar Colony, Sankata Mochan Leprosy, Varanasi, Uttar Pradesh 221005, India","delivery_address":"BHU - Lanka Rd, Saket Nagar Colony, Lanka, Varanasi, Uttar Pradesh 221005, India","scheduled_date":"2025-04-28","scheduled_time":"06:06","package_dimensions":"30","package_weight":"2","package_description":"Electronics","pickup_coords":{"lat":25.2828566,"lng":83.0001793},"dropoff_coords":{"lat":25.2798345,"lng":83.0027315},"selected_drone":"drone2","total_amount":100,"pickup_lat":25.2828566,"pickup_lng":83.0001793,"dropoff_lat":25.2798345,"dropoff_lng":83.0027315,"payment_method":"card","delivery_lat":25.2798345,"delivery_lng":83.0027315}
[2025-04-27 21:36:54] Executing query with params: Array
(
    [:user_id] => 8
    [:order_id] => DR-680E875626571
    [:pickup_address] => Saket Nagar Colony, Sankata Mochan Leprosy, Varanasi, Uttar Pradesh 221005, India
    [:delivery_address] => BHU - Lanka Rd, Saket Nagar Colony, Lanka, Varanasi, Uttar Pradesh 221005, India
    [:pickup_lat] => 25.2828566
    [:pickup_lng] => 83.0001793
    [:delivery_lat] => 25.2798345
    [:delivery_lng] => 83.0027315
    [:scheduled_date] => 2025-04-28
    [:scheduled_time] => 06:06
    [:package_weight] => 2
    [:package_dimensions] => 30
    [:total_amount] => 100
    [:order_status] => pending
    [:payment_status] => pending
)

[2025-04-27 21:37:11] Polling worker command: start /B "" "C:\xampp\php\php.exe" "C:\xampp\htdocs\ayndrome-api\api\simulate_drone_worker.php" "DR-680E875626571" > NUL 2>&1
[2025-04-27 21:42:27] Session data: Array
(
    [user_id] => 8
    [email] => shashanksaket9@gmail.com
    [first_name] => Shashank
    [last_name] => Anjali
)

[2025-04-27 21:42:27] Cookie data: Array
(
    [PHPSESSID] => 3f53g4q9199lqm78mgfmc7mb2b
)

[2025-04-27 21:42:27] Received JSON data: {"pickup_address":"Saket Nagar Colony, Sankata Mochan Leprosy, Varanasi, Uttar Pradesh 221005, India","delivery_address":"BHU - Lanka Rd, Saket Nagar Colony, Lanka, Varanasi, Uttar Pradesh 221005, India","scheduled_date":"2025-04-28","scheduled_time":"08:17","package_dimensions":"20x20x30","package_weight":"2","package_description":"Electronics","pickup_coords":{"lat":25.2828566,"lng":83.0001793},"dropoff_coords":{"lat":25.2798345,"lng":83.0027315},"selected_drone":"drone1","total_amount":100,"pickup_lat":25.2828566,"pickup_lng":83.0001793,"dropoff_lat":25.2798345,"dropoff_lng":83.0027315,"payment_method":"card","delivery_lat":25.2798345,"delivery_lng":83.0027315}
[2025-04-27 21:42:27] Executing query with params: Array
(
    [:user_id] => 8
    [:order_id] => DR-680E88A3AAADF
    [:pickup_address] => Saket Nagar Colony, Sankata Mochan Leprosy, Varanasi, Uttar Pradesh 221005, India
    [:delivery_address] => BHU - Lanka Rd, Saket Nagar Colony, Lanka, Varanasi, Uttar Pradesh 221005, India
    [:pickup_lat] => 25.2828566
    [:pickup_lng] => 83.0001793
    [:delivery_lat] => 25.2798345
    [:delivery_lng] => 83.0027315
    [:scheduled_date] => 2025-04-28
    [:scheduled_time] => 08:17
    [:package_weight] => 2
    [:package_dimensions] => 20x20x30
    [:total_amount] => 100
    [:order_status] => pending
    [:payment_status] => pending
)

[2025-04-27 21:42:39] Polling worker command: start /B "" "C:\xampp\php\php.exe" "C:\xampp\htdocs\ayndrome-api\api\simulate_drone_worker.php" "DR-680E88A3AAADF" > NUL 2>&1
[2025-04-27 22:26:18] Session data: Array
(
    [user_id] => 8
    [email] => shashanksaket9@gmail.com
    [first_name] => Shashank
    [last_name] => Anjali
)

[2025-04-27 22:26:18] Cookie data: Array
(
    [PHPSESSID] => 3f53g4q9199lqm78mgfmc7mb2b
)

[2025-04-27 22:26:18] Received JSON data: {"pickup_address":"Saket Nagar Colony, Sankata Mochan Leprosy, Varanasi, Uttar Pradesh 221005, India","delivery_address":"BHU - Lanka Rd, Saket Nagar Colony, Lanka, Varanasi, Uttar Pradesh 221005, India","scheduled_date":"2025-04-28","scheduled_time":"06:00","package_dimensions":"20x20x30","package_weight":"3","package_description":"Electronics","pickup_coords":{"lat":25.2828566,"lng":83.0001793},"dropoff_coords":{"lat":25.2798345,"lng":83.0027315},"selected_drone":"drone2","total_amount":100,"pickup_lat":25.2828566,"pickup_lng":83.0001793,"dropoff_lat":25.2798345,"dropoff_lng":83.0027315,"payment_method":"card","delivery_lat":25.2798345,"delivery_lng":83.0027315}
[2025-04-27 22:26:18] Executing query with params: Array
(
    [:user_id] => 8
    [:order_id] => DR-680E92EADB5DF
    [:pickup_address] => Saket Nagar Colony, Sankata Mochan Leprosy, Varanasi, Uttar Pradesh 221005, India
    [:delivery_address] => BHU - Lanka Rd, Saket Nagar Colony, Lanka, Varanasi, Uttar Pradesh 221005, India
    [:pickup_lat] => 25.2828566
    [:pickup_lng] => 83.0001793
    [:delivery_lat] => 25.2798345
    [:delivery_lng] => 83.0027315
    [:scheduled_date] => 2025-04-28
    [:scheduled_time] => 06:00
    [:package_weight] => 3
    [:package_dimensions] => 20x20x30
    [:total_amount] => 100
    [:order_status] => pending
    [:payment_status] => pending
)

[2025-04-27 22:26:32] Polling worker command: start /B "" "C:\xampp\php\php.exe" "C:\xampp\htdocs\ayndrome-api\api\simulate_drone_worker.php" "DR-680E92EADB5DF" > NUL 2>&1
[2025-04-27 22:36:48] Session data: Array
(
    [user_id] => 15
    [email] => ayndrome06@gmail.com
    [first_name] => Ayndrome
    [last_name] => Drone
)

[2025-04-27 22:36:48] Cookie data: Array
(
    [PHPSESSID] => 3f53g4q9199lqm78mgfmc7mb2b
)

[2025-04-27 22:36:48] Received JSON data: {"pickup_address":"Saket Nagar Colony, Sankata Mochan Leprosy, Varanasi, Uttar Pradesh 221005, India","delivery_address":"BHU - Lanka Rd, Saket Nagar Colony, Lanka, Varanasi, Uttar Pradesh 221005, India","scheduled_date":"2025-04-28","scheduled_time":"09:12","package_dimensions":"20x20x30","package_weight":"2","package_description":"Electronics","pickup_coords":{"lat":25.2828566,"lng":83.0001793},"dropoff_coords":{"lat":25.2798345,"lng":83.0027315},"selected_drone":"drone1","total_amount":100,"pickup_lat":25.2828566,"pickup_lng":83.0001793,"dropoff_lat":25.2798345,"dropoff_lng":83.0027315,"payment_method":"card","delivery_lat":25.2798345,"delivery_lng":83.0027315}
[2025-04-27 22:36:48] Executing query with params: Array
(
    [:user_id] => 15
    [:order_id] => DR-680E956041436
    [:pickup_address] => Saket Nagar Colony, Sankata Mochan Leprosy, Varanasi, Uttar Pradesh 221005, India
    [:delivery_address] => BHU - Lanka Rd, Saket Nagar Colony, Lanka, Varanasi, Uttar Pradesh 221005, India
    [:pickup_lat] => 25.2828566
    [:pickup_lng] => 83.0001793
    [:delivery_lat] => 25.2798345
    [:delivery_lng] => 83.0027315
    [:scheduled_date] => 2025-04-28
    [:scheduled_time] => 09:12
    [:package_weight] => 2
    [:package_dimensions] => 20x20x30
    [:total_amount] => 100
    [:order_status] => pending
    [:payment_status] => pending
)

[2025-04-27 22:37:01] Polling worker command: start /B "" "C:\xampp\php\php.exe" "C:\xampp\htdocs\ayndrome-api\api\simulate_drone_worker.php" "DR-680E956041436" > NUL 2>&1
[2025-04-27 22:45:02] Session data: Array
(
    [user_id] => 15
    [email] => ayndrome06@gmail.com
    [first_name] => Ayndrome
    [last_name] => Drone
)

[2025-04-27 22:45:02] Cookie data: Array
(
    [PHPSESSID] => 3f53g4q9199lqm78mgfmc7mb2b
)

[2025-04-27 22:45:02] Received JSON data: {"pickup_address":"Airport Rd, Dabolim, Goa 403801, India","delivery_address":"Ahmedabad, Gujarat, India","scheduled_date":"2025-04-28","scheduled_time":"07:19","package_dimensions":"20x20x30","package_weight":"1","package_description":"Electronics","pickup_coords":{"lat":15.3804965,"lng":73.8331652},"dropoff_coords":{"lat":23.022505,"lng":72.5713621},"selected_drone":"drone1","total_amount":100,"pickup_lat":15.3804965,"pickup_lng":73.8331652,"dropoff_lat":23.022505,"dropoff_lng":72.5713621,"payment_method":"card","delivery_lat":23.022505,"delivery_lng":72.5713621}
[2025-04-27 22:45:02] Executing query with params: Array
(
    [:user_id] => 15
    [:order_id] => DR-680E974E41BD2
    [:pickup_address] => Airport Rd, Dabolim, Goa 403801, India
    [:delivery_address] => Ahmedabad, Gujarat, India
    [:pickup_lat] => 15.3804965
    [:pickup_lng] => 73.8331652
    [:delivery_lat] => 23.022505
    [:delivery_lng] => 72.5713621
    [:scheduled_date] => 2025-04-28
    [:scheduled_time] => 07:19
    [:package_weight] => 1
    [:package_dimensions] => 20x20x30
    [:total_amount] => 100
    [:order_status] => pending
    [:payment_status] => pending
)

[2025-04-27 22:45:35] Polling worker command: start /B "" "C:\xampp\php\php.exe" "C:\xampp\htdocs\ayndrome-api\api\simulate_drone_worker.php" "DR-680E974E41BD2" > NUL 2>&1
[2025-04-28 14:40:19] Session data: Array
(
    [user_id] => 15
    [email] => ayndrome06@gmail.com
    [first_name] => Ayndrome
    [last_name] => Drone
)

[2025-04-28 14:40:19] Cookie data: Array
(
    [PHPSESSID] => 3f53g4q9199lqm78mgfmc7mb2b
)

[2025-04-28 14:40:19] Received JSON data: {"pickup_address":"Saket Nagar Colony, Sankata Mochan Leprosy, Varanasi, Uttar Pradesh 221005, India","delivery_address":"BHU - Lanka Rd, Saket Nagar Colony, Lanka, Varanasi, Uttar Pradesh 221005, India","scheduled_date":"2025-04-28","scheduled_time":"23:10","package_dimensions":"20x20x30","package_weight":3,"package_description":"Electronics","pickup_coords":{"lat":25.2828566,"lng":83.0001793},"dropoff_coords":{"lat":25.2798345,"lng":83.0027315},"selected_drone":"drone2","total_amount":100,"base_fare":50,"distance":0.42,"distance_charge":0.84,"weight_surcharge":30,"gst":14.5512,"pickup_lat":25.2828566,"pickup_lng":83.0001793,"dropoff_lat":25.2798345,"dropoff_lng":83.0027315,"payment_method":"card","delivery_lat":25.2798345,"delivery_lng":83.0027315}
[2025-04-28 14:40:19] Executing query with params: Array
(
    [:user_id] => 15
    [:order_id] => DR-680F7733A9DC1
    [:pickup_address] => Saket Nagar Colony, Sankata Mochan Leprosy, Varanasi, Uttar Pradesh 221005, India
    [:delivery_address] => BHU - Lanka Rd, Saket Nagar Colony, Lanka, Varanasi, Uttar Pradesh 221005, India
    [:pickup_lat] => 25.2828566
    [:pickup_lng] => 83.0001793
    [:delivery_lat] => 25.2798345
    [:delivery_lng] => 83.0027315
    [:scheduled_date] => 2025-04-28
    [:scheduled_time] => 23:10
    [:package_weight] => 3
    [:package_dimensions] => 20x20x30
    [:total_amount] => 100
    [:order_status] => pending
    [:payment_status] => pending
)

[2025-04-28 14:40:39] Polling worker command: start /B "" "C:\xampp\php\php.exe" "C:\xampp\htdocs\ayndrome-api\api\simulate_drone_worker.php" "DR-680F7733A9DC1" > NUL 2>&1
[2025-04-28 14:54:37] Session data: Array
(
    [user_id] => 15
    [email] => ayndrome06@gmail.com
    [first_name] => Ayndrome
    [last_name] => Drone
)

[2025-04-28 14:54:37] Cookie data: Array
(
    [PHPSESSID] => 3f53g4q9199lqm78mgfmc7mb2b
)

[2025-04-28 14:54:37] Received JSON data: {"pickup_address":"Saket Nagar Colony, Sankata Mochan Leprosy, Varanasi, Uttar Pradesh 221005, India","delivery_address":"BHU - Lanka Rd, Saket Nagar Colony, Lanka, Varanasi, Uttar Pradesh 221005, India","scheduled_date":"2025-04-28","scheduled_time":"22:25","package_dimensions":"20x20x30","package_weight":5,"package_description":"Electronics","pickup_coords":{"lat":25.2828566,"lng":83.0001793},"dropoff_coords":{"lat":25.2798345,"lng":83.0027315},"selected_drone":"drone2","total_amount":118.9912,"base_fare":50,"distance":0.42,"distance_charge":0.84,"weight_surcharge":50,"gst":18.1512,"pickup_lat":25.2828566,"pickup_lng":83.0001793,"dropoff_lat":25.2798345,"dropoff_lng":83.0027315,"payment_method":"card","delivery_lat":25.2798345,"delivery_lng":83.0027315}
[2025-04-28 14:54:37] Executing query with params: Array
(
    [:user_id] => 15
    [:order_id] => DR-680F7A8D9D7CF
    [:pickup_address] => Saket Nagar Colony, Sankata Mochan Leprosy, Varanasi, Uttar Pradesh 221005, India
    [:delivery_address] => BHU - Lanka Rd, Saket Nagar Colony, Lanka, Varanasi, Uttar Pradesh 221005, India
    [:pickup_lat] => 25.2828566
    [:pickup_lng] => 83.0001793
    [:delivery_lat] => 25.2798345
    [:delivery_lng] => 83.0027315
    [:scheduled_date] => 2025-04-28
    [:scheduled_time] => 22:25
    [:package_weight] => 5
    [:package_dimensions] => 20x20x30
    [:total_amount] => 118.9912
    [:order_status] => pending
    [:payment_status] => pending
)

[2025-04-28 14:54:57] Polling worker command: start /B "" "C:\xampp\php\php.exe" "C:\xampp\htdocs\ayndrome-api\api\simulate_drone_worker.php" "DR-680F7A8D9D7CF" > NUL 2>&1
[2025-04-28 15:00:56] Session data: Array
(
    [user_id] => 15
    [email] => ayndrome06@gmail.com
    [first_name] => Ayndrome
    [last_name] => Drone
)

[2025-04-28 15:00:56] Cookie data: Array
(
    [PHPSESSID] => 3f53g4q9199lqm78mgfmc7mb2b
)

[2025-04-28 15:00:56] Received JSON data: {"pickup_address":"Goa, India","delivery_address":"Varanasi, Babatpur, Uttar Pradesh 221006, India","scheduled_date":"2025-04-28","scheduled_time":"12:36","package_dimensions":"20x20x30","package_weight":7,"package_description":"Electronics","pickup_coords":{"lat":15.2993265,"lng":74.12399599999999},"dropoff_coords":{"lat":25.4506565,"lng":82.8559854},"selected_drone":"drone3","total_amount":3561.0276000000003,"base_fare":50,"distance":1448.91,"distance_charge":2897.82,"weight_surcharge":70,"gst":543.2076,"pickup_lat":15.2993265,"pickup_lng":74.12399599999999,"dropoff_lat":25.4506565,"dropoff_lng":82.8559854,"payment_method":"card","delivery_lat":25.4506565,"delivery_lng":82.8559854}
[2025-04-28 15:00:56] Executing query with params: Array
(
    [:user_id] => 15
    [:order_id] => DR-680F7C086AD50
    [:pickup_address] => Goa, India
    [:delivery_address] => Varanasi, Babatpur, Uttar Pradesh 221006, India
    [:pickup_lat] => 15.2993265
    [:pickup_lng] => 74.123996
    [:delivery_lat] => 25.4506565
    [:delivery_lng] => 82.8559854
    [:scheduled_date] => 2025-04-28
    [:scheduled_time] => 12:36
    [:package_weight] => 7
    [:package_dimensions] => 20x20x30
    [:total_amount] => 3561.0276
    [:order_status] => pending
    [:payment_status] => pending
)

[2025-04-28 15:01:21] Polling worker command: start /B "" "C:\xampp\php\php.exe" "C:\xampp\htdocs\ayndrome-api\api\simulate_drone_worker.php" "DR-680F7C086AD50" > NUL 2>&1
[2025-04-28 15:18:08] Session data: Array
(
    [user_id] => 15
    [email] => ayndrome06@gmail.com
    [first_name] => Ayndrome
    [last_name] => Drone
)

[2025-04-28 15:18:08] Cookie data: Array
(
    [PHPSESSID] => 3f53g4q9199lqm78mgfmc7mb2b
)

[2025-04-28 15:18:08] Received JSON data: {"pickup_address":"Florida, USA","delivery_address":"Russia, Moscow Oblast, Russia","scheduled_date":"2025-04-28","scheduled_time":"23:52","package_dimensions":"30x50","package_weight":1,"package_description":"Electronics","pickup_coords":{"lat":27.6648274,"lng":-81.5157535},"dropoff_coords":{"lat":56.46543519999999,"lng":37.5699891},"selected_drone":"drone3","total_amount":21437,"base_fare":50,"distance":9053.64,"distance_charge":18107.28,"weight_surcharge":10,"gst":3270.1103999999996,"pickup_lat":27.6648274,"pickup_lng":-81.5157535,"dropoff_lat":56.46543519999999,"dropoff_lng":37.5699891,"payment_method":"card","delivery_lat":56.46543519999999,"delivery_lng":37.5699891}
[2025-04-28 15:18:08] Executing query with params: Array
(
    [:user_id] => 15
    [:order_id] => DR-680F8010D3BD4
    [:pickup_address] => Florida, USA
    [:delivery_address] => Russia, Moscow Oblast, Russia
    [:pickup_lat] => 27.6648274
    [:pickup_lng] => -81.5157535
    [:delivery_lat] => 56.4654352
    [:delivery_lng] => 37.5699891
    [:scheduled_date] => 2025-04-28
    [:scheduled_time] => 23:52
    [:package_weight] => 1
    [:package_dimensions] => 30x50
    [:total_amount] => 21437
    [:order_status] => pending
    [:payment_status] => pending
)

[2025-04-28 15:18:18] Polling worker command: start /B "" "C:\xampp\php\php.exe" "C:\xampp\htdocs\ayndrome-api\api\simulate_drone_worker.php" "DR-680F8010D3BD4" > NUL 2>&1
[2025-04-28 15:50:27] Session data: Array
(
    [user_id] => 15
    [email] => ayndrome06@gmail.com
    [first_name] => Ayndrome
    [last_name] => Drone
)

[2025-04-28 15:50:27] Cookie data: Array
(
    [PHPSESSID] => 3f53g4q9199lqm78mgfmc7mb2b
)

[2025-04-28 15:50:27] Received JSON data: {"pickup_address":"Saket Nagar Colony, Sankata Mochan Leprosy, Varanasi, Uttar Pradesh 221005, India","delivery_address":"BHU - Lanka Rd, Saket Nagar Colony, Lanka, Varanasi, Uttar Pradesh 221005, India","scheduled_date":"2025-04-28","scheduled_time":"12:23","package_dimensions":"20x20x30","package_weight":2,"package_description":"Electronics","pickup_coords":{"lat":25.2828566,"lng":83.0001793},"dropoff_coords":{"lat":25.2798345,"lng":83.0027315},"selected_drone":"drone1","total_amount":84,"base_fare":50,"distance":0.42,"distance_charge":0.84,"weight_surcharge":20,"gst":12.7512,"pickup_lat":25.2828566,"pickup_lng":83.0001793,"dropoff_lat":25.2798345,"dropoff_lng":83.0027315,"payment_method":"card","delivery_lat":25.2798345,"delivery_lng":83.0027315}
[2025-04-28 15:50:27] Executing query with params: Array
(
    [:user_id] => 15
    [:order_id] => DR-680F87A362E2C
    [:pickup_address] => Saket Nagar Colony, Sankata Mochan Leprosy, Varanasi, Uttar Pradesh 221005, India
    [:delivery_address] => BHU - Lanka Rd, Saket Nagar Colony, Lanka, Varanasi, Uttar Pradesh 221005, India
    [:pickup_lat] => 25.2828566
    [:pickup_lng] => 83.0001793
    [:delivery_lat] => 25.2798345
    [:delivery_lng] => 83.0027315
    [:scheduled_date] => 2025-04-28
    [:scheduled_time] => 12:23
    [:package_weight] => 2
    [:package_dimensions] => 20x20x30
    [:total_amount] => 84
    [:order_status] => pending
    [:payment_status] => pending
)

[2025-04-28 15:50:53] Polling worker command: start /B "" "C:\xampp\php\php.exe" "C:\xampp\htdocs\ayndrome-api\api\simulate_drone_worker.php" "DR-680F87A362E2C" > NUL 2>&1
[2025-04-28 15:52:46] Session data: Array
(
    [user_id] => 15
    [email] => ayndrome06@gmail.com
    [first_name] => Ayndrome
    [last_name] => Drone
)

[2025-04-28 15:52:46] Cookie data: Array
(
    [PHPSESSID] => 3f53g4q9199lqm78mgfmc7mb2b
)

[2025-04-28 15:52:46] Received JSON data: {"pickup_address":"Airport Rd, Dabolim, Goa 403801, India","delivery_address":"Mumbai, Maharashtra 400099, India","scheduled_date":"2025-04-28","scheduled_time":"12:27","package_dimensions":"30x50","package_weight":2,"package_description":"Electronics","pickup_coords":{"lat":15.3804965,"lng":73.8331652},"dropoff_coords":{"lat":19.0902177,"lng":72.86281199999999},"selected_drone":"drone1","total_amount":1086,"base_fare":50,"distance":425.17,"distance_charge":850.34,"weight_surcharge":20,"gst":165.6612,"pickup_lat":15.3804965,"pickup_lng":73.8331652,"dropoff_lat":19.0902177,"dropoff_lng":72.86281199999999,"payment_method":"card","delivery_lat":19.0902177,"delivery_lng":72.86281199999999}
[2025-04-28 15:52:46] Executing query with params: Array
(
    [:user_id] => 15
    [:order_id] => DR-680F882E11F45
    [:pickup_address] => Airport Rd, Dabolim, Goa 403801, India
    [:delivery_address] => Mumbai, Maharashtra 400099, India
    [:pickup_lat] => 15.3804965
    [:pickup_lng] => 73.8331652
    [:delivery_lat] => 19.0902177
    [:delivery_lng] => 72.862812
    [:scheduled_date] => 2025-04-28
    [:scheduled_time] => 12:27
    [:package_weight] => 2
    [:package_dimensions] => 30x50
    [:total_amount] => 1086
    [:order_status] => pending
    [:payment_status] => pending
)

[2025-04-28 15:55:58] Polling worker command: start /B "" "C:\xampp\php\php.exe" "C:\xampp\htdocs\ayndrome-api\api\simulate_drone_worker.php" "DR-680F882E11F45" > NUL 2>&1
[2025-04-28 16:02:14] Session data: Array
(
    [user_id] => 15
    [email] => ayndrome06@gmail.com
    [first_name] => Ayndrome
    [last_name] => Drone
)

[2025-04-28 16:02:14] Cookie data: Array
(
    [PHPSESSID] => 3f53g4q9199lqm78mgfmc7mb2b
)

[2025-04-28 16:02:14] Received JSON data: {"pickup_address":"Airport Rd, Dabolim, Goa 403801, India","delivery_address":"Mumbai, Maharashtra 400099, India","scheduled_date":"2025-04-28","scheduled_time":"12:31","package_dimensions":"30x50","package_weight":4,"package_description":"Electronics","pickup_coords":{"lat":15.3804965,"lng":73.8331652},"dropoff_coords":{"lat":19.0902177,"lng":72.86281199999999},"selected_drone":"drone2","total_amount":1110,"base_fare":50,"distance":425.17,"distance_charge":850.34,"weight_surcharge":40,"gst":169.2612,"pickup_lat":15.3804965,"pickup_lng":73.8331652,"dropoff_lat":19.0902177,"dropoff_lng":72.86281199999999,"payment_method":"card","delivery_lat":19.0902177,"delivery_lng":72.86281199999999}
[2025-04-28 16:02:14] Executing query with params: Array
(
    [:user_id] => 15
    [:order_id] => DR-680F8A66AC739
    [:pickup_address] => Airport Rd, Dabolim, Goa 403801, India
    [:delivery_address] => Mumbai, Maharashtra 400099, India
    [:pickup_lat] => 15.3804965
    [:pickup_lng] => 73.8331652
    [:delivery_lat] => 19.0902177
    [:delivery_lng] => 72.862812
    [:scheduled_date] => 2025-04-28
    [:scheduled_time] => 12:31
    [:package_weight] => 4
    [:package_dimensions] => 30x50
    [:total_amount] => 1110
    [:order_status] => pending
    [:payment_status] => pending
)

[2025-04-28 16:02:34] Polling worker command: start /B "" "C:\xampp\php\php.exe" "C:\xampp\htdocs\ayndrome-api\api\simulate_drone_worker.php" "DR-680F8A66AC739" > NUL 2>&1
[2025-04-28 16:14:59] Session data: Array
(
    [user_id] => 15
    [email] => ayndrome06@gmail.com
    [first_name] => Ayndrome
    [last_name] => Drone
)

[2025-04-28 16:14:59] Cookie data: Array
(
    [PHPSESSID] => 3f53g4q9199lqm78mgfmc7mb2b
)

[2025-04-28 16:14:59] Received JSON data: {"pickup_address":"10West, Sant Nagar, Sainik Farm, New Delhi, Delhi 110084, India","delivery_address":"BHU - Lanka Rd, Saket Nagar Colony, Lanka, Varanasi, Uttar Pradesh 221005, India","scheduled_date":"2025-04-28","scheduled_time":"12:34","package_dimensions":"20x20x30","package_weight":2,"package_description":"Electronics","pickup_coords":{"lat":28.520493,"lng":77.20161399999999},"dropoff_coords":{"lat":25.2798345,"lng":83.0027315},"selected_drone":"drone2","total_amount":1684,"base_fare":50,"distance":678.64,"distance_charge":1357.28,"weight_surcharge":20,"gst":256.9104,"pickup_lat":28.520493,"pickup_lng":77.20161399999999,"dropoff_lat":25.2798345,"dropoff_lng":83.0027315,"payment_method":"card","delivery_lat":25.2798345,"delivery_lng":83.0027315}
[2025-04-28 16:14:59] Executing query with params: Array
(
    [:user_id] => 15
    [:order_id] => DR-680F8D63C2027
    [:pickup_address] => 10West, Sant Nagar, Sainik Farm, New Delhi, Delhi 110084, India
    [:delivery_address] => BHU - Lanka Rd, Saket Nagar Colony, Lanka, Varanasi, Uttar Pradesh 221005, India
    [:pickup_lat] => 28.520493
    [:pickup_lng] => 77.201614
    [:delivery_lat] => 25.2798345
    [:delivery_lng] => 83.0027315
    [:scheduled_date] => 2025-04-28
    [:scheduled_time] => 12:34
    [:package_weight] => 2
    [:package_dimensions] => 20x20x30
    [:total_amount] => 1684
    [:order_status] => pending
    [:payment_status] => pending
)

[2025-04-28 16:15:28] Polling worker command: start /B "" "C:\xampp\php\php.exe" "C:\xampp\htdocs\ayndrome-api\api\simulate_drone_worker.php" "DR-680F8D63C2027" > NUL 2>&1
[2025-04-28 16:33:17] Session data: Array
(
    [user_id] => 15
    [email] => ayndrome06@gmail.com
    [first_name] => Ayndrome
    [last_name] => Drone
)

[2025-04-28 16:33:17] Cookie data: Array
(
    [PHPSESSID] => 3f53g4q9199lqm78mgfmc7mb2b
)

[2025-04-28 16:33:17] Received JSON data: {"pickup_address":"Saket Nagar Colony, Sankata Mochan Leprosy, Varanasi, Uttar Pradesh 221005, India","delivery_address":"Sigra, Varanasi, Uttar Pradesh, India","scheduled_date":"2025-04-28","scheduled_time":"20:08","package_dimensions":"20x20x30","package_weight":4,"package_description":"Electronics","pickup_coords":{"lat":25.2828566,"lng":83.0001793},"dropoff_coords":{"lat":25.3110799,"lng":82.986443},"selected_drone":"drone2","total_amount":114,"base_fare":50,"distance":3.43,"distance_charge":6.86,"weight_surcharge":40,"gst":17.4348,"pickup_lat":25.2828566,"pickup_lng":83.0001793,"dropoff_lat":25.3110799,"dropoff_lng":82.986443,"payment_method":"card","delivery_lat":25.3110799,"delivery_lng":82.986443}
[2025-04-28 16:33:17] Executing query with params: Array
(
    [:user_id] => 15
    [:order_id] => DR-680F91AD80654
    [:pickup_address] => Saket Nagar Colony, Sankata Mochan Leprosy, Varanasi, Uttar Pradesh 221005, India
    [:delivery_address] => Sigra, Varanasi, Uttar Pradesh, India
    [:pickup_lat] => 25.2828566
    [:pickup_lng] => 83.0001793
    [:delivery_lat] => 25.3110799
    [:delivery_lng] => 82.986443
    [:scheduled_date] => 2025-04-28
    [:scheduled_time] => 20:08
    [:package_weight] => 4
    [:package_dimensions] => 20x20x30
    [:total_amount] => 114
    [:order_status] => pending
    [:payment_status] => pending
)

[2025-04-28 16:33:26] Polling worker command: start /B "" "C:\xampp\php\php.exe" "C:\xampp\htdocs\ayndrome-api\api\simulate_drone_worker.php" "DR-680F91AD80654" > NUL 2>&1
[2025-04-28 16:36:31] Session data: Array
(
    [user_id] => 15
    [email] => ayndrome06@gmail.com
    [first_name] => Ayndrome
    [last_name] => Drone
)

[2025-04-28 16:36:31] Cookie data: Array
(
    [PHPSESSID] => 3f53g4q9199lqm78mgfmc7mb2b
)

[2025-04-28 16:36:31] Received JSON data: {"pickup_address":"Airport Rd, Dabolim, Goa 403801, India","delivery_address":"Mumbai, Maharashtra 400099, India","scheduled_date":"2025-04-28","scheduled_time":"13:11","package_dimensions":"20x20x30","package_weight":3,"package_description":"Electronics","pickup_coords":{"lat":15.3804965,"lng":73.8331652},"dropoff_coords":{"lat":19.0902177,"lng":72.86281199999999},"selected_drone":"drone2","total_amount":1098,"base_fare":50,"distance":425.17,"distance_charge":850.34,"weight_surcharge":30,"gst":167.4612,"pickup_lat":15.3804965,"pickup_lng":73.8331652,"dropoff_lat":19.0902177,"dropoff_lng":72.86281199999999,"payment_method":"card","delivery_lat":19.0902177,"delivery_lng":72.86281199999999}
[2025-04-28 16:36:31] Executing query with params: Array
(
    [:user_id] => 15
    [:order_id] => DR-680F926F6C6FB
    [:pickup_address] => Airport Rd, Dabolim, Goa 403801, India
    [:delivery_address] => Mumbai, Maharashtra 400099, India
    [:pickup_lat] => 15.3804965
    [:pickup_lng] => 73.8331652
    [:delivery_lat] => 19.0902177
    [:delivery_lng] => 72.862812
    [:scheduled_date] => 2025-04-28
    [:scheduled_time] => 13:11
    [:package_weight] => 3
    [:package_dimensions] => 20x20x30
    [:total_amount] => 1098
    [:order_status] => pending
    [:payment_status] => pending
)

[2025-04-28 16:37:08] Polling worker command: start /B "" "C:\xampp\php\php.exe" "C:\xampp\htdocs\ayndrome-api\api\simulate_drone_worker.php" "DR-680F926F6C6FB" > NUL 2>&1
[2025-04-28 16:40:47] Session data: Array
(
    [user_id] => 15
    [email] => ayndrome06@gmail.com
    [first_name] => Ayndrome
    [last_name] => Drone
)

[2025-04-28 16:40:47] Cookie data: Array
(
    [PHPSESSID] => 3f53g4q9199lqm78mgfmc7mb2b
)

[2025-04-28 16:40:47] Received JSON data: {"pickup_address":"Airport Rd, Dabolim, Goa 403801, India","delivery_address":"Mumbai, Maharashtra 400099, India","scheduled_date":"2025-04-28","scheduled_time":"12:14","package_dimensions":"20x20x30","package_weight":2,"package_description":"Electronics","pickup_coords":{"lat":15.3804965,"lng":73.8331652},"dropoff_coords":{"lat":19.0902177,"lng":72.86281199999999},"selected_drone":"drone1","total_amount":1086,"base_fare":50,"distance":425.17,"distance_charge":850.34,"weight_surcharge":20,"gst":165.6612,"pickup_lat":15.3804965,"pickup_lng":73.8331652,"dropoff_lat":19.0902177,"dropoff_lng":72.86281199999999,"payment_method":"card","delivery_lat":19.0902177,"delivery_lng":72.86281199999999}
[2025-04-28 16:40:47] Executing query with params: Array
(
    [:user_id] => 15
    [:order_id] => DR-680F936F567FD
    [:pickup_address] => Airport Rd, Dabolim, Goa 403801, India
    [:delivery_address] => Mumbai, Maharashtra 400099, India
    [:pickup_lat] => 15.3804965
    [:pickup_lng] => 73.8331652
    [:delivery_lat] => 19.0902177
    [:delivery_lng] => 72.862812
    [:scheduled_date] => 2025-04-28
    [:scheduled_time] => 12:14
    [:package_weight] => 2
    [:package_dimensions] => 20x20x30
    [:total_amount] => 1086
    [:order_status] => pending
    [:payment_status] => pending
)

[2025-04-28 16:43:01] Polling worker command: start /B "" "C:\xampp\php\php.exe" "C:\xampp\htdocs\ayndrome-api\api\simulate_drone_worker.php" "DR-680F936F567FD" > NUL 2>&1
[2025-04-28 16:52:43] Session data: Array
(
    [user_id] => 15
    [email] => ayndrome06@gmail.com
    [first_name] => Ayndrome
    [last_name] => Drone
)

[2025-04-28 16:52:43] Cookie data: Array
(
    [PHPSESSID] => 3f53g4q9199lqm78mgfmc7mb2b
)

[2025-04-28 16:52:43] Received JSON data: {"pickup_address":"Saket Nagar Colony, Lanka, Varanasi, Uttar Pradesh, India","delivery_address":"Varanasi, Babatpur, Uttar Pradesh 221006, India","scheduled_date":"2025-04-28","scheduled_time":"13:27","package_dimensions":"30x50","package_weight":2,"package_description":"Electronics","pickup_coords":{"lat":25.2814092,"lng":82.99786259999999},"dropoff_coords":{"lat":25.4506565,"lng":82.8559854},"selected_drone":"drone1","total_amount":138,"base_fare":50,"distance":23.61,"distance_charge":47.22,"weight_surcharge":20,"gst":21.0996,"pickup_lat":25.2814092,"pickup_lng":82.99786259999999,"dropoff_lat":25.4506565,"dropoff_lng":82.8559854,"payment_method":"card","delivery_lat":25.4506565,"delivery_lng":82.8559854}
[2025-04-28 16:52:43] Executing query with params: Array
(
    [:user_id] => 15
    [:order_id] => DR-680F963B70E74
    [:pickup_address] => Saket Nagar Colony, Lanka, Varanasi, Uttar Pradesh, India
    [:delivery_address] => Varanasi, Babatpur, Uttar Pradesh 221006, India
    [:pickup_lat] => 25.2814092
    [:pickup_lng] => 82.9978626
    [:delivery_lat] => 25.4506565
    [:delivery_lng] => 82.8559854
    [:scheduled_date] => 2025-04-28
    [:scheduled_time] => 13:27
    [:package_weight] => 2
    [:package_dimensions] => 30x50
    [:total_amount] => 138
    [:order_status] => pending
    [:payment_status] => pending
)

[2025-04-28 16:53:06] Polling worker command: start /B "" "C:\xampp\php\php.exe" "C:\xampp\htdocs\ayndrome-api\api\simulate_drone_worker.php" "DR-680F963B70E74" > NUL 2>&1
[2025-04-28 17:01:45] Session data: Array
(
    [user_id] => 15
    [email] => ayndrome06@gmail.com
    [first_name] => Ayndrome
    [last_name] => Drone
)

[2025-04-28 17:01:45] Cookie data: Array
(
    [PHPSESSID] => 3f53g4q9199lqm78mgfmc7mb2b
)

[2025-04-28 17:01:45] Received JSON data: {"pickup_address":"Saket Nagar Colony, Lanka, Varanasi, Uttar Pradesh, India","delivery_address":"Varanasi, Babatpur, Uttar Pradesh 221006, India","scheduled_date":"2025-04-28","scheduled_time":"12:35","package_dimensions":"20x20x30","package_weight":3,"package_description":"Electronics","pickup_coords":{"lat":25.2814092,"lng":82.99786259999999},"dropoff_coords":{"lat":25.4506565,"lng":82.8559854},"selected_drone":"drone2","total_amount":150,"base_fare":50,"distance":23.61,"distance_charge":47.22,"weight_surcharge":30,"gst":22.8996,"pickup_lat":25.2814092,"pickup_lng":82.99786259999999,"dropoff_lat":25.4506565,"dropoff_lng":82.8559854,"payment_method":"card","delivery_lat":25.4506565,"delivery_lng":82.8559854}
[2025-04-28 17:01:45] Executing query with params: Array
(
    [:user_id] => 15
    [:order_id] => DR-680F98592B07A
    [:pickup_address] => Saket Nagar Colony, Lanka, Varanasi, Uttar Pradesh, India
    [:delivery_address] => Varanasi, Babatpur, Uttar Pradesh 221006, India
    [:pickup_lat] => 25.2814092
    [:pickup_lng] => 82.9978626
    [:delivery_lat] => 25.4506565
    [:delivery_lng] => 82.8559854
    [:scheduled_date] => 2025-04-28
    [:scheduled_time] => 12:35
    [:package_weight] => 3
    [:package_dimensions] => 20x20x30
    [:total_amount] => 150
    [:order_status] => pending
    [:payment_status] => pending
)

[2025-04-28 17:01:57] Polling worker command: start /B "" "C:\xampp\php\php.exe" "C:\xampp\htdocs\ayndrome-api\api\simulate_drone_worker.php" "DR-680F98592B07A" > NUL 2>&1
[2025-04-28 17:13:50] Session data: Array
(
    [user_id] => 15
    [email] => ayndrome06@gmail.com
    [first_name] => Ayndrome
    [last_name] => Drone
)

[2025-04-28 17:13:50] Cookie data: Array
(
    [PHPSESSID] => 3f53g4q9199lqm78mgfmc7mb2b
)

[2025-04-28 17:13:50] Received JSON data: {"pickup_address":"7M4V+M98 Lovely Professional University, Law Gate Rd, Maheru, Phagwara, Punjab 144411, India","delivery_address":"7P64+8Q7, Punjab 144411, India","scheduled_date":"2025-04-28","scheduled_time":"14:49","package_dimensions":"20x20x30","package_weight":2,"package_description":"Electronics","pickup_coords":{"lat":31.2566621,"lng":75.6934642},"dropoff_coords":{"lat":31.2607955,"lng":75.7069368},"selected_drone":"drone1","total_amount":86,"base_fare":50,"distance":1.36,"distance_charge":2.72,"weight_surcharge":20,"gst":13.089599999999999,"pickup_lat":31.2566621,"pickup_lng":75.6934642,"dropoff_lat":31.2607955,"dropoff_lng":75.7069368,"payment_method":"card","delivery_lat":31.2607955,"delivery_lng":75.7069368}
[2025-04-28 17:13:50] Executing query with params: Array
(
    [:user_id] => 15
    [:order_id] => DR-680F9B2E3F792
    [:pickup_address] => 7M4V+M98 Lovely Professional University, Law Gate Rd, Maheru, Phagwara, Punjab 144411, India
    [:delivery_address] => 7P64+8Q7, Punjab 144411, India
    [:pickup_lat] => 31.2566621
    [:pickup_lng] => 75.6934642
    [:delivery_lat] => 31.2607955
    [:delivery_lng] => 75.7069368
    [:scheduled_date] => 2025-04-28
    [:scheduled_time] => 14:49
    [:package_weight] => 2
    [:package_dimensions] => 20x20x30
    [:total_amount] => 86
    [:order_status] => pending
    [:payment_status] => pending
)

[2025-04-28 17:13:57] Polling worker command: start /B "" "C:\xampp\php\php.exe" "C:\xampp\htdocs\ayndrome-api\api\simulate_drone_worker.php" "DR-680F9B2E3F792" > NUL 2>&1
[2025-04-28 17:18:01] Session data: Array
(
    [user_id] => 15
    [email] => ayndrome06@gmail.com
    [first_name] => Ayndrome
    [last_name] => Drone
)

[2025-04-28 17:18:01] Cookie data: Array
(
    [PHPSESSID] => 3f53g4q9199lqm78mgfmc7mb2b
)

[2025-04-28 17:18:01] Received JSON data: {"pickup_address":"7P54+WC8, Kapurthala, Punjab 144411, India","delivery_address":"7M4V+M98 Lovely Professional University, Law Gate Rd, Maheru, Phagwara, Punjab 144411, India","scheduled_date":"2025-04-28","scheduled_time":"13:53","package_dimensions":"20x20x30","package_weight":4,"package_description":"Electronics","pickup_coords":{"lat":31.2597979,"lng":75.706087},"dropoff_coords":{"lat":31.2566621,"lng":75.6934642},"selected_drone":"drone2","total_amount":109,"base_fare":50,"distance":1.25,"distance_charge":2.5,"weight_surcharge":40,"gst":16.65,"pickup_lat":31.2597979,"pickup_lng":75.706087,"dropoff_lat":31.2566621,"dropoff_lng":75.6934642,"payment_method":"card","delivery_lat":31.2566621,"delivery_lng":75.6934642}
[2025-04-28 17:18:01] Executing query with params: Array
(
    [:user_id] => 15
    [:order_id] => DR-680F9C29AAA31
    [:pickup_address] => 7P54+WC8, Kapurthala, Punjab 144411, India
    [:delivery_address] => 7M4V+M98 Lovely Professional University, Law Gate Rd, Maheru, Phagwara, Punjab 144411, India
    [:pickup_lat] => 31.2597979
    [:pickup_lng] => 75.706087
    [:delivery_lat] => 31.2566621
    [:delivery_lng] => 75.6934642
    [:scheduled_date] => 2025-04-28
    [:scheduled_time] => 13:53
    [:package_weight] => 4
    [:package_dimensions] => 20x20x30
    [:total_amount] => 109
    [:order_status] => pending
    [:payment_status] => pending
)

[2025-04-28 17:18:20] Polling worker command: start /B "" "C:\xampp\php\php.exe" "C:\xampp\htdocs\ayndrome-api\api\simulate_drone_worker.php" "DR-680F9C29AAA31" real 6 5 30 > NUL 2>&1
[2025-04-28 17:36:56] Session data: Array
(
    [user_id] => 15
    [email] => ayndrome06@gmail.com
    [first_name] => Ayndrome
    [last_name] => Drone
)

[2025-04-28 17:36:56] Cookie data: Array
(
    [PHPSESSID] => 3f53g4q9199lqm78mgfmc7mb2b
)

[2025-04-28 17:36:56] Received JSON data: {"pickup_address":"Sigra, Varanasi, Uttar Pradesh, India","delivery_address":"Varanasi, Babatpur, Uttar Pradesh 221006, India","scheduled_date":"2025-04-28","scheduled_time":"14:11","package_dimensions":"20x20x30","package_weight":2,"package_description":"Electronics","pickup_coords":{"lat":25.3110799,"lng":82.986443},"dropoff_coords":{"lat":25.4506565,"lng":82.8559854},"selected_drone":"drone1","total_amount":131,"base_fare":50,"distance":20.31,"distance_charge":40.62,"weight_surcharge":20,"gst":19.9116,"pickup_lat":25.3110799,"pickup_lng":82.986443,"dropoff_lat":25.4506565,"dropoff_lng":82.8559854,"payment_method":"card","delivery_lat":25.4506565,"delivery_lng":82.8559854}
[2025-04-28 17:36:56] Executing query with params: Array
(
    [:user_id] => 15
    [:order_id] => DR-680FA098081F5
    [:pickup_address] => Sigra, Varanasi, Uttar Pradesh, India
    [:delivery_address] => Varanasi, Babatpur, Uttar Pradesh 221006, India
    [:pickup_lat] => 25.3110799
    [:pickup_lng] => 82.986443
    [:delivery_lat] => 25.4506565
    [:delivery_lng] => 82.8559854
    [:scheduled_date] => 2025-04-28
    [:scheduled_time] => 14:11
    [:package_weight] => 2
    [:package_dimensions] => 20x20x30
    [:total_amount] => 131
    [:order_status] => pending
    [:payment_status] => pending
)

[2025-04-28 17:37:30] Polling worker command: start /B "" "C:\xampp\php\php.exe" "C:\xampp\htdocs\ayndrome-api\api\simulate_drone_worker.php" "DR-680FA098081F5" fake 6 24 5 > NUL 2>&1
[2025-04-28 19:10:29] Session data: Array
(
    [user_id] => 15
    [email] => ayndrome06@gmail.com
    [first_name] => Ayndrome
    [last_name] => Drone
)

[2025-04-28 19:10:29] Cookie data: Array
(
    [PHPSESSID] => 3f53g4q9199lqm78mgfmc7mb2b
)

[2025-04-28 19:10:29] Received JSON data: {"pickup_address":"Saket Nagar Colony, Sankata Mochan Leprosy, Varanasi, Uttar Pradesh 221005, India","delivery_address":"Lanka, Varanasi, Uttar Pradesh, India","scheduled_date":"2025-04-28","scheduled_time":"14:43","package_dimensions":"20x20x30","package_weight":2,"package_description":"Electronics","pickup_coords":{"lat":25.2828566,"lng":83.0001793},"dropoff_coords":{"lat":25.2814092,"lng":82.99786259999999},"selected_drone":"drone1","total_amount":83,"base_fare":50,"distance":0.28,"distance_charge":0.56,"weight_surcharge":20,"gst":12.7008,"pickup_lat":25.2828566,"pickup_lng":83.0001793,"dropoff_lat":25.2814092,"dropoff_lng":82.99786259999999,"payment_method":"card","delivery_lat":25.2814092,"delivery_lng":82.99786259999999}
[2025-04-28 19:10:29] Executing query with params: Array
(
    [:user_id] => 15
    [:order_id] => DR-680FB685CE8E9
    [:pickup_address] => Saket Nagar Colony, Sankata Mochan Leprosy, Varanasi, Uttar Pradesh 221005, India
    [:delivery_address] => Lanka, Varanasi, Uttar Pradesh, India
    [:pickup_lat] => 25.2828566
    [:pickup_lng] => 83.0001793
    [:delivery_lat] => 25.2814092
    [:delivery_lng] => 82.9978626
    [:scheduled_date] => 2025-04-28
    [:scheduled_time] => 14:43
    [:package_weight] => 2
    [:package_dimensions] => 20x20x30
    [:total_amount] => 83
    [:order_status] => pending
    [:payment_status] => pending
)

[2025-04-28 19:10:42] Polling worker command: start /B "" "C:\xampp\php\php.exe" "C:\xampp\htdocs\ayndrome-api\api\simulate_drone_worker.php" "DR-680FB685CE8E9" fake 6 24 5 > NUL 2>&1
[2025-04-28 19:19:03] Session data: Array
(
    [user_id] => 15
    [email] => ayndrome06@gmail.com
    [first_name] => Ayndrome
    [last_name] => Drone
)

[2025-04-28 19:19:03] Cookie data: Array
(
    [PHPSESSID] => 3f53g4q9199lqm78mgfmc7mb2b
)

[2025-04-28 19:19:03] Received JSON data: {"pickup_address":"Saket Nagar Colony, Sankata Mochan Leprosy, Varanasi, Uttar Pradesh 221005, India","delivery_address":"BHU - Lanka Rd, Saket Nagar Colony, Lanka, Varanasi, Uttar Pradesh 221005, India","scheduled_date":"2025-04-28","scheduled_time":"15:48","package_dimensions":"20x20x30","package_weight":5,"package_description":"Electronics","pickup_coords":{"lat":25.2828566,"lng":83.0001793},"dropoff_coords":{"lat":25.2798345,"lng":83.0027315},"selected_drone":"drone2","total_amount":119,"base_fare":50,"distance":0.42,"distance_charge":0.84,"weight_surcharge":50,"gst":18.1512,"pickup_lat":25.2828566,"pickup_lng":83.0001793,"dropoff_lat":25.2798345,"dropoff_lng":83.0027315,"payment_method":"card","delivery_lat":25.2798345,"delivery_lng":83.0027315}
[2025-04-28 19:19:03] Executing query with params: Array
(
    [:user_id] => 15
    [:order_id] => DR-680FB88736C7A
    [:pickup_address] => Saket Nagar Colony, Sankata Mochan Leprosy, Varanasi, Uttar Pradesh 221005, India
    [:delivery_address] => BHU - Lanka Rd, Saket Nagar Colony, Lanka, Varanasi, Uttar Pradesh 221005, India
    [:pickup_lat] => 25.2828566
    [:pickup_lng] => 83.0001793
    [:delivery_lat] => 25.2798345
    [:delivery_lng] => 83.0027315
    [:scheduled_date] => 2025-04-28
    [:scheduled_time] => 15:48
    [:package_weight] => 5
    [:package_dimensions] => 20x20x30
    [:total_amount] => 119
    [:order_status] => pending
    [:payment_status] => pending
)

[2025-04-28 19:19:15] Polling worker command: start /B "" "C:\xampp\php\php.exe" "C:\xampp\htdocs\ayndrome-api\api\simulate_drone_worker.php" "DR-680FB88736C7A" fake 6 24 3 > NUL 2>&1
[2025-04-28 19:27:10] Session data: Array
(
    [user_id] => 15
    [email] => ayndrome06@gmail.com
    [first_name] => Ayndrome
    [last_name] => Drone
)

[2025-04-28 19:27:10] Cookie data: Array
(
    [PHPSESSID] => 3f53g4q9199lqm78mgfmc7mb2b
)

[2025-04-28 19:27:10] Received JSON data: {"pickup_address":"Airport Rd, Dabolim, Goa 403801, India","delivery_address":"New Delhi, Delhi 110037, India","scheduled_date":"2025-04-28","scheduled_time":"14:56","package_dimensions":"20x20x30","package_weight":2,"package_description":"Electronics","pickup_coords":{"lat":15.3804965,"lng":73.8331652},"dropoff_coords":{"lat":28.5561437,"lng":77.0999623},"selected_drone":"drone2","total_amount":3630,"base_fare":50,"distance":1503.05,"distance_charge":3006.1,"weight_surcharge":20,"gst":553.698,"pickup_lat":15.3804965,"pickup_lng":73.8331652,"dropoff_lat":28.5561437,"dropoff_lng":77.0999623,"payment_method":"card","delivery_lat":28.5561437,"delivery_lng":77.0999623}
[2025-04-28 19:27:10] Executing query with params: Array
(
    [:user_id] => 15
    [:order_id] => DR-680FBA6EBD1F0
    [:pickup_address] => Airport Rd, Dabolim, Goa 403801, India
    [:delivery_address] => New Delhi, Delhi 110037, India
    [:pickup_lat] => 15.3804965
    [:pickup_lng] => 73.8331652
    [:delivery_lat] => 28.5561437
    [:delivery_lng] => 77.0999623
    [:scheduled_date] => 2025-04-28
    [:scheduled_time] => 14:56
    [:package_weight] => 2
    [:package_dimensions] => 20x20x30
    [:total_amount] => 3630
    [:order_status] => pending
    [:payment_status] => pending
)

[2025-04-28 19:27:24] Polling worker command: start /B "" "C:\xampp\php\php.exe" "C:\xampp\htdocs\ayndrome-api\api\simulate_drone_worker.php" "DR-680FBA6EBD1F0" fake 6 24 3 > NUL 2>&1
[2025-04-28 19:36:34] Session data: Array
(
    [user_id] => 15
    [email] => ayndrome06@gmail.com
    [first_name] => Ayndrome
    [last_name] => Drone
)

[2025-04-28 19:36:34] Cookie data: Array
(
    [PHPSESSID] => 3f53g4q9199lqm78mgfmc7mb2b
)

[2025-04-28 19:36:34] Received JSON data: {"pickup_address":"Saket Nagar Colony, Sankata Mochan Leprosy, Varanasi, Uttar Pradesh 221005, India","delivery_address":"BHU - Lanka Rd, Saket Nagar Colony, Lanka, Varanasi, Uttar Pradesh 221005, India","scheduled_date":"2025-04-28","scheduled_time":"16:11","package_dimensions":"20x20x30","package_weight":5,"package_description":"Electronics","pickup_coords":{"lat":25.2828566,"lng":83.0001793},"dropoff_coords":{"lat":25.2798345,"lng":83.0027315},"selected_drone":"drone3","total_amount":119,"base_fare":50,"distance":0.42,"distance_charge":0.84,"weight_surcharge":50,"gst":18.1512,"pickup_lat":25.2828566,"pickup_lng":83.0001793,"dropoff_lat":25.2798345,"dropoff_lng":83.0027315,"payment_method":"card","delivery_lat":25.2798345,"delivery_lng":83.0027315}
[2025-04-28 19:36:34] Executing query with params: Array
(
    [:user_id] => 15
    [:order_id] => DR-680FBCA2DFA51
    [:pickup_address] => Saket Nagar Colony, Sankata Mochan Leprosy, Varanasi, Uttar Pradesh 221005, India
    [:delivery_address] => BHU - Lanka Rd, Saket Nagar Colony, Lanka, Varanasi, Uttar Pradesh 221005, India
    [:pickup_lat] => 25.2828566
    [:pickup_lng] => 83.0001793
    [:delivery_lat] => 25.2798345
    [:delivery_lng] => 83.0027315
    [:scheduled_date] => 2025-04-28
    [:scheduled_time] => 16:11
    [:package_weight] => 5
    [:package_dimensions] => 20x20x30
    [:total_amount] => 119
    [:order_status] => pending
    [:payment_status] => pending
)

[2025-04-28 19:36:52] Polling worker command: start /B "" "C:\xampp\php\php.exe" "C:\xampp\htdocs\ayndrome-api\api\simulate_drone_worker.php" "DR-680FBCA2DFA51" fake 6 24 3 > NUL 2>&1
[2025-04-28 19:44:21] Session data: Array
(
    [user_id] => 15
    [email] => ayndrome06@gmail.com
    [first_name] => Ayndrome
    [last_name] => Drone
)

[2025-04-28 19:44:21] Cookie data: Array
(
    [PHPSESSID] => 3f53g4q9199lqm78mgfmc7mb2b
)

[2025-04-28 19:44:21] Received JSON data: {"pickup_address":"Airport Rd, Dabolim, Goa 403801, India","delivery_address":"New Delhi, Delhi 110037, India","scheduled_date":"2025-04-28","scheduled_time":"15:18","package_dimensions":"20x20x30","package_weight":4,"package_description":"Electronics","pickup_coords":{"lat":15.3804965,"lng":73.8331652},"dropoff_coords":{"lat":28.5561437,"lng":77.0999623},"selected_drone":"drone2","total_amount":3653,"base_fare":50,"distance":1503.05,"distance_charge":3006.1,"weight_surcharge":40,"gst":557.298,"pickup_lat":15.3804965,"pickup_lng":73.8331652,"dropoff_lat":28.5561437,"dropoff_lng":77.0999623,"payment_method":"card","delivery_lat":28.5561437,"delivery_lng":77.0999623}
[2025-04-28 19:44:21] Executing query with params: Array
(
    [:user_id] => 15
    [:order_id] => DR-680FBE758333E
    [:pickup_address] => Airport Rd, Dabolim, Goa 403801, India
    [:delivery_address] => New Delhi, Delhi 110037, India
    [:pickup_lat] => 15.3804965
    [:pickup_lng] => 73.8331652
    [:delivery_lat] => 28.5561437
    [:delivery_lng] => 77.0999623
    [:scheduled_date] => 2025-04-28
    [:scheduled_time] => 15:18
    [:package_weight] => 4
    [:package_dimensions] => 20x20x30
    [:total_amount] => 3653
    [:order_status] => pending
    [:payment_status] => pending
)

[2025-04-28 19:44:46] Polling worker command: start /B "" "C:\xampp\php\php.exe" "C:\xampp\htdocs\ayndrome-api\api\simulate_drone_worker.php" "DR-680FBE758333E" fake 6 24 3 > NUL 2>&1
[2025-04-28 19:46:26] Session data: Array
(
    [user_id] => 15
    [email] => ayndrome06@gmail.com
    [first_name] => Ayndrome
    [last_name] => Drone
)

[2025-04-28 19:46:26] Cookie data: Array
(
    [PHPSESSID] => 3f53g4q9199lqm78mgfmc7mb2b
)

[2025-04-28 19:46:26] Received JSON data: {"pickup_address":"Airport Rd, Dabolim, Goa 403801, India","delivery_address":"New Delhi, Delhi 110037, India","scheduled_date":"2025-04-28","scheduled_time":"15:16","package_dimensions":"30x50","package_weight":3,"package_description":"Electronics","pickup_coords":{"lat":15.3804965,"lng":73.8331652},"dropoff_coords":{"lat":28.5561437,"lng":77.0999623},"selected_drone":"drone2","total_amount":3642,"base_fare":50,"distance":1503.05,"distance_charge":3006.1,"weight_surcharge":30,"gst":555.4979999999999,"pickup_lat":15.3804965,"pickup_lng":73.8331652,"dropoff_lat":28.5561437,"dropoff_lng":77.0999623,"payment_method":"card","delivery_lat":28.5561437,"delivery_lng":77.0999623}
[2025-04-28 19:46:26] Executing query with params: Array
(
    [:user_id] => 15
    [:order_id] => DR-680FBEF23702E
    [:pickup_address] => Airport Rd, Dabolim, Goa 403801, India
    [:delivery_address] => New Delhi, Delhi 110037, India
    [:pickup_lat] => 15.3804965
    [:pickup_lng] => 73.8331652
    [:delivery_lat] => 28.5561437
    [:delivery_lng] => 77.0999623
    [:scheduled_date] => 2025-04-28
    [:scheduled_time] => 15:16
    [:package_weight] => 3
    [:package_dimensions] => 30x50
    [:total_amount] => 3642
    [:order_status] => pending
    [:payment_status] => pending
)

[2025-04-29 17:27:06] Session data: Array
(
    [user_id] => 8
    [email] => shashanksaket9@gmail.com
    [first_name] => Shashank
    [last_name] => Anjali
)

[2025-04-29 17:27:06] Cookie data: Array
(
    [PHPSESSID] => 4p5gsq0beeu3jl7qlr25nb2j3b
)

[2025-04-29 17:27:06] Received JSON data: {"pickup_address":"Saket Nagar Colony, Sankata Mochan Leprosy, Varanasi, Uttar Pradesh 221005, India","delivery_address":"Sigra, Varanasi, Uttar Pradesh, India","scheduled_date":"2025-04-29","scheduled_time":"12:59","package_dimensions":"30x50","package_weight":5,"package_description":"Electronics","pickup_coords":{"lat":25.2828566,"lng":83.0001793},"dropoff_coords":{"lat":25.3110799,"lng":82.986443},"selected_drone":"drone2","total_amount":126,"base_fare":50,"distance":3.43,"distance_charge":6.86,"weight_surcharge":50,"gst":19.2348,"pickup_lat":25.2828566,"pickup_lng":83.0001793,"dropoff_lat":25.3110799,"dropoff_lng":82.986443,"payment_method":"card","delivery_lat":25.3110799,"delivery_lng":82.986443}
[2025-04-29 17:27:06] Executing query with params: Array
(
    [:user_id] => 8
    [:order_id] => DR-6810EFCA25917
    [:pickup_address] => Saket Nagar Colony, Sankata Mochan Leprosy, Varanasi, Uttar Pradesh 221005, India
    [:delivery_address] => Sigra, Varanasi, Uttar Pradesh, India
    [:pickup_lat] => 25.2828566
    [:pickup_lng] => 83.0001793
    [:delivery_lat] => 25.3110799
    [:delivery_lng] => 82.986443
    [:scheduled_date] => 2025-04-29
    [:scheduled_time] => 12:59
    [:package_weight] => 5
    [:package_dimensions] => 30x50
    [:total_amount] => 126
    [:order_status] => pending
    [:payment_status] => pending
)

[2025-04-29 17:27:34] Polling worker command: start /B "" "C:\xampp\php\php.exe" "C:\xampp\htdocs\ayndrome-api\api\simulate_drone_worker.php" "DR-6810EFCA25917" fake 6 24 3 > NUL 2>&1
[2025-04-29 22:20:58] Polling worker error: SQLSTATE[HY000]: General error: 2006 MySQL server has gone away
[2025-04-29 22:21:28] Polling worker error: SQLSTATE[HY000]: General error: 2006 MySQL server has gone away
[2025-04-29 22:21:58] Polling worker error: SQLSTATE[HY000]: General error: 2006 MySQL server has gone away
[2025-04-29 22:22:28] Polling worker error: SQLSTATE[HY000]: General error: 2006 MySQL server has gone away
[2025-04-29 22:22:58] Polling worker error: SQLSTATE[HY000]: General error: 2006 MySQL server has gone away
[2025-04-29 22:23:28] Polling worker error: SQLSTATE[HY000]: General error: 2006 MySQL server has gone away
[2025-04-29 22:23:58] Polling worker error: SQLSTATE[HY000]: General error: 2006 MySQL server has gone away
[2025-04-29 22:24:28] Polling worker error: SQLSTATE[HY000]: General error: 2006 MySQL server has gone away
[2025-04-29 22:24:58] Polling worker error: SQLSTATE[HY000]: General error: 2006 MySQL server has gone away
[2025-04-29 22:25:28] Polling worker error: SQLSTATE[HY000]: General error: 2006 MySQL server has gone away
[2025-04-29 22:25:58] Polling worker error: SQLSTATE[HY000]: General error: 2006 MySQL server has gone away
[2025-04-29 22:26:28] Polling worker error: SQLSTATE[HY000]: General error: 2006 MySQL server has gone away
[2025-04-29 22:26:58] Polling worker error: SQLSTATE[HY000]: General error: 2006 MySQL server has gone away
[2025-04-29 22:27:28] Polling worker error: SQLSTATE[HY000]: General error: 2006 MySQL server has gone away
[2025-04-29 22:27:58] Polling worker error: SQLSTATE[HY000]: General error: 2006 MySQL server has gone away
[2025-04-29 22:28:28] Polling worker error: SQLSTATE[HY000]: General error: 2006 MySQL server has gone away
[2025-04-29 22:28:58] Polling worker error: SQLSTATE[HY000]: General error: 2006 MySQL server has gone away
[2025-04-29 22:29:28] Polling worker error: SQLSTATE[HY000]: General error: 2006 MySQL server has gone away
[2025-04-29 22:29:58] Polling worker error: SQLSTATE[HY000]: General error: 2006 MySQL server has gone away
[2025-04-29 22:30:28] Polling worker error: SQLSTATE[HY000]: General error: 2006 MySQL server has gone away
[2025-04-29 22:30:58] Polling worker error: SQLSTATE[HY000]: General error: 2006 MySQL server has gone away
[2025-04-29 22:31:28] Polling worker error: SQLSTATE[HY000]: General error: 2006 MySQL server has gone away
[2025-04-29 22:31:58] Polling worker error: SQLSTATE[HY000]: General error: 2006 MySQL server has gone away
[2025-04-29 22:32:28] Polling worker error: SQLSTATE[HY000]: General error: 2006 MySQL server has gone away
[2025-04-29 22:32:58] Polling worker error: SQLSTATE[HY000]: General error: 2006 MySQL server has gone away
[2025-04-29 22:33:28] Polling worker error: SQLSTATE[HY000]: General error: 2006 MySQL server has gone away
[2025-04-29 22:33:58] Polling worker error: SQLSTATE[HY000]: General error: 2006 MySQL server has gone away
[2025-04-29 22:34:29] Polling worker error: SQLSTATE[HY000]: General error: 2006 MySQL server has gone away
[2025-04-29 22:34:59] Polling worker error: SQLSTATE[HY000]: General error: 2006 MySQL server has gone away
[2025-04-29 22:35:29] Polling worker error: SQLSTATE[HY000]: General error: 2006 MySQL server has gone away
[2025-04-29 22:35:59] Polling worker error: SQLSTATE[HY000]: General error: 2006 MySQL server has gone away
[2025-04-29 22:36:29] Polling worker error: SQLSTATE[HY000]: General error: 2006 MySQL server has gone away
[2025-04-29 22:36:59] Polling worker error: SQLSTATE[HY000]: General error: 2006 MySQL server has gone away
[2025-04-29 22:37:29] Polling worker error: SQLSTATE[HY000]: General error: 2006 MySQL server has gone away
[2025-04-29 22:37:59] Polling worker error: SQLSTATE[HY000]: General error: 2006 MySQL server has gone away
[2025-04-29 22:38:29] Polling worker error: SQLSTATE[HY000]: General error: 2006 MySQL server has gone away
[2025-04-29 22:38:59] Polling worker error: SQLSTATE[HY000]: General error: 2006 MySQL server has gone away
[2025-04-29 22:39:29] Polling worker error: SQLSTATE[HY000]: General error: 2006 MySQL server has gone away
[2025-04-29 22:39:59] Polling worker error: SQLSTATE[HY000]: General error: 2006 MySQL server has gone away
[2025-04-29 22:40:29] Polling worker error: SQLSTATE[HY000]: General error: 2006 MySQL server has gone away
[2025-04-29 22:40:59] Polling worker error: SQLSTATE[HY000]: General error: 2006 MySQL server has gone away
[2025-04-29 22:41:26] Session data: Array
(
    [user_id] => 17
    [email] => ayndrome06@gmail.com
    [first_name] => Ayndrome
    [last_name] => Dana
)

[2025-04-29 22:41:26] Cookie data: Array
(
    [PHPSESSID] => 4p5gsq0beeu3jl7qlr25nb2j3b
)

[2025-04-29 22:41:26] Received JSON data: {"pickup_address":"Airport Rd, Dabolim, Goa 403801, India","delivery_address":"Goa Beach Private Property and Picnic spot, Goa, India","scheduled_date":"2025-04-30","scheduled_time":"07:12","package_dimensions":"20x20x30","package_weight":5,"package_description":"Electronics","pickup_coords":{"lat":15.3804965,"lng":73.8331652},"dropoff_coords":{"lat":15.3555072,"lng":73.8835486},"selected_drone":"drone2","total_amount":132,"base_fare":50,"distance":6.07,"distance_charge":12.14,"weight_surcharge":50,"gst":20.1852,"pickup_lat":15.3804965,"pickup_lng":73.8331652,"dropoff_lat":15.3555072,"dropoff_lng":73.8835486,"payment_method":"card","delivery_lat":15.3555072,"delivery_lng":73.8835486}
[2025-04-29 22:41:26] Executing query with params: Array
(
    [:user_id] => 17
    [:order_id] => DR-681139767F2EE
    [:pickup_address] => Airport Rd, Dabolim, Goa 403801, India
    [:delivery_address] => Goa Beach Private Property and Picnic spot, Goa, India
    [:pickup_lat] => 15.3804965
    [:pickup_lng] => 73.8331652
    [:delivery_lat] => 15.3555072
    [:delivery_lng] => 73.8835486
    [:scheduled_date] => 2025-04-30
    [:scheduled_time] => 07:12
    [:package_weight] => 5
    [:package_dimensions] => 20x20x30
    [:total_amount] => 132
    [:order_status] => pending
    [:payment_status] => pending
)

[2025-04-29 22:41:29] Polling worker error: SQLSTATE[HY000]: General error: 2006 MySQL server has gone away
[2025-04-29 22:41:59] Polling worker error: SQLSTATE[HY000]: General error: 2006 MySQL server has gone away
[2025-04-29 22:42:29] Polling worker error: SQLSTATE[HY000]: General error: 2006 MySQL server has gone away
[2025-04-29 22:42:59] Polling worker error: SQLSTATE[HY000]: General error: 2006 MySQL server has gone away
[2025-04-29 22:43:21] Polling worker command: start /B "" "C:\xampp\php\php.exe" "C:\xampp\htdocs\ayndrome-api\api\simulate_drone_worker.php" "DR-681139767F2EE" fake 6 24 3 > NUL 2>&1
[2025-04-29 23:03:42] Session data: Array
(
    [user_id] => 17
    [email] => ayndrome06@gmail.com
    [first_name] => Ayndrome
    [last_name] => Dana
)

[2025-04-29 23:03:42] Cookie data: Array
(
    [PHPSESSID] => 4p5gsq0beeu3jl7qlr25nb2j3b
)

[2025-04-29 23:03:42] Received JSON data: {"pickup_address":"Airport Rd, Dabolim, Goa 403801, India","delivery_address":"Goa Beach Private Property and Picnic spot, Goa, India","scheduled_date":"2025-04-30","scheduled_time":"07:37","package_dimensions":"20x20x30","package_weight":5,"package_description":"Electronics","pickup_coords":{"lat":15.3804965,"lng":73.8331652},"dropoff_coords":{"lat":15.3555072,"lng":73.8835486},"selected_drone":"drone2","total_amount":132,"base_fare":50,"distance":6.07,"distance_charge":12.14,"weight_surcharge":50,"gst":20.1852,"pickup_lat":15.3804965,"pickup_lng":73.8331652,"dropoff_lat":15.3555072,"dropoff_lng":73.8835486,"payment_method":"card","delivery_lat":15.3555072,"delivery_lng":73.8835486}
[2025-04-29 23:03:42] Executing query with params: Array
(
    [:user_id] => 17
    [:order_id] => DR-68113EAE8D9F5
    [:pickup_address] => Airport Rd, Dabolim, Goa 403801, India
    [:delivery_address] => Goa Beach Private Property and Picnic spot, Goa, India
    [:pickup_lat] => 15.3804965
    [:pickup_lng] => 73.8331652
    [:delivery_lat] => 15.3555072
    [:delivery_lng] => 73.8835486
    [:scheduled_date] => 2025-04-30
    [:scheduled_time] => 07:37
    [:package_weight] => 5
    [:package_dimensions] => 20x20x30
    [:total_amount] => 132
    [:order_status] => pending
    [:payment_status] => pending
)

[2025-04-29 23:04:07] Polling worker command: start /B "" "C:\xampp\php\php.exe" "C:\xampp\htdocs\ayndrome-api\api\simulate_drone_worker.php" "DR-68113EAE8D9F5" fake 6 24 3 > NUL 2>&1
[2025-04-29 23:06:44] Session data: Array
(
    [user_id] => 17
    [email] => ayndrome06@gmail.com
    [first_name] => Ayndrome
    [last_name] => Dana
)

[2025-04-29 23:06:44] Cookie data: Array
(
    [PHPSESSID] => 4p5gsq0beeu3jl7qlr25nb2j3b
)

[2025-04-29 23:06:44] Received JSON data: {"pickup_address":"Saket Nagar Colony, Lanka, Varanasi, Uttar Pradesh, India","delivery_address":"Sigra, Varanasi, Uttar Pradesh, India","scheduled_date":"2025-04-30","scheduled_time":"07:41","package_dimensions":"20x20x30","package_weight":3,"package_description":"Electronics","pickup_coords":{"lat":25.2814092,"lng":82.99786259999999},"dropoff_coords":{"lat":25.3110799,"lng":82.986443},"selected_drone":"drone2","total_amount":103,"base_fare":50,"distance":3.49,"distance_charge":6.98,"weight_surcharge":30,"gst":15.6564,"pickup_lat":25.2814092,"pickup_lng":82.99786259999999,"dropoff_lat":25.3110799,"dropoff_lng":82.986443,"payment_method":"card","delivery_lat":25.3110799,"delivery_lng":82.986443}
[2025-04-29 23:06:44] Executing query with params: Array
(
    [:user_id] => 17
    [:order_id] => DR-68113F6497887
    [:pickup_address] => Saket Nagar Colony, Lanka, Varanasi, Uttar Pradesh, India
    [:delivery_address] => Sigra, Varanasi, Uttar Pradesh, India
    [:pickup_lat] => 25.2814092
    [:pickup_lng] => 82.9978626
    [:delivery_lat] => 25.3110799
    [:delivery_lng] => 82.986443
    [:scheduled_date] => 2025-04-30
    [:scheduled_time] => 07:41
    [:package_weight] => 3
    [:package_dimensions] => 20x20x30
    [:total_amount] => 103
    [:order_status] => pending
    [:payment_status] => pending
)

[2025-04-29 23:08:13] Polling worker command: start /B "" "C:\xampp\php\php.exe" "C:\xampp\htdocs\ayndrome-api\api\simulate_drone_worker.php" "DR-68113F6497887" fake 6 24 3 > NUL 2>&1
[2025-04-29 23:11:07] Session data: Array
(
    [user_id] => 17
    [email] => ayndrome06@gmail.com
    [first_name] => Ayndrome
    [last_name] => Dana
)

[2025-04-29 23:11:07] Cookie data: Array
(
    [PHPSESSID] => 4p5gsq0beeu3jl7qlr25nb2j3b
)

[2025-04-29 23:11:07] Received JSON data: {"pickup_address":"Airport Rd, Dabolim, Goa 403801, India","delivery_address":"New Delhi, Delhi 110037, India","scheduled_date":"2025-04-30","scheduled_time":"09:46","package_dimensions":"20x20x30","package_weight":4,"package_description":"Electronics","pickup_coords":{"lat":15.3804965,"lng":73.8331652},"dropoff_coords":{"lat":28.5561437,"lng":77.0999623},"selected_drone":"drone2","total_amount":3653,"base_fare":50,"distance":1503.05,"distance_charge":3006.1,"weight_surcharge":40,"gst":557.298,"pickup_lat":15.3804965,"pickup_lng":73.8331652,"dropoff_lat":28.5561437,"dropoff_lng":77.0999623,"payment_method":"card","delivery_lat":28.5561437,"delivery_lng":77.0999623}
[2025-04-29 23:11:07] Executing query with params: Array
(
    [:user_id] => 17
    [:order_id] => DR-6811406B67F0A
    [:pickup_address] => Airport Rd, Dabolim, Goa 403801, India
    [:delivery_address] => New Delhi, Delhi 110037, India
    [:pickup_lat] => 15.3804965
    [:pickup_lng] => 73.8331652
    [:delivery_lat] => 28.5561437
    [:delivery_lng] => 77.0999623
    [:scheduled_date] => 2025-04-30
    [:scheduled_time] => 09:46
    [:package_weight] => 4
    [:package_dimensions] => 20x20x30
    [:total_amount] => 3653
    [:order_status] => pending
    [:payment_status] => pending
)

[2025-04-29 23:12:27] Polling worker command: start /B "" "C:\xampp\php\php.exe" "C:\xampp\htdocs\ayndrome-api\api\simulate_drone_worker.php" "DR-6811406B67F0A" fake 6 24 3 > NUL 2>&1
[2025-04-30 08:09:31] Session data: Array
(
    [user_id] => 18
    [email] => ayndrome06@gmail.com
    [first_name] => Ayndrome
    [last_name] => Moore
)

[2025-04-30 08:09:31] Cookie data: Array
(
    [PHPSESSID] => 4p5gsq0beeu3jl7qlr25nb2j3b
)

[2025-04-30 08:09:31] Received JSON data: {"pickup_address":"Airport Rd, Dabolim, Goa 403801, India","delivery_address":"Goa Beach Private Property and Picnic spot, Goa, India","scheduled_date":"2025-04-30","scheduled_time":"05:42","package_dimensions":"20x20x30","package_weight":2,"package_description":"Electronics","pickup_coords":{"lat":15.3804965,"lng":73.8331652},"dropoff_coords":{"lat":15.3555072,"lng":73.8835486},"selected_drone":"drone3","total_amount":97,"base_fare":50,"distance":6.07,"distance_charge":12.14,"weight_surcharge":20,"gst":14.7852,"pickup_lat":15.3804965,"pickup_lng":73.8331652,"dropoff_lat":15.3555072,"dropoff_lng":73.8835486,"payment_method":"card","delivery_lat":15.3555072,"delivery_lng":73.8835486}
[2025-04-30 08:09:31] Executing query with params: Array
(
    [:user_id] => 18
    [:order_id] => DR-6811BE9B97827
    [:pickup_address] => Airport Rd, Dabolim, Goa 403801, India
    [:delivery_address] => Goa Beach Private Property and Picnic spot, Goa, India
    [:pickup_lat] => 15.3804965
    [:pickup_lng] => 73.8331652
    [:delivery_lat] => 15.3555072
    [:delivery_lng] => 73.8835486
    [:scheduled_date] => 2025-04-30
    [:scheduled_time] => 05:42
    [:package_weight] => 2
    [:package_dimensions] => 20x20x30
    [:total_amount] => 97
    [:order_status] => pending
    [:payment_status] => pending
)

[2025-04-30 08:11:04] Polling worker command: start /B "" "C:\xampp\php\php.exe" "C:\xampp\htdocs\ayndrome-api\api\simulate_drone_worker.php" "DR-6811BE9B97827" real 6 21 30 > NUL 2>&1
[2025-04-30 08:58:25] Session data: Array
(
    [user_id] => 18
    [email] => ayndrome06@gmail.com
    [first_name] => Ayndrome
    [last_name] => Moore
)

[2025-04-30 08:58:25] Cookie data: Array
(
    [PHPSESSID] => 4p5gsq0beeu3jl7qlr25nb2j3b
)

[2025-04-30 08:58:25] Received JSON data: {"pickup_address":"Saket Nagar Colony, Lanka, Varanasi, Uttar Pradesh, India","delivery_address":"BHU - Lanka Rd, Saket Nagar Colony, Lanka, Varanasi, Uttar Pradesh 221005, India","scheduled_date":"2025-04-30","scheduled_time":"17:33","package_dimensions":"30x50","package_weight":2,"package_description":"Electronics","pickup_coords":{"lat":25.2814092,"lng":82.99786259999999},"dropoff_coords":{"lat":25.2798345,"lng":83.0027315},"selected_drone":"drone3","total_amount":84,"base_fare":50,"distance":0.52,"distance_charge":1.04,"weight_surcharge":20,"gst":12.787199999999999,"pickup_lat":25.2814092,"pickup_lng":82.99786259999999,"dropoff_lat":25.2798345,"dropoff_lng":83.0027315,"payment_method":"card","delivery_lat":25.2798345,"delivery_lng":83.0027315}
[2025-04-30 08:58:25] Executing query with params: Array
(
    [:user_id] => 18
    [:order_id] => DR-6811CA11A8A90
    [:pickup_address] => Saket Nagar Colony, Lanka, Varanasi, Uttar Pradesh, India
    [:delivery_address] => BHU - Lanka Rd, Saket Nagar Colony, Lanka, Varanasi, Uttar Pradesh 221005, India
    [:pickup_lat] => 25.2814092
    [:pickup_lng] => 82.9978626
    [:delivery_lat] => 25.2798345
    [:delivery_lng] => 83.0027315
    [:scheduled_date] => 2025-04-30
    [:scheduled_time] => 17:33
    [:package_weight] => 2
    [:package_dimensions] => 30x50
    [:total_amount] => 84
    [:order_status] => pending
    [:payment_status] => pending
)

[2025-04-30 08:58:31] Polling worker command: start /B "" "C:\xampp\php\php.exe" "C:\xampp\htdocs\ayndrome-api\api\simulate_drone_worker.php" "DR-6811CA11A8A90" real 6 2 30 > NUL 2>&1
[2025-04-30 09:05:40] Session data: Array
(
    [user_id] => 18
    [email] => ayndrome06@gmail.com
    [first_name] => Ayndrome
    [last_name] => Moore
)

[2025-04-30 09:05:40] Cookie data: Array
(
    [PHPSESSID] => 4p5gsq0beeu3jl7qlr25nb2j3b
)

[2025-04-30 09:05:40] Received JSON data: {"pickup_address":"Mumbai, Maharashtra 400099, India","delivery_address":"New Delhi, Delhi 110037, India","scheduled_date":"2025-04-30","scheduled_time":"18:41","package_dimensions":"20x20x30","package_weight":2,"package_description":"Electronics","pickup_coords":{"lat":19.0902177,"lng":72.86281199999999},"dropoff_coords":{"lat":28.5561437,"lng":77.0999623},"selected_drone":"drone2","total_amount":2766,"base_fare":50,"distance":1137.09,"distance_charge":2274.18,"weight_surcharge":20,"gst":421.95239999999995,"pickup_lat":19.0902177,"pickup_lng":72.86281199999999,"dropoff_lat":28.5561437,"dropoff_lng":77.0999623,"payment_method":"card","delivery_lat":28.5561437,"delivery_lng":77.0999623}
[2025-04-30 09:05:40] Executing query with params: Array
(
    [:user_id] => 18
    [:order_id] => DR-6811CBC48B22D
    [:pickup_address] => Mumbai, Maharashtra 400099, India
    [:delivery_address] => New Delhi, Delhi 110037, India
    [:pickup_lat] => 19.0902177
    [:pickup_lng] => 72.862812
    [:delivery_lat] => 28.5561437
    [:delivery_lng] => 77.0999623
    [:scheduled_date] => 2025-04-30
    [:scheduled_time] => 18:41
    [:package_weight] => 2
    [:package_dimensions] => 20x20x30
    [:total_amount] => 2766
    [:order_status] => pending
    [:payment_status] => pending
)

[2025-04-30 09:06:01] Polling worker command: start /B "" "C:\xampp\php\php.exe" "C:\xampp\htdocs\ayndrome-api\api\simulate_drone_worker.php" "DR-6811CBC48B22D" real 6 3791 30 > NUL 2>&1
[2025-04-30 09:08:59] Session data: Array
(
    [user_id] => 18
    [email] => ayndrome06@gmail.com
    [first_name] => Ayndrome
    [last_name] => Moore
)

[2025-04-30 09:08:59] Cookie data: Array
(
    [PHPSESSID] => 4p5gsq0beeu3jl7qlr25nb2j3b
)

[2025-04-30 09:08:59] Received JSON data: {"pickup_address":"7P54+WC8, Kapurthala, Punjab 144411, India","delivery_address":"7M4V+M98 Lovely Professional University, Law Gate Rd, Maheru, Phagwara, Punjab 144411, India","scheduled_date":"2025-04-30","scheduled_time":"18:44","package_dimensions":"20x20x30","package_weight":2,"package_description":"Electronics","pickup_coords":{"lat":31.2597979,"lng":75.706087},"dropoff_coords":{"lat":31.2566621,"lng":75.6934642},"selected_drone":"drone3","total_amount":86,"base_fare":50,"distance":1.25,"distance_charge":2.5,"weight_surcharge":20,"gst":13.049999999999999,"pickup_lat":31.2597979,"pickup_lng":75.706087,"dropoff_lat":31.2566621,"dropoff_lng":75.6934642,"payment_method":"card","delivery_lat":31.2566621,"delivery_lng":75.6934642}
[2025-04-30 09:08:59] Executing query with params: Array
(
    [:user_id] => 18
    [:order_id] => DR-6811CC8BF0A35
    [:pickup_address] => 7P54+WC8, Kapurthala, Punjab 144411, India
    [:delivery_address] => 7M4V+M98 Lovely Professional University, Law Gate Rd, Maheru, Phagwara, Punjab 144411, India
    [:pickup_lat] => 31.2597979
    [:pickup_lng] => 75.706087
    [:delivery_lat] => 31.2566621
    [:delivery_lng] => 75.6934642
    [:scheduled_date] => 2025-04-30
    [:scheduled_time] => 18:44
    [:package_weight] => 2
    [:package_dimensions] => 20x20x30
    [:total_amount] => 86
    [:order_status] => pending
    [:payment_status] => pending
)

[2025-04-30 09:12:35] Session data: Array
(
    [user_id] => 18
    [email] => ayndrome06@gmail.com
    [first_name] => Ayndrome
    [last_name] => Moore
)

[2025-04-30 09:12:35] Cookie data: Array
(
    [PHPSESSID] => 4p5gsq0beeu3jl7qlr25nb2j3b
)

[2025-04-30 09:12:35] Received JSON data: {"pickup_address":"7P54+WC8, Kapurthala, Punjab 144411, India","delivery_address":"7M4V+M98 Lovely Professional University, Law Gate Rd, Maheru, Phagwara, Punjab 144411, India","scheduled_date":"2025-04-30","scheduled_time":"16:46","package_dimensions":"20x20x30","package_weight":2,"package_description":"Electronics","pickup_coords":{"lat":31.2597979,"lng":75.706087},"dropoff_coords":{"lat":31.2566621,"lng":75.6934642},"selected_drone":"drone2","total_amount":86,"base_fare":50,"distance":1.25,"distance_charge":2.5,"weight_surcharge":20,"gst":13.049999999999999,"pickup_lat":31.2597979,"pickup_lng":75.706087,"dropoff_lat":31.2566621,"dropoff_lng":75.6934642,"payment_method":"card","delivery_lat":31.2566621,"delivery_lng":75.6934642}
[2025-04-30 09:12:35] Executing query with params: Array
(
    [:user_id] => 18
    [:order_id] => DR-6811CD639EB0B
    [:pickup_address] => 7P54+WC8, Kapurthala, Punjab 144411, India
    [:delivery_address] => 7M4V+M98 Lovely Professional University, Law Gate Rd, Maheru, Phagwara, Punjab 144411, India
    [:pickup_lat] => 31.2597979
    [:pickup_lng] => 75.706087
    [:delivery_lat] => 31.2566621
    [:delivery_lng] => 75.6934642
    [:scheduled_date] => 2025-04-30
    [:scheduled_time] => 16:46
    [:package_weight] => 2
    [:package_dimensions] => 20x20x30
    [:total_amount] => 86
    [:order_status] => pending
    [:payment_status] => pending
)

[2025-04-30 09:13:01] Polling worker command: start /B "" "C:\xampp\php\php.exe" "C:\xampp\htdocs\ayndrome-api\api\simulate_drone_worker.php" "DR-6811CD639EB0B" real 6 5 30 > NUL 2>&1
[2025-04-30 09:21:07] Session data: Array
(
    [user_id] => 18
    [email] => ayndrome06@gmail.com
    [first_name] => Ayndrome
    [last_name] => Moore
)

[2025-04-30 09:21:07] Cookie data: Array
(
    [PHPSESSID] => 4p5gsq0beeu3jl7qlr25nb2j3b
)

[2025-04-30 09:21:07] Received JSON data: {"pickup_address":"7P54+WC8, Kapurthala, Punjab 144411, India","delivery_address":"7M4V+M98 Lovely Professional University, Law Gate Rd, Maheru, Phagwara, Punjab 144411, India","scheduled_date":"2025-04-30","scheduled_time":"17:55","package_dimensions":"20x20x30","package_weight":3,"package_description":"Electronics","pickup_coords":{"lat":31.2597979,"lng":75.706087},"dropoff_coords":{"lat":31.2566621,"lng":75.6934642},"selected_drone":"drone2","total_amount":97,"base_fare":50,"distance":1.25,"distance_charge":2.5,"weight_surcharge":30,"gst":14.85,"pickup_lat":31.2597979,"pickup_lng":75.706087,"dropoff_lat":31.2566621,"dropoff_lng":75.6934642,"payment_method":"card","delivery_lat":31.2566621,"delivery_lng":75.6934642}
[2025-04-30 09:21:07] Executing query with params: Array
(
    [:user_id] => 18
    [:order_id] => DR-6811CF63CFB24
    [:pickup_address] => 7P54+WC8, Kapurthala, Punjab 144411, India
    [:delivery_address] => 7M4V+M98 Lovely Professional University, Law Gate Rd, Maheru, Phagwara, Punjab 144411, India
    [:pickup_lat] => 31.2597979
    [:pickup_lng] => 75.706087
    [:delivery_lat] => 31.2566621
    [:delivery_lng] => 75.6934642
    [:scheduled_date] => 2025-04-30
    [:scheduled_time] => 17:55
    [:package_weight] => 3
    [:package_dimensions] => 20x20x30
    [:total_amount] => 97
    [:order_status] => pending
    [:payment_status] => pending
)

[2025-04-30 09:21:18] Polling worker command: start /B "" "C:\xampp\php\php.exe" "C:\xampp\htdocs\ayndrome-api\api\simulate_drone_worker.php" "DR-6811CF63CFB24" real 6 5 30 > NUL 2>&1
[2025-04-30 09:28:00] Session data: Array
(
    [user_id] => 18
    [email] => ayndrome06@gmail.com
    [first_name] => Ayndrome
    [last_name] => Moore
)

[2025-04-30 09:28:00] Cookie data: Array
(
    [PHPSESSID] => 4p5gsq0beeu3jl7qlr25nb2j3b
)

[2025-04-30 09:28:00] Received JSON data: {"pickup_address":"New Delhi, Delhi 110037, India","delivery_address":"Mumbai, Maharashtra 400099, India","scheduled_date":"2025-04-30","scheduled_time":"13:58","package_dimensions":"30x50","package_weight":12,"package_description":"Electronics","pickup_coords":{"lat":28.5561437,"lng":77.0999623},"dropoff_coords":{"lat":19.0902177,"lng":72.86281199999999},"selected_drone":"drone3","total_amount":2884,"base_fare":50,"distance":1137.09,"distance_charge":2274.18,"weight_surcharge":120,"gst":439.95239999999995,"pickup_lat":28.5561437,"pickup_lng":77.0999623,"dropoff_lat":19.0902177,"dropoff_lng":72.86281199999999,"payment_method":"card","delivery_lat":19.0902177,"delivery_lng":72.86281199999999}
[2025-04-30 09:28:00] Executing query with params: Array
(
    [:user_id] => 18
    [:order_id] => DR-6811D100826EB
    [:pickup_address] => New Delhi, Delhi 110037, India
    [:delivery_address] => Mumbai, Maharashtra 400099, India
    [:pickup_lat] => 28.5561437
    [:pickup_lng] => 77.0999623
    [:delivery_lat] => 19.0902177
    [:delivery_lng] => 72.862812
    [:scheduled_date] => 2025-04-30
    [:scheduled_time] => 13:58
    [:package_weight] => 12
    [:package_dimensions] => 30x50
    [:total_amount] => 2884
    [:order_status] => pending
    [:payment_status] => pending
)

[2025-04-30 09:29:25] Polling worker command: start /B "" "C:\xampp\php\php.exe" "C:\xampp\htdocs\ayndrome-api\api\simulate_drone_worker.php" "DR-6811D100826EB" real 6 3791 30 > NUL 2>&1
[2025-04-30 09:31:57] Session data: Array
(
    [user_id] => 18
    [email] => ayndrome06@gmail.com
    [first_name] => Ayndrome
    [last_name] => Moore
)

[2025-04-30 09:31:57] Cookie data: Array
(
    [PHPSESSID] => 4p5gsq0beeu3jl7qlr25nb2j3b
)

[2025-04-30 09:31:57] Received JSON data: {"pickup_address":"Saket Nagar Colony, Sankata Mochan Leprosy, Varanasi, Uttar Pradesh 221005, India","delivery_address":"BHU - Lanka Rd, Saket Nagar Colony, Lanka, Varanasi, Uttar Pradesh 221005, India","scheduled_date":"2025-04-30","scheduled_time":"18:07","package_dimensions":"10","package_weight":12,"package_description":"Electronics","pickup_coords":{"lat":25.2828566,"lng":83.0001793},"dropoff_coords":{"lat":25.2798345,"lng":83.0027315},"selected_drone":"drone3","total_amount":202,"base_fare":50,"distance":0.42,"distance_charge":0.84,"weight_surcharge":120,"gst":30.7512,"pickup_lat":25.2828566,"pickup_lng":83.0001793,"dropoff_lat":25.2798345,"dropoff_lng":83.0027315,"payment_method":"card","delivery_lat":25.2798345,"delivery_lng":83.0027315}
[2025-04-30 09:31:57] Executing query with params: Array
(
    [:user_id] => 18
    [:order_id] => DR-6811D1EDC30EE
    [:pickup_address] => Saket Nagar Colony, Sankata Mochan Leprosy, Varanasi, Uttar Pradesh 221005, India
    [:delivery_address] => BHU - Lanka Rd, Saket Nagar Colony, Lanka, Varanasi, Uttar Pradesh 221005, India
    [:pickup_lat] => 25.2828566
    [:pickup_lng] => 83.0001793
    [:delivery_lat] => 25.2798345
    [:delivery_lng] => 83.0027315
    [:scheduled_date] => 2025-04-30
    [:scheduled_time] => 18:07
    [:package_weight] => 12
    [:package_dimensions] => 10
    [:total_amount] => 202
    [:order_status] => pending
    [:payment_status] => pending
)

[2025-04-30 09:32:11] Polling worker command: start /B "" "C:\xampp\php\php.exe" "C:\xampp\htdocs\ayndrome-api\api\simulate_drone_worker.php" "DR-6811D1EDC30EE" fake 6 24 3 > NUL 2>&1
[2025-04-30 10:34:38] Session data: Array
(
    [user_id] => 18
    [email] => ayndrome06@gmail.com
    [first_name] => Ayndrome
    [last_name] => Moore
)

[2025-04-30 10:34:38] Cookie data: Array
(
    [PHPSESSID] => 4p5gsq0beeu3jl7qlr25nb2j3b
)

[2025-04-30 10:34:38] Received JSON data: {"pickup_address":"Saket Nagar Colony, Sankata Mochan Leprosy, Varanasi, Uttar Pradesh 221005, India","delivery_address":"BHU - Lanka Rd, Saket Nagar Colony, Lanka, Varanasi, Uttar Pradesh 221005, India","scheduled_date":"2025-04-30","scheduled_time":"15:05","package_dimensions":"20x20x30","package_weight":2,"package_description":"Electronics","pickup_coords":{"lat":25.2828566,"lng":83.0001793},"dropoff_coords":{"lat":25.2798345,"lng":83.0027315},"selected_drone":"drone2","total_amount":84,"base_fare":50,"distance":0.42,"distance_charge":0.84,"weight_surcharge":20,"gst":12.7512,"pickup_lat":25.2828566,"pickup_lng":83.0001793,"dropoff_lat":25.2798345,"dropoff_lng":83.0027315,"payment_method":"card","delivery_lat":25.2798345,"delivery_lng":83.0027315}
[2025-04-30 10:34:38] Executing query with params: Array
(
    [:user_id] => 18
    [:order_id] => DR-6811E09E54442
    [:pickup_address] => Saket Nagar Colony, Sankata Mochan Leprosy, Varanasi, Uttar Pradesh 221005, India
    [:delivery_address] => BHU - Lanka Rd, Saket Nagar Colony, Lanka, Varanasi, Uttar Pradesh 221005, India
    [:pickup_lat] => 25.2828566
    [:pickup_lng] => 83.0001793
    [:delivery_lat] => 25.2798345
    [:delivery_lng] => 83.0027315
    [:scheduled_date] => 2025-04-30
    [:scheduled_time] => 15:05
    [:package_weight] => 2
    [:package_dimensions] => 20x20x30
    [:total_amount] => 84
    [:order_status] => pending
    [:payment_status] => pending
)

[2025-04-30 10:34:57] Polling worker command: start /B "" "C:\xampp\php\php.exe" "C:\xampp\htdocs\ayndrome-api\api\simulate_drone_worker.php" "DR-6811E09E54442" fake 6 24 3 > NUL 2>&1
[2025-04-30 11:56:38] Session data: Array
(
    [user_id] => 20
    [email] => shashanksaket9@gmail.com
    [first_name] => Nikhil
    [last_name] => Nayak
)

[2025-04-30 11:56:38] Cookie data: Array
(
    [PHPSESSID] => 4p5gsq0beeu3jl7qlr25nb2j3b
)

[2025-04-30 11:56:38] Received JSON data: {"pickup_address":"Saket Nagar Colony, Lanka, Varanasi, Uttar Pradesh, India","delivery_address":"BHU - Lanka Rd, Saket Nagar Colony, Lanka, Varanasi, Uttar Pradesh 221005, India","scheduled_date":"2025-04-30","scheduled_time":"15:24","package_dimensions":"20x20x30","package_weight":3,"package_description":"Electronics","pickup_coords":{"lat":25.2814092,"lng":82.99786259999999},"dropoff_coords":{"lat":25.2798345,"lng":83.0027315},"selected_drone":"drone2","total_amount":96,"base_fare":50,"distance":0.52,"distance_charge":1.04,"weight_surcharge":30,"gst":14.587199999999998,"pickup_lat":25.2814092,"pickup_lng":82.99786259999999,"dropoff_lat":25.2798345,"dropoff_lng":83.0027315,"payment_method":"card","delivery_lat":25.2798345,"delivery_lng":83.0027315}
[2025-04-30 11:56:38] Executing query with params: Array
(
    [:user_id] => 20
    [:order_id] => DR-6811F3D6C604C
    [:pickup_address] => Saket Nagar Colony, Lanka, Varanasi, Uttar Pradesh, India
    [:delivery_address] => BHU - Lanka Rd, Saket Nagar Colony, Lanka, Varanasi, Uttar Pradesh 221005, India
    [:pickup_lat] => 25.2814092
    [:pickup_lng] => 82.9978626
    [:delivery_lat] => 25.2798345
    [:delivery_lng] => 83.0027315
    [:scheduled_date] => 2025-04-30
    [:scheduled_time] => 15:24
    [:package_weight] => 3
    [:package_dimensions] => 20x20x30
    [:total_amount] => 96
    [:order_status] => pending
    [:payment_status] => pending
)

[2025-04-30 11:57:09] Polling worker command: start /B "" "C:\xampp\php\php.exe" "C:\xampp\htdocs\ayndrome-api\api\simulate_drone_worker.php" "DR-6811F3D6C604C" fake 6 24 3 > NUL 2>&1
[2025-09-12 16:23:25] Session data: Array
(
    [user_id] => 22
    [email] => singhdevendra261296@gmail.com
    [first_name] => Shashank
    [last_name] => Singh
)

[2025-09-12 16:23:25] Cookie data: Array
(
    [PHPSESSID] => uesgrlende11udoumjeah7a87b
)

[2025-09-12 16:23:25] Received JSON data: {"pickup_address":"Saket Nagar Colony, Sankata Mochan Leprosy, Varanasi, Uttar Pradesh 221005, India","delivery_address":"Varanasi, Babatpur, Uttar Pradesh 221006, India","scheduled_date":"2025-09-12","scheduled_time":"20:52","package_dimensions":"20x20x30","package_weight":2,"package_description":"sdfsdf","pickup_coords":{"lat":25.2828566,"lng":83.0001793},"dropoff_coords":{"lat":25.4506565,"lng":82.8559854},"selected_drone":"drone3","total_amount":138,"base_fare":50,"distance":23.62,"distance_charge":47.24,"weight_surcharge":20,"gst":21.1032,"pickup_lat":25.2828566,"pickup_lng":83.0001793,"dropoff_lat":25.4506565,"dropoff_lng":82.8559854,"payment_method":"card","delivery_lat":25.4506565,"delivery_lng":82.8559854}
[2025-09-12 16:23:25] Executing query with params: Array
(
    [:user_id] => 22
    [:order_id] => DR-68C42CDDA4BC0
    [:pickup_address] => Saket Nagar Colony, Sankata Mochan Leprosy, Varanasi, Uttar Pradesh 221005, India
    [:delivery_address] => Varanasi, Babatpur, Uttar Pradesh 221006, India
    [:pickup_lat] => 25.2828566
    [:pickup_lng] => 83.0001793
    [:delivery_lat] => 25.4506565
    [:delivery_lng] => 82.8559854
    [:scheduled_date] => 2025-09-12
    [:scheduled_time] => 20:52
    [:package_weight] => 2
    [:package_dimensions] => 20x20x30
    [:total_amount] => 138
    [:order_status] => pending
    [:payment_status] => pending
)

