[22-Apr-2025 17:24:15 Europe/Berlin] CORS Origin: http://localhost:5173
[22-Apr-2025 17:24:15 Europe/Berlin] Is origin allowed: Yes
[22-Apr-2025 17:24:15 Europe/Berlin] Current headers: Array
(
    [0] => X-Powered-By: PHP/8.0.30
)

[22-Apr-2025 17:24:15 Europe/Berlin] Final headers: Array
(
    [0] => Access-Control-Allow-Origin: http://localhost:5173
    [1] => Access-Control-Allow-Credentials: true
    [2] => Access-Control-Allow-Methods: GET, POST, PUT, DELETE, OPTIONS
    [3] => Access-Control-Allow-Headers: Content-Type, Authorization, X-Requested-With
)

[22-Apr-2025 17:24:15 Europe/Berlin] PHP Warning:  require(vendor/autoload.php): Failed to open stream: No such file or directory in C:\xampp\htdocs\ayndrome-api\api\send_email.php on line 5
[22-Apr-2025 17:24:15 Europe/Berlin] PHP Fatal error:  Uncaught Error: Failed opening required 'vendor/autoload.php' (include_path='C:\xampp\php\PEAR') in C:\xampp\htdocs\ayndrome-api\api\send_email.php:5
Stack trace:
#0 C:\xampp\htdocs\ayndrome-api\api\create_order.php(14): require_once()
#1 {main}
  thrown in C:\xampp\htdocs\ayndrome-api\api\send_email.php on line 5
[22-Apr-2025 17:24:21 Europe/Berlin] CORS Origin: http://localhost:5173
[22-Apr-2025 17:24:21 Europe/Berlin] Is origin allowed: Yes
[22-Apr-2025 17:24:21 Europe/Berlin] Current headers: Array
(
    [0] => X-Powered-By: PHP/8.0.30
)

[22-Apr-2025 17:24:21 Europe/Berlin] Final headers: Array
(
    [0] => Access-Control-Allow-Origin: http://localhost:5173
    [1] => Access-Control-Allow-Credentials: true
    [2] => Access-Control-Allow-Methods: GET, POST, PUT, DELETE, OPTIONS
    [3] => Access-Control-Allow-Headers: Content-Type, Authorization, X-Requested-With
)

[22-Apr-2025 17:24:21 Europe/Berlin] PHP Warning:  require(vendor/autoload.php): Failed to open stream: No such file or directory in C:\xampp\htdocs\ayndrome-api\api\send_email.php on line 5
[22-Apr-2025 17:24:21 Europe/Berlin] PHP Fatal error:  Uncaught Error: Failed opening required 'vendor/autoload.php' (include_path='C:\xampp\php\PEAR') in C:\xampp\htdocs\ayndrome-api\api\send_email.php:5
Stack trace:
#0 C:\xampp\htdocs\ayndrome-api\api\create_order.php(14): require_once()
#1 {main}
  thrown in C:\xampp\htdocs\ayndrome-api\api\send_email.php on line 5
[22-Apr-2025 17:24:24 Europe/Berlin] CORS Origin: http://localhost:5173
[22-Apr-2025 17:24:24 Europe/Berlin] Is origin allowed: Yes
[22-Apr-2025 17:24:24 Europe/Berlin] Current headers: Array
(
    [0] => X-Powered-By: PHP/8.0.30
)

[22-Apr-2025 17:24:24 Europe/Berlin] Final headers: Array
(
    [0] => Access-Control-Allow-Origin: http://localhost:5173
    [1] => Access-Control-Allow-Credentials: true
    [2] => Access-Control-Allow-Methods: GET, POST, PUT, DELETE, OPTIONS
    [3] => Access-Control-Allow-Headers: Content-Type, Authorization, X-Requested-With
)

[22-Apr-2025 17:24:24 Europe/Berlin] PHP Warning:  require(vendor/autoload.php): Failed to open stream: No such file or directory in C:\xampp\htdocs\ayndrome-api\api\send_email.php on line 5
[22-Apr-2025 17:24:24 Europe/Berlin] PHP Fatal error:  Uncaught Error: Failed opening required 'vendor/autoload.php' (include_path='C:\xampp\php\PEAR') in C:\xampp\htdocs\ayndrome-api\api\send_email.php:5
Stack trace:
#0 C:\xampp\htdocs\ayndrome-api\api\create_order.php(14): require_once()
#1 {main}
  thrown in C:\xampp\htdocs\ayndrome-api\api\send_email.php on line 5
[22-Apr-2025 17:25:14 Europe/Berlin] CORS Origin: http://localhost:5173
[22-Apr-2025 17:25:14 Europe/Berlin] Is origin allowed: Yes
[22-Apr-2025 17:25:14 Europe/Berlin] Current headers: Array
(
    [0] => X-Powered-By: PHP/8.0.30
)

[22-Apr-2025 17:25:14 Europe/Berlin] Final headers: Array
(
    [0] => Access-Control-Allow-Origin: http://localhost:5173
    [1] => Access-Control-Allow-Credentials: true
    [2] => Access-Control-Allow-Methods: GET, POST, PUT, DELETE, OPTIONS
    [3] => Access-Control-Allow-Headers: Content-Type, Authorization, X-Requested-With
)

[22-Apr-2025 17:25:14 Europe/Berlin] {"type":2,"message":"require(vendor\/autoload.php): Failed to open stream: No such file or directory","file":"C:\\xampp\\htdocs\\ayndrome-api\\api\\send_email.php","line":5}
[22-Apr-2025 17:25:14 Europe/Berlin] PHP Warning:  require(vendor/autoload.php): Failed to open stream: No such file or directory in C:\xampp\htdocs\ayndrome-api\api\send_email.php on line 5
[22-Apr-2025 17:25:14 Europe/Berlin] {"type":"Exception","message":"Failed opening required 'vendor\/autoload.php' (include_path='C:\\xampp\\php\\PEAR')","file":"C:\\xampp\\htdocs\\ayndrome-api\\api\\send_email.php","line":5,"trace":"#0 C:\\xampp\\htdocs\\ayndrome-api\\api\\create_order.php(42): require_once()\n#1 {main}"}
[22-Apr-2025 17:26:30 Europe/Berlin] CORS Origin: http://localhost:5173
[22-Apr-2025 17:26:30 Europe/Berlin] Is origin allowed: Yes
[22-Apr-2025 17:26:30 Europe/Berlin] Current headers: Array
(
    [0] => X-Powered-By: PHP/8.0.30
)

[22-Apr-2025 17:26:30 Europe/Berlin] Final headers: Array
(
    [0] => Access-Control-Allow-Origin: http://localhost:5173
    [1] => Access-Control-Allow-Credentials: true
    [2] => Access-Control-Allow-Methods: GET, POST, PUT, DELETE, OPTIONS
    [3] => Access-Control-Allow-Headers: Content-Type, Authorization, X-Requested-With
)

[22-Apr-2025 17:26:30 Europe/Berlin] {"type":2,"message":"require(vendor\/autoload.php): Failed to open stream: No such file or directory","file":"C:\\xampp\\htdocs\\ayndrome-api\\api\\send_email.php","line":5}
[22-Apr-2025 17:26:30 Europe/Berlin] PHP Warning:  require(vendor/autoload.php): Failed to open stream: No such file or directory in C:\xampp\htdocs\ayndrome-api\api\send_email.php on line 5
[22-Apr-2025 17:26:30 Europe/Berlin] {"type":"Exception","message":"Failed opening required 'vendor\/autoload.php' (include_path='C:\\xampp\\php\\PEAR')","file":"C:\\xampp\\htdocs\\ayndrome-api\\api\\send_email.php","line":5,"trace":"#0 C:\\xampp\\htdocs\\ayndrome-api\\api\\create_order.php(47): require_once()\n#1 {main}"}
[22-Apr-2025 17:26:43 Europe/Berlin] CORS Origin: http://localhost:5173
[22-Apr-2025 17:26:43 Europe/Berlin] Is origin allowed: Yes
[22-Apr-2025 17:26:43 Europe/Berlin] Current headers: Array
(
    [0] => X-Powered-By: PHP/8.0.30
)

[22-Apr-2025 17:26:43 Europe/Berlin] Final headers: Array
(
    [0] => Access-Control-Allow-Origin: http://localhost:5173
    [1] => Access-Control-Allow-Credentials: true
    [2] => Access-Control-Allow-Methods: GET, POST, PUT, DELETE, OPTIONS
    [3] => Access-Control-Allow-Headers: Content-Type, Authorization, X-Requested-With
)

[22-Apr-2025 17:26:43 Europe/Berlin] {"type":2,"message":"require(vendor\/autoload.php): Failed to open stream: No such file or directory","file":"C:\\xampp\\htdocs\\ayndrome-api\\api\\send_email.php","line":5}
[22-Apr-2025 17:26:43 Europe/Berlin] PHP Warning:  require(vendor/autoload.php): Failed to open stream: No such file or directory in C:\xampp\htdocs\ayndrome-api\api\send_email.php on line 5
[22-Apr-2025 17:26:43 Europe/Berlin] {"type":"Exception","message":"Failed opening required 'vendor\/autoload.php' (include_path='C:\\xampp\\php\\PEAR')","file":"C:\\xampp\\htdocs\\ayndrome-api\\api\\send_email.php","line":5,"trace":"#0 C:\\xampp\\htdocs\\ayndrome-api\\api\\create_order.php(47): require_once()\n#1 {main}"}
[22-Apr-2025 17:27:58 Europe/Berlin] CORS Origin: http://localhost:5173
[22-Apr-2025 17:27:58 Europe/Berlin] Is origin allowed: Yes
[22-Apr-2025 17:27:58 Europe/Berlin] Current headers: Array
(
    [0] => X-Powered-By: PHP/8.0.30
)

[22-Apr-2025 17:27:58 Europe/Berlin] Final headers: Array
(
    [0] => Access-Control-Allow-Origin: http://localhost:5173
    [1] => Access-Control-Allow-Credentials: true
    [2] => Access-Control-Allow-Methods: GET, POST, PUT, DELETE, OPTIONS
    [3] => Access-Control-Allow-Headers: Content-Type, Authorization, X-Requested-With
)

[22-Apr-2025 17:27:58 Europe/Berlin] {"type":2,"message":"require(vendor\/autoload.php): Failed to open stream: No such file or directory","file":"C:\\xampp\\htdocs\\ayndrome-api\\api\\send_email.php","line":5}
[22-Apr-2025 17:27:58 Europe/Berlin] PHP Warning:  require(vendor/autoload.php): Failed to open stream: No such file or directory in C:\xampp\htdocs\ayndrome-api\api\send_email.php on line 5
[22-Apr-2025 17:27:58 Europe/Berlin] {"type":"Exception","message":"Failed opening required 'vendor\/autoload.php' (include_path='C:\\xampp\\php\\PEAR')","file":"C:\\xampp\\htdocs\\ayndrome-api\\api\\send_email.php","line":5,"trace":"#0 C:\\xampp\\htdocs\\ayndrome-api\\api\\create_order.php(47): require_once()\n#1 {main}"}
[22-Apr-2025 17:28:37 Europe/Berlin] CORS Origin: http://localhost:5173
[22-Apr-2025 17:28:37 Europe/Berlin] Is origin allowed: Yes
[22-Apr-2025 17:28:37 Europe/Berlin] Current headers: Array
(
    [0] => X-Powered-By: PHP/8.0.30
)

[22-Apr-2025 17:28:37 Europe/Berlin] Final headers: Array
(
    [0] => Access-Control-Allow-Origin: http://localhost:5173
    [1] => Access-Control-Allow-Credentials: true
    [2] => Access-Control-Allow-Methods: GET, POST, PUT, DELETE, OPTIONS
    [3] => Access-Control-Allow-Headers: Content-Type, Authorization, X-Requested-With
)

[22-Apr-2025 17:28:37 Europe/Berlin] {"type":"Exception","message":"mysqli_stmt::bind_param(): Argument #14 cannot be passed by reference","file":"C:\\xampp\\htdocs\\ayndrome-api\\api\\create_order.php","line":157,"trace":"#0 {main}"}
[22-Apr-2025 17:29:22 Europe/Berlin] CORS Origin: http://localhost:5173
[22-Apr-2025 17:29:22 Europe/Berlin] Is origin allowed: Yes
[22-Apr-2025 17:29:22 Europe/Berlin] Current headers: Array
(
    [0] => X-Powered-By: PHP/8.0.30
)

[22-Apr-2025 17:29:22 Europe/Berlin] Final headers: Array
(
    [0] => Access-Control-Allow-Origin: http://localhost:5173
    [1] => Access-Control-Allow-Credentials: true
    [2] => Access-Control-Allow-Methods: GET, POST, PUT, DELETE, OPTIONS
    [3] => Access-Control-Allow-Headers: Content-Type, Authorization, X-Requested-With
)

[22-Apr-2025 17:29:22 Europe/Berlin] {"type":"Exception","message":"mysqli_stmt::bind_param(): Argument #14 cannot be passed by reference","file":"C:\\xampp\\htdocs\\ayndrome-api\\api\\create_order.php","line":157,"trace":"#0 {main}"}
[22-Apr-2025 17:30:13 Europe/Berlin] CORS Origin: http://localhost:5173
[22-Apr-2025 17:30:13 Europe/Berlin] Is origin allowed: Yes
[22-Apr-2025 17:30:13 Europe/Berlin] Current headers: Array
(
    [0] => X-Powered-By: PHP/8.0.30
)

[22-Apr-2025 17:30:13 Europe/Berlin] Final headers: Array
(
    [0] => Access-Control-Allow-Origin: http://localhost:5173
    [1] => Access-Control-Allow-Credentials: true
    [2] => Access-Control-Allow-Methods: GET, POST, PUT, DELETE, OPTIONS
    [3] => Access-Control-Allow-Headers: Content-Type, Authorization, X-Requested-With
)

[22-Apr-2025 17:35:40 Europe/Berlin] CORS Origin: http://localhost:5173
[22-Apr-2025 17:35:40 Europe/Berlin] Is origin allowed: Yes
[22-Apr-2025 17:35:40 Europe/Berlin] Current headers: Array
(
    [0] => X-Powered-By: PHP/8.0.30
)

[22-Apr-2025 17:35:40 Europe/Berlin] Final headers: Array
(
    [0] => Access-Control-Allow-Origin: http://localhost:5173
    [1] => Access-Control-Allow-Credentials: true
    [2] => Access-Control-Allow-Methods: GET, POST, PUT, DELETE, OPTIONS
    [3] => Access-Control-Allow-Headers: Content-Type, Authorization, X-Requested-With
)

[22-Apr-2025 17:38:41 Europe/Berlin] CORS Origin: http://localhost:5173
[22-Apr-2025 17:38:41 Europe/Berlin] Is origin allowed: Yes
[22-Apr-2025 17:38:41 Europe/Berlin] Current headers: Array
(
    [0] => X-Powered-By: PHP/8.0.30
)

[22-Apr-2025 17:38:41 Europe/Berlin] Final headers: Array
(
    [0] => Access-Control-Allow-Origin: http://localhost:5173
    [1] => Access-Control-Allow-Credentials: true
    [2] => Access-Control-Allow-Methods: GET, POST, PUT, DELETE, OPTIONS
    [3] => Access-Control-Allow-Headers: Content-Type, Authorization, X-Requested-With
)

[22-Apr-2025 17:41:24 Europe/Berlin] CORS Origin: http://localhost:5173
[22-Apr-2025 17:41:24 Europe/Berlin] Is origin allowed: Yes
[22-Apr-2025 17:41:24 Europe/Berlin] Current headers: Array
(
    [0] => X-Powered-By: PHP/8.0.30
)

[22-Apr-2025 17:41:24 Europe/Berlin] Final headers: Array
(
    [0] => Access-Control-Allow-Origin: http://localhost:5173
    [1] => Access-Control-Allow-Credentials: true
    [2] => Access-Control-Allow-Methods: GET, POST, PUT, DELETE, OPTIONS
    [3] => Access-Control-Allow-Headers: Content-Type, Authorization, X-Requested-With
)

[22-Apr-2025 17:41:35 Europe/Berlin] CORS Origin: http://localhost:5173
[22-Apr-2025 17:41:35 Europe/Berlin] Is origin allowed: Yes
[22-Apr-2025 17:41:35 Europe/Berlin] Current headers: Array
(
    [0] => X-Powered-By: PHP/8.0.30
)

[22-Apr-2025 17:41:35 Europe/Berlin] Final headers: Array
(
    [0] => Access-Control-Allow-Origin: http://localhost:5173
    [1] => Access-Control-Allow-Credentials: true
    [2] => Access-Control-Allow-Methods: GET, POST, PUT, DELETE, OPTIONS
    [3] => Access-Control-Allow-Headers: Content-Type, Authorization, X-Requested-With
)

[22-Apr-2025 17:41:39 Europe/Berlin] CORS Origin: http://localhost:5173
[22-Apr-2025 17:41:39 Europe/Berlin] Is origin allowed: Yes
[22-Apr-2025 17:41:39 Europe/Berlin] Current headers: Array
(
    [0] => X-Powered-By: PHP/8.0.30
)

[22-Apr-2025 17:41:39 Europe/Berlin] Final headers: Array
(
    [0] => Access-Control-Allow-Origin: http://localhost:5173
    [1] => Access-Control-Allow-Credentials: true
    [2] => Access-Control-Allow-Methods: GET, POST, PUT, DELETE, OPTIONS
    [3] => Access-Control-Allow-Headers: Content-Type, Authorization, X-Requested-With
)

[22-Apr-2025 17:42:19 Europe/Berlin] CORS Origin: http://localhost:5173
[22-Apr-2025 17:42:19 Europe/Berlin] Is origin allowed: Yes
[22-Apr-2025 17:42:19 Europe/Berlin] Current headers: Array
(
    [0] => X-Powered-By: PHP/8.0.30
)

[22-Apr-2025 17:42:19 Europe/Berlin] Final headers: Array
(
    [0] => Access-Control-Allow-Origin: http://localhost:5173
    [1] => Access-Control-Allow-Credentials: true
    [2] => Access-Control-Allow-Methods: GET, POST, PUT, DELETE, OPTIONS
    [3] => Access-Control-Allow-Headers: Content-Type, Authorization, X-Requested-With
)

[22-Apr-2025 17:45:23 Europe/Berlin] CORS Origin: http://localhost:5173
[22-Apr-2025 17:45:23 Europe/Berlin] Is origin allowed: Yes
[22-Apr-2025 17:45:23 Europe/Berlin] Current headers: Array
(
    [0] => X-Powered-By: PHP/8.0.30
)

[22-Apr-2025 17:45:23 Europe/Berlin] Final headers: Array
(
    [0] => Access-Control-Allow-Origin: http://localhost:5173
    [1] => Access-Control-Allow-Credentials: true
    [2] => Access-Control-Allow-Methods: GET, POST, PUT, DELETE, OPTIONS
    [3] => Access-Control-Allow-Headers: Content-Type, Authorization, X-Requested-With
)

[22-Apr-2025 19:16:12 Europe/Berlin] CORS Origin: http://localhost:5173
[22-Apr-2025 19:16:12 Europe/Berlin] Is origin allowed: Yes
[22-Apr-2025 19:16:12 Europe/Berlin] Current headers: Array
(
    [0] => X-Powered-By: PHP/8.0.30
)

[22-Apr-2025 19:16:12 Europe/Berlin] Final headers: Array
(
    [0] => Access-Control-Allow-Origin: http://localhost:5173
    [1] => Access-Control-Allow-Credentials: true
    [2] => Access-Control-Allow-Methods: GET, POST, PUT, DELETE, OPTIONS
    [3] => Access-Control-Allow-Headers: Content-Type, Authorization, X-Requested-With
)

[22-Apr-2025 19:17:17 Europe/Berlin] CORS Origin: http://localhost:5173
[22-Apr-2025 19:17:17 Europe/Berlin] Is origin allowed: Yes
[22-Apr-2025 19:17:17 Europe/Berlin] Current headers: Array
(
    [0] => X-Powered-By: PHP/8.0.30
)

[22-Apr-2025 19:17:17 Europe/Berlin] Final headers: Array
(
    [0] => Access-Control-Allow-Origin: http://localhost:5173
    [1] => Access-Control-Allow-Credentials: true
    [2] => Access-Control-Allow-Methods: GET, POST, PUT, DELETE, OPTIONS
    [3] => Access-Control-Allow-Headers: Content-Type, Authorization, X-Requested-With
)

[22-Apr-2025 19:17:40 Europe/Berlin] CORS Origin: http://localhost:5173
[22-Apr-2025 19:17:40 Europe/Berlin] Is origin allowed: Yes
[22-Apr-2025 19:17:40 Europe/Berlin] Current headers: Array
(
    [0] => X-Powered-By: PHP/8.0.30
)

[22-Apr-2025 19:17:40 Europe/Berlin] Final headers: Array
(
    [0] => Access-Control-Allow-Origin: http://localhost:5173
    [1] => Access-Control-Allow-Credentials: true
    [2] => Access-Control-Allow-Methods: GET, POST, PUT, DELETE, OPTIONS
    [3] => Access-Control-Allow-Headers: Content-Type, Authorization, X-Requested-With
)

[22-Apr-2025 19:27:36 Europe/Berlin] CORS Origin: http://localhost:5173
[22-Apr-2025 19:27:36 Europe/Berlin] Is origin allowed: Yes
[22-Apr-2025 19:27:36 Europe/Berlin] Current headers: Array
(
    [0] => X-Powered-By: PHP/8.0.30
)

[22-Apr-2025 19:27:36 Europe/Berlin] Final headers: Array
(
    [0] => Access-Control-Allow-Origin: http://localhost:5173
    [1] => Access-Control-Allow-Credentials: true
    [2] => Access-Control-Allow-Methods: GET, POST, PUT, DELETE, OPTIONS
    [3] => Access-Control-Allow-Headers: Content-Type, Authorization, X-Requested-With
)

[22-Apr-2025 19:29:10 Europe/Berlin] CORS Origin: http://localhost:5173
[22-Apr-2025 19:29:10 Europe/Berlin] Is origin allowed: Yes
[22-Apr-2025 19:29:10 Europe/Berlin] Current headers: Array
(
    [0] => X-Powered-By: PHP/8.0.30
)

[22-Apr-2025 19:29:10 Europe/Berlin] Final headers: Array
(
    [0] => Access-Control-Allow-Origin: http://localhost:5173
    [1] => Access-Control-Allow-Credentials: true
    [2] => Access-Control-Allow-Methods: GET, POST, PUT, DELETE, OPTIONS
    [3] => Access-Control-Allow-Headers: Content-Type, Authorization, X-Requested-With
)

[22-Apr-2025 19:31:00 Europe/Berlin] CORS Origin: http://localhost:5173
[22-Apr-2025 19:31:00 Europe/Berlin] Is origin allowed: Yes
[22-Apr-2025 19:31:00 Europe/Berlin] Current headers: Array
(
    [0] => X-Powered-By: PHP/8.0.30
)

[22-Apr-2025 19:31:00 Europe/Berlin] Final headers: Array
(
    [0] => Access-Control-Allow-Origin: http://localhost:5173
    [1] => Access-Control-Allow-Credentials: true
    [2] => Access-Control-Allow-Methods: GET, POST, PUT, DELETE, OPTIONS
    [3] => Access-Control-Allow-Headers: Content-Type, Authorization, X-Requested-With
)

[22-Apr-2025 19:33:42 Europe/Berlin] CORS Origin: http://localhost:5173
[22-Apr-2025 19:33:42 Europe/Berlin] Is origin allowed: Yes
[22-Apr-2025 19:33:42 Europe/Berlin] Current headers: Array
(
    [0] => X-Powered-By: PHP/8.0.30
)

[22-Apr-2025 19:33:42 Europe/Berlin] Final headers: Array
(
    [0] => Access-Control-Allow-Origin: http://localhost:5173
    [1] => Access-Control-Allow-Credentials: true
    [2] => Access-Control-Allow-Methods: GET, POST, PUT, DELETE, OPTIONS
    [3] => Access-Control-Allow-Headers: Content-Type, Authorization, X-Requested-With
)

[22-Apr-2025 19:38:41 Europe/Berlin] CORS Origin: http://localhost:5173
[22-Apr-2025 19:38:41 Europe/Berlin] Is origin allowed: Yes
[22-Apr-2025 19:38:41 Europe/Berlin] Current headers: Array
(
    [0] => X-Powered-By: PHP/8.0.30
)

[22-Apr-2025 19:38:41 Europe/Berlin] Final headers: Array
(
    [0] => Access-Control-Allow-Origin: http://localhost:5173
    [1] => Access-Control-Allow-Credentials: true
    [2] => Access-Control-Allow-Methods: GET, POST, PUT, DELETE, OPTIONS
    [3] => Access-Control-Allow-Headers: Content-Type, Authorization, X-Requested-With
)

[22-Apr-2025 19:38:47 Europe/Berlin] CORS Origin: http://localhost:5173
[22-Apr-2025 19:38:47 Europe/Berlin] Is origin allowed: Yes
[22-Apr-2025 19:38:47 Europe/Berlin] Current headers: Array
(
    [0] => X-Powered-By: PHP/8.0.30
)

[22-Apr-2025 19:38:47 Europe/Berlin] Final headers: Array
(
    [0] => Access-Control-Allow-Origin: http://localhost:5173
    [1] => Access-Control-Allow-Credentials: true
    [2] => Access-Control-Allow-Methods: GET, POST, PUT, DELETE, OPTIONS
    [3] => Access-Control-Allow-Headers: Content-Type, Authorization, X-Requested-With
)

[22-Apr-2025 19:39:42 Europe/Berlin] CORS Origin: http://localhost:5173
[22-Apr-2025 19:39:42 Europe/Berlin] Is origin allowed: Yes
[22-Apr-2025 19:39:42 Europe/Berlin] Current headers: Array
(
    [0] => X-Powered-By: PHP/8.0.30
)

[22-Apr-2025 19:39:42 Europe/Berlin] Final headers: Array
(
    [0] => Access-Control-Allow-Origin: http://localhost:5173
    [1] => Access-Control-Allow-Credentials: true
    [2] => Access-Control-Allow-Methods: GET, POST, PUT, DELETE, OPTIONS
    [3] => Access-Control-Allow-Headers: Content-Type, Authorization, X-Requested-With
)

[22-Apr-2025 19:40:05 Europe/Berlin] CORS Origin: http://localhost:5173
[22-Apr-2025 19:40:05 Europe/Berlin] Is origin allowed: Yes
[22-Apr-2025 19:40:05 Europe/Berlin] Current headers: Array
(
    [0] => X-Powered-By: PHP/8.0.30
)

[22-Apr-2025 19:40:05 Europe/Berlin] Final headers: Array
(
    [0] => Access-Control-Allow-Origin: http://localhost:5173
    [1] => Access-Control-Allow-Credentials: true
    [2] => Access-Control-Allow-Methods: GET, POST, PUT, DELETE, OPTIONS
    [3] => Access-Control-Allow-Headers: Content-Type, Authorization, X-Requested-With
)

[22-Apr-2025 19:41:04 Europe/Berlin] CORS Origin: http://localhost:5173
[22-Apr-2025 19:41:04 Europe/Berlin] Is origin allowed: Yes
[22-Apr-2025 19:41:04 Europe/Berlin] Current headers: Array
(
    [0] => X-Powered-By: PHP/8.0.30
)

[22-Apr-2025 19:41:04 Europe/Berlin] Final headers: Array
(
    [0] => Access-Control-Allow-Origin: http://localhost:5173
    [1] => Access-Control-Allow-Credentials: true
    [2] => Access-Control-Allow-Methods: GET, POST, PUT, DELETE, OPTIONS
    [3] => Access-Control-Allow-Headers: Content-Type, Authorization, X-Requested-With
)

[22-Apr-2025 20:33:14 Europe/Berlin] PHP Notice:  session_start(): Ignoring session_start() because a session is already active in C:\xampp\htdocs\ayndrome-api\api\get_track_parcels.php on line 21
[22-Apr-2025 20:33:44 Europe/Berlin] PHP Notice:  session_start(): Ignoring session_start() because a session is already active in C:\xampp\htdocs\ayndrome-api\api\get_track_parcels.php on line 21
[22-Apr-2025 20:34:24 Europe/Berlin] PHP Notice:  session_start(): Ignoring session_start() because a session is already active in C:\xampp\htdocs\ayndrome-api\api\get_track_parcels.php on line 21
[22-Apr-2025 20:34:29 Europe/Berlin] PHP Notice:  session_start(): Ignoring session_start() because a session is already active in C:\xampp\htdocs\ayndrome-api\api\get_track_parcels.php on line 21
[22-Apr-2025 20:34:59 Europe/Berlin] PHP Notice:  session_start(): Ignoring session_start() because a session is already active in C:\xampp\htdocs\ayndrome-api\api\get_track_parcels.php on line 21
[22-Apr-2025 20:35:29 Europe/Berlin] PHP Notice:  session_start(): Ignoring session_start() because a session is already active in C:\xampp\htdocs\ayndrome-api\api\get_track_parcels.php on line 21
[22-Apr-2025 20:35:59 Europe/Berlin] PHP Notice:  session_start(): Ignoring session_start() because a session is already active in C:\xampp\htdocs\ayndrome-api\api\get_track_parcels.php on line 21
[22-Apr-2025 20:36:29 Europe/Berlin] PHP Notice:  session_start(): Ignoring session_start() because a session is already active in C:\xampp\htdocs\ayndrome-api\api\get_track_parcels.php on line 21
[22-Apr-2025 20:37:21 Europe/Berlin] PHP Notice:  session_start(): Ignoring session_start() because a session is already active in C:\xampp\htdocs\ayndrome-api\api\get_track_parcels.php on line 21
[22-Apr-2025 20:37:26 Europe/Berlin] PHP Notice:  session_start(): Ignoring session_start() because a session is already active in C:\xampp\htdocs\ayndrome-api\api\get_track_parcels.php on line 21
[22-Apr-2025 20:37:56 Europe/Berlin] PHP Notice:  session_start(): Ignoring session_start() because a session is already active in C:\xampp\htdocs\ayndrome-api\api\get_track_parcels.php on line 21
[22-Apr-2025 20:38:26 Europe/Berlin] PHP Notice:  session_start(): Ignoring session_start() because a session is already active in C:\xampp\htdocs\ayndrome-api\api\get_track_parcels.php on line 21
[22-Apr-2025 20:38:56 Europe/Berlin] PHP Notice:  session_start(): Ignoring session_start() because a session is already active in C:\xampp\htdocs\ayndrome-api\api\get_track_parcels.php on line 21
[22-Apr-2025 20:39:26 Europe/Berlin] PHP Notice:  session_start(): Ignoring session_start() because a session is already active in C:\xampp\htdocs\ayndrome-api\api\get_track_parcels.php on line 21
[22-Apr-2025 20:40:34 Europe/Berlin] PHP Notice:  session_start(): Ignoring session_start() because a session is already active in C:\xampp\htdocs\ayndrome-api\api\get_track_parcels.php on line 21
[22-Apr-2025 20:40:56 Europe/Berlin] PHP Notice:  session_start(): Ignoring session_start() because a session is already active in C:\xampp\htdocs\ayndrome-api\api\get_track_parcels.php on line 21
[22-Apr-2025 20:41:26 Europe/Berlin] PHP Notice:  session_start(): Ignoring session_start() because a session is already active in C:\xampp\htdocs\ayndrome-api\api\get_track_parcels.php on line 21
[22-Apr-2025 20:42:49 Europe/Berlin] PHP Notice:  session_start(): Ignoring session_start() because a session is already active in C:\xampp\htdocs\ayndrome-api\api\get_track_parcels.php on line 21
[22-Apr-2025 20:43:36 Europe/Berlin] PHP Notice:  session_start(): Ignoring session_start() because a session is already active in C:\xampp\htdocs\ayndrome-api\api\get_track_parcels.php on line 21
[22-Apr-2025 20:43:56 Europe/Berlin] PHP Notice:  session_start(): Ignoring session_start() because a session is already active in C:\xampp\htdocs\ayndrome-api\api\get_track_parcels.php on line 21
[22-Apr-2025 20:44:26 Europe/Berlin] PHP Notice:  session_start(): Ignoring session_start() because a session is already active in C:\xampp\htdocs\ayndrome-api\api\get_track_parcels.php on line 21
[22-Apr-2025 20:45:49 Europe/Berlin] PHP Notice:  session_start(): Ignoring session_start() because a session is already active in C:\xampp\htdocs\ayndrome-api\api\get_track_parcels.php on line 21
[22-Apr-2025 20:46:49 Europe/Berlin] PHP Notice:  session_start(): Ignoring session_start() because a session is already active in C:\xampp\htdocs\ayndrome-api\api\get_track_parcels.php on line 21
[22-Apr-2025 20:47:49 Europe/Berlin] PHP Notice:  session_start(): Ignoring session_start() because a session is already active in C:\xampp\htdocs\ayndrome-api\api\get_track_parcels.php on line 21
[22-Apr-2025 20:47:56 Europe/Berlin] PHP Notice:  session_start(): Ignoring session_start() because a session is already active in C:\xampp\htdocs\ayndrome-api\api\get_track_parcels.php on line 21
[22-Apr-2025 20:48:26 Europe/Berlin] PHP Notice:  session_start(): Ignoring session_start() because a session is already active in C:\xampp\htdocs\ayndrome-api\api\get_track_parcels.php on line 21
[22-Apr-2025 20:48:56 Europe/Berlin] PHP Notice:  session_start(): Ignoring session_start() because a session is already active in C:\xampp\htdocs\ayndrome-api\api\get_track_parcels.php on line 21
[22-Apr-2025 20:49:49 Europe/Berlin] PHP Notice:  session_start(): Ignoring session_start() because a session is already active in C:\xampp\htdocs\ayndrome-api\api\get_track_parcels.php on line 21
[22-Apr-2025 20:50:49 Europe/Berlin] PHP Notice:  session_start(): Ignoring session_start() because a session is already active in C:\xampp\htdocs\ayndrome-api\api\get_track_parcels.php on line 21
[22-Apr-2025 20:51:49 Europe/Berlin] PHP Notice:  session_start(): Ignoring session_start() because a session is already active in C:\xampp\htdocs\ayndrome-api\api\get_track_parcels.php on line 21
[22-Apr-2025 20:51:56 Europe/Berlin] PHP Notice:  session_start(): Ignoring session_start() because a session is already active in C:\xampp\htdocs\ayndrome-api\api\get_track_parcels.php on line 21
[22-Apr-2025 20:52:26 Europe/Berlin] PHP Notice:  session_start(): Ignoring session_start() because a session is already active in C:\xampp\htdocs\ayndrome-api\api\get_track_parcels.php on line 21
[22-Apr-2025 20:53:49 Europe/Berlin] PHP Notice:  session_start(): Ignoring session_start() because a session is already active in C:\xampp\htdocs\ayndrome-api\api\get_track_parcels.php on line 21
[22-Apr-2025 20:54:49 Europe/Berlin] PHP Notice:  session_start(): Ignoring session_start() because a session is already active in C:\xampp\htdocs\ayndrome-api\api\get_track_parcels.php on line 21
[22-Apr-2025 20:54:56 Europe/Berlin] PHP Notice:  session_start(): Ignoring session_start() because a session is already active in C:\xampp\htdocs\ayndrome-api\api\get_track_parcels.php on line 21
[22-Apr-2025 20:55:26 Europe/Berlin] PHP Notice:  session_start(): Ignoring session_start() because a session is already active in C:\xampp\htdocs\ayndrome-api\api\get_track_parcels.php on line 21
[22-Apr-2025 20:55:56 Europe/Berlin] PHP Notice:  session_start(): Ignoring session_start() because a session is already active in C:\xampp\htdocs\ayndrome-api\api\get_track_parcels.php on line 21
[22-Apr-2025 20:56:26 Europe/Berlin] PHP Notice:  session_start(): Ignoring session_start() because a session is already active in C:\xampp\htdocs\ayndrome-api\api\get_track_parcels.php on line 21
[22-Apr-2025 20:56:59 Europe/Berlin] PHP Notice:  session_start(): Ignoring session_start() because a session is already active in C:\xampp\htdocs\ayndrome-api\api\get_track_parcels.php on line 21
[22-Apr-2025 20:57:29 Europe/Berlin] PHP Notice:  session_start(): Ignoring session_start() because a session is already active in C:\xampp\htdocs\ayndrome-api\api\get_track_parcels.php on line 21
[22-Apr-2025 20:57:59 Europe/Berlin] PHP Notice:  session_start(): Ignoring session_start() because a session is already active in C:\xampp\htdocs\ayndrome-api\api\get_track_parcels.php on line 21
[22-Apr-2025 20:58:29 Europe/Berlin] PHP Notice:  session_start(): Ignoring session_start() because a session is already active in C:\xampp\htdocs\ayndrome-api\api\get_track_parcels.php on line 21
[22-Apr-2025 20:58:59 Europe/Berlin] PHP Notice:  session_start(): Ignoring session_start() because a session is already active in C:\xampp\htdocs\ayndrome-api\api\get_track_parcels.php on line 21
[22-Apr-2025 20:59:49 Europe/Berlin] PHP Notice:  session_start(): Ignoring session_start() because a session is already active in C:\xampp\htdocs\ayndrome-api\api\get_track_parcels.php on line 21
[22-Apr-2025 21:00:49 Europe/Berlin] PHP Notice:  session_start(): Ignoring session_start() because a session is already active in C:\xampp\htdocs\ayndrome-api\api\get_track_parcels.php on line 21
[22-Apr-2025 21:01:49 Europe/Berlin] PHP Notice:  session_start(): Ignoring session_start() because a session is already active in C:\xampp\htdocs\ayndrome-api\api\get_track_parcels.php on line 21
[22-Apr-2025 21:02:49 Europe/Berlin] PHP Notice:  session_start(): Ignoring session_start() because a session is already active in C:\xampp\htdocs\ayndrome-api\api\get_track_parcels.php on line 21
[22-Apr-2025 21:02:49 Europe/Berlin] Error in get_track_parcels.php: SQLSTATE[42S22]: Column not found: 1054 Unknown column 'tp.order_id' in 'on clause'
[22-Apr-2025 21:02:49 Europe/Berlin] Stack trace: #0 C:\xampp\htdocs\ayndrome-api\api\get_track_parcels.php(71): PDOStatement->execute(Array)
#1 {main}
[22-Apr-2025 21:03:49 Europe/Berlin] PHP Notice:  session_start(): Ignoring session_start() because a session is already active in C:\xampp\htdocs\ayndrome-api\api\get_track_parcels.php on line 21
[22-Apr-2025 21:03:49 Europe/Berlin] Error in get_track_parcels.php: SQLSTATE[42S22]: Column not found: 1054 Unknown column 'tp.order_id' in 'on clause'
[22-Apr-2025 21:03:49 Europe/Berlin] Stack trace: #0 C:\xampp\htdocs\ayndrome-api\api\get_track_parcels.php(71): PDOStatement->execute(Array)
#1 {main}
[22-Apr-2025 21:04:11 Europe/Berlin] PHP Notice:  session_start(): Ignoring session_start() because a session is already active in C:\xampp\htdocs\ayndrome-api\api\get_track_parcels.php on line 21
[22-Apr-2025 21:04:11 Europe/Berlin] Error in get_track_parcels.php: SQLSTATE[42S22]: Column not found: 1054 Unknown column 'tp.order_id' in 'on clause'
[22-Apr-2025 21:04:11 Europe/Berlin] Stack trace: #0 C:\xampp\htdocs\ayndrome-api\api\get_track_parcels.php(71): PDOStatement->execute(Array)
#1 {main}
[22-Apr-2025 21:04:29 Europe/Berlin] PHP Notice:  session_start(): Ignoring session_start() because a session is already active in C:\xampp\htdocs\ayndrome-api\api\get_track_parcels.php on line 21
[22-Apr-2025 21:04:29 Europe/Berlin] Error in get_track_parcels.php: SQLSTATE[42S22]: Column not found: 1054 Unknown column 'tp.order_id' in 'on clause'
[22-Apr-2025 21:04:29 Europe/Berlin] Stack trace: #0 C:\xampp\htdocs\ayndrome-api\api\get_track_parcels.php(71): PDOStatement->execute(Array)
#1 {main}
[22-Apr-2025 21:04:59 Europe/Berlin] PHP Notice:  session_start(): Ignoring session_start() because a session is already active in C:\xampp\htdocs\ayndrome-api\api\get_track_parcels.php on line 21
[22-Apr-2025 21:04:59 Europe/Berlin] Error in get_track_parcels.php: SQLSTATE[42S22]: Column not found: 1054 Unknown column 'tp.order_id' in 'on clause'
[22-Apr-2025 21:04:59 Europe/Berlin] Stack trace: #0 C:\xampp\htdocs\ayndrome-api\api\get_track_parcels.php(71): PDOStatement->execute(Array)
#1 {main}
[22-Apr-2025 21:05:49 Europe/Berlin] PHP Notice:  session_start(): Ignoring session_start() because a session is already active in C:\xampp\htdocs\ayndrome-api\api\get_track_parcels.php on line 21
[22-Apr-2025 21:05:49 Europe/Berlin] Error in get_track_parcels.php: SQLSTATE[42S22]: Column not found: 1054 Unknown column 'tp.order_id' in 'on clause'
[22-Apr-2025 21:05:49 Europe/Berlin] Stack trace: #0 C:\xampp\htdocs\ayndrome-api\api\get_track_parcels.php(71): PDOStatement->execute(Array)
#1 {main}
[22-Apr-2025 21:06:49 Europe/Berlin] PHP Notice:  session_start(): Ignoring session_start() because a session is already active in C:\xampp\htdocs\ayndrome-api\api\get_track_parcels.php on line 21
[22-Apr-2025 21:06:49 Europe/Berlin] Error in get_track_parcels.php: SQLSTATE[42S22]: Column not found: 1054 Unknown column 'tp.order_id' in 'on clause'
[22-Apr-2025 21:06:49 Europe/Berlin] Stack trace: #0 C:\xampp\htdocs\ayndrome-api\api\get_track_parcels.php(71): PDOStatement->execute(Array)
#1 {main}
[22-Apr-2025 21:07:49 Europe/Berlin] PHP Notice:  session_start(): Ignoring session_start() because a session is already active in C:\xampp\htdocs\ayndrome-api\api\get_track_parcels.php on line 21
[22-Apr-2025 21:08:01 Europe/Berlin] PHP Notice:  session_start(): Ignoring session_start() because a session is already active in C:\xampp\htdocs\ayndrome-api\api\get_track_parcels.php on line 21
[22-Apr-2025 21:08:31 Europe/Berlin] PHP Notice:  session_start(): Ignoring session_start() because a session is already active in C:\xampp\htdocs\ayndrome-api\api\get_track_parcels.php on line 21
[22-Apr-2025 21:09:01 Europe/Berlin] PHP Notice:  session_start(): Ignoring session_start() because a session is already active in C:\xampp\htdocs\ayndrome-api\api\get_track_parcels.php on line 21
[22-Apr-2025 21:09:31 Europe/Berlin] PHP Notice:  session_start(): Ignoring session_start() because a session is already active in C:\xampp\htdocs\ayndrome-api\api\get_track_parcels.php on line 21
[22-Apr-2025 21:10:01 Europe/Berlin] PHP Notice:  session_start(): Ignoring session_start() because a session is already active in C:\xampp\htdocs\ayndrome-api\api\get_track_parcels.php on line 21
[22-Apr-2025 21:10:31 Europe/Berlin] PHP Notice:  session_start(): Ignoring session_start() because a session is already active in C:\xampp\htdocs\ayndrome-api\api\get_track_parcels.php on line 21
[22-Apr-2025 21:11:01 Europe/Berlin] PHP Notice:  session_start(): Ignoring session_start() because a session is already active in C:\xampp\htdocs\ayndrome-api\api\get_track_parcels.php on line 21
[22-Apr-2025 21:11:31 Europe/Berlin] PHP Notice:  session_start(): Ignoring session_start() because a session is already active in C:\xampp\htdocs\ayndrome-api\api\get_track_parcels.php on line 21
[22-Apr-2025 21:12:49 Europe/Berlin] PHP Notice:  session_start(): Ignoring session_start() because a session is already active in C:\xampp\htdocs\ayndrome-api\api\get_track_parcels.php on line 21
[22-Apr-2025 21:21:46 Europe/Berlin] PHP Notice:  session_start(): Ignoring session_start() because a session is already active in C:\xampp\htdocs\ayndrome-api\api\get_track_parcels.php on line 21
[22-Apr-2025 21:21:51 Europe/Berlin] PHP Notice:  session_start(): Ignoring session_start() because a session is already active in C:\xampp\htdocs\ayndrome-api\api\get_track_parcels.php on line 21
[22-Apr-2025 21:21:56 Europe/Berlin] PHP Notice:  session_start(): Ignoring session_start() because a session is already active in C:\xampp\htdocs\ayndrome-api\api\get_track_parcels.php on line 21
[22-Apr-2025 21:21:58 Europe/Berlin] PHP Notice:  session_start(): Ignoring session_start() because a session is already active in C:\xampp\htdocs\ayndrome-api\api\get_track_parcels.php on line 21
[22-Apr-2025 21:22:04 Europe/Berlin] PHP Notice:  session_start(): Ignoring session_start() because a session is already active in C:\xampp\htdocs\ayndrome-api\api\get_track_parcels.php on line 21
[22-Apr-2025 21:22:05 Europe/Berlin] PHP Notice:  session_start(): Ignoring session_start() because a session is already active in C:\xampp\htdocs\ayndrome-api\api\get_track_parcels.php on line 21
[22-Apr-2025 21:22:30 Europe/Berlin] PHP Notice:  session_start(): Ignoring session_start() because a session is already active in C:\xampp\htdocs\ayndrome-api\api\get_track_parcels.php on line 21
[22-Apr-2025 21:24:01 Europe/Berlin] PHP Notice:  session_start(): Ignoring session_start() because a session is already active in C:\xampp\htdocs\ayndrome-api\api\delivery_history.php on line 21
[22-Apr-2025 21:24:30 Europe/Berlin] PHP Notice:  session_start(): Ignoring session_start() because a session is already active in C:\xampp\htdocs\ayndrome-api\api\get_track_parcels.php on line 21
[22-Apr-2025 21:24:31 Europe/Berlin] PHP Notice:  session_start(): Ignoring session_start() because a session is already active in C:\xampp\htdocs\ayndrome-api\api\delivery_history.php on line 21
[22-Apr-2025 21:24:32 Europe/Berlin] PHP Notice:  session_start(): Ignoring session_start() because a session is already active in C:\xampp\htdocs\ayndrome-api\api\get_track_parcels.php on line 21
[22-Apr-2025 21:24:33 Europe/Berlin] PHP Notice:  session_start(): Ignoring session_start() because a session is already active in C:\xampp\htdocs\ayndrome-api\api\delivery_history.php on line 21
[22-Apr-2025 21:24:34 Europe/Berlin] PHP Notice:  session_start(): Ignoring session_start() because a session is already active in C:\xampp\htdocs\ayndrome-api\api\get_track_parcels.php on line 21
[22-Apr-2025 21:24:35 Europe/Berlin] PHP Notice:  session_start(): Ignoring session_start() because a session is already active in C:\xampp\htdocs\ayndrome-api\api\delivery_history.php on line 21
[22-Apr-2025 21:24:38 Europe/Berlin] PHP Notice:  session_start(): Ignoring session_start() because a session is already active in C:\xampp\htdocs\ayndrome-api\api\get_track_parcels.php on line 21
[22-Apr-2025 21:24:39 Europe/Berlin] PHP Notice:  session_start(): Ignoring session_start() because a session is already active in C:\xampp\htdocs\ayndrome-api\api\delivery_history.php on line 21
[22-Apr-2025 21:24:42 Europe/Berlin] PHP Notice:  session_start(): Ignoring session_start() because a session is already active in C:\xampp\htdocs\ayndrome-api\api\get_track_parcels.php on line 21
[22-Apr-2025 21:25:12 Europe/Berlin] PHP Notice:  session_start(): Ignoring session_start() because a session is already active in C:\xampp\htdocs\ayndrome-api\api\get_track_parcels.php on line 21
[22-Apr-2025 21:25:42 Europe/Berlin] PHP Notice:  session_start(): Ignoring session_start() because a session is already active in C:\xampp\htdocs\ayndrome-api\api\get_track_parcels.php on line 21
[22-Apr-2025 21:26:12 Europe/Berlin] PHP Notice:  session_start(): Ignoring session_start() because a session is already active in C:\xampp\htdocs\ayndrome-api\api\get_track_parcels.php on line 21
[22-Apr-2025 21:26:42 Europe/Berlin] PHP Notice:  session_start(): Ignoring session_start() because a session is already active in C:\xampp\htdocs\ayndrome-api\api\get_track_parcels.php on line 21
[22-Apr-2025 21:27:12 Europe/Berlin] PHP Notice:  session_start(): Ignoring session_start() because a session is already active in C:\xampp\htdocs\ayndrome-api\api\get_track_parcels.php on line 21
[22-Apr-2025 21:27:49 Europe/Berlin] PHP Notice:  session_start(): Ignoring session_start() because a session is already active in C:\xampp\htdocs\ayndrome-api\api\get_track_parcels.php on line 21
[22-Apr-2025 21:28:49 Europe/Berlin] PHP Notice:  session_start(): Ignoring session_start() because a session is already active in C:\xampp\htdocs\ayndrome-api\api\get_track_parcels.php on line 21
[22-Apr-2025 21:29:49 Europe/Berlin] PHP Notice:  session_start(): Ignoring session_start() because a session is already active in C:\xampp\htdocs\ayndrome-api\api\get_track_parcels.php on line 21
[22-Apr-2025 21:30:49 Europe/Berlin] PHP Notice:  session_start(): Ignoring session_start() because a session is already active in C:\xampp\htdocs\ayndrome-api\api\get_track_parcels.php on line 21
[22-Apr-2025 21:31:07 Europe/Berlin] PHP Notice:  session_start(): Ignoring session_start() because a session is already active in C:\xampp\htdocs\ayndrome-api\api\delivery_history.php on line 21
[22-Apr-2025 21:31:08 Europe/Berlin] PHP Notice:  session_start(): Ignoring session_start() because a session is already active in C:\xampp\htdocs\ayndrome-api\api\get_track_parcels.php on line 21
[22-Apr-2025 21:31:38 Europe/Berlin] PHP Notice:  session_start(): Ignoring session_start() because a session is already active in C:\xampp\htdocs\ayndrome-api\api\get_track_parcels.php on line 21
[22-Apr-2025 21:32:08 Europe/Berlin] PHP Notice:  session_start(): Ignoring session_start() because a session is already active in C:\xampp\htdocs\ayndrome-api\api\get_track_parcels.php on line 21
[22-Apr-2025 21:32:38 Europe/Berlin] PHP Notice:  session_start(): Ignoring session_start() because a session is already active in C:\xampp\htdocs\ayndrome-api\api\get_track_parcels.php on line 21
[22-Apr-2025 21:33:08 Europe/Berlin] PHP Notice:  session_start(): Ignoring session_start() because a session is already active in C:\xampp\htdocs\ayndrome-api\api\get_track_parcels.php on line 21
[22-Apr-2025 21:33:09 Europe/Berlin] PHP Notice:  session_start(): Ignoring session_start() because a session is already active in C:\xampp\htdocs\ayndrome-api\api\get_track_parcels.php on line 21
[22-Apr-2025 21:33:14 Europe/Berlin] PHP Notice:  session_start(): Ignoring session_start() because a session is already active in C:\xampp\htdocs\ayndrome-api\api\get_track_parcels.php on line 21
[22-Apr-2025 21:33:37 Europe/Berlin] PHP Notice:  session_start(): Ignoring session_start() because a session is already active in C:\xampp\htdocs\ayndrome-api\api\delivery_history.php on line 21
[22-Apr-2025 21:33:38 Europe/Berlin] PHP Notice:  session_start(): Ignoring session_start() because a session is already active in C:\xampp\htdocs\ayndrome-api\api\get_track_parcels.php on line 21
[22-Apr-2025 21:34:08 Europe/Berlin] PHP Notice:  session_start(): Ignoring session_start() because a session is already active in C:\xampp\htdocs\ayndrome-api\api\get_track_parcels.php on line 21
[22-Apr-2025 21:34:37 Europe/Berlin] PHP Notice:  session_start(): Ignoring session_start() because a session is already active in C:\xampp\htdocs\ayndrome-api\api\delivery_history.php on line 21
[22-Apr-2025 21:34:53 Europe/Berlin] PHP Notice:  session_start(): Ignoring session_start() because a session is already active in C:\xampp\htdocs\ayndrome-api\api\get_track_parcels.php on line 21
[22-Apr-2025 21:35:23 Europe/Berlin] PHP Notice:  session_start(): Ignoring session_start() because a session is already active in C:\xampp\htdocs\ayndrome-api\api\get_track_parcels.php on line 21
[22-Apr-2025 21:35:53 Europe/Berlin] PHP Notice:  session_start(): Ignoring session_start() because a session is already active in C:\xampp\htdocs\ayndrome-api\api\get_track_parcels.php on line 21
[22-Apr-2025 21:36:35 Europe/Berlin] PHP Notice:  session_start(): Ignoring session_start() because a session is already active in C:\xampp\htdocs\ayndrome-api\api\delivery_history.php on line 21
[22-Apr-2025 21:36:35 Europe/Berlin] PHP Notice:  session_start(): Ignoring session_start() because a session is already active in C:\xampp\htdocs\ayndrome-api\api\get_track_parcels.php on line 21
[22-Apr-2025 21:36:36 Europe/Berlin] PHP Notice:  session_start(): Ignoring session_start() because a session is already active in C:\xampp\htdocs\ayndrome-api\api\delivery_history.php on line 21
[22-Apr-2025 21:36:37 Europe/Berlin] PHP Notice:  session_start(): Ignoring session_start() because a session is already active in C:\xampp\htdocs\ayndrome-api\api\get_track_parcels.php on line 21
[22-Apr-2025 21:36:38 Europe/Berlin] PHP Notice:  session_start(): Ignoring session_start() because a session is already active in C:\xampp\htdocs\ayndrome-api\api\delivery_history.php on line 21
[22-Apr-2025 21:36:54 Europe/Berlin] PHP Notice:  session_start(): Ignoring session_start() because a session is already active in C:\xampp\htdocs\ayndrome-api\api\get_track_parcels.php on line 21
[22-Apr-2025 21:40:31 Europe/Berlin] PHP Notice:  session_start(): Ignoring session_start() because a session is already active in C:\xampp\htdocs\ayndrome-api\api\delivery_history.php on line 21
[22-Apr-2025 21:43:26 Europe/Berlin] PHP Notice:  session_start(): Ignoring session_start() because a session is already active in C:\xampp\htdocs\ayndrome-api\api\user_activity.php on line 21
[22-Apr-2025 21:43:26 Europe/Berlin] Error in user_activity.php: SQLSTATE[42S02]: Base table or view not found: 1146 Table 'ayndrome.users_activity' doesn't exist
[22-Apr-2025 21:43:26 Europe/Berlin] Stack trace: #0 C:\xampp\htdocs\ayndrome-api\api\user_activity.php(53): PDOStatement->execute(Array)
#1 {main}
[22-Apr-2025 21:43:26 Europe/Berlin] PHP Notice:  session_start(): Ignoring session_start() because a session is already active in C:\xampp\htdocs\ayndrome-api\api\user_activity.php on line 21
[22-Apr-2025 21:43:26 Europe/Berlin] Error in user_activity.php: SQLSTATE[42S02]: Base table or view not found: 1146 Table 'ayndrome.users_activity' doesn't exist
[22-Apr-2025 21:43:26 Europe/Berlin] Stack trace: #0 C:\xampp\htdocs\ayndrome-api\api\user_activity.php(53): PDOStatement->execute(Array)
#1 {main}
[22-Apr-2025 21:44:39 Europe/Berlin] PHP Notice:  session_start(): Ignoring session_start() because a session is already active in C:\xampp\htdocs\ayndrome-api\api\delivery_history.php on line 21
[22-Apr-2025 21:44:40 Europe/Berlin] PHP Notice:  session_start(): Ignoring session_start() because a session is already active in C:\xampp\htdocs\ayndrome-api\api\get_track_parcels.php on line 21
[22-Apr-2025 21:44:44 Europe/Berlin] PHP Notice:  session_start(): Ignoring session_start() because a session is already active in C:\xampp\htdocs\ayndrome-api\api\user_activity.php on line 21
[22-Apr-2025 21:44:44 Europe/Berlin] Error in user_activity.php: SQLSTATE[42S02]: Base table or view not found: 1146 Table 'ayndrome.users_activity' doesn't exist
[22-Apr-2025 21:44:44 Europe/Berlin] Stack trace: #0 C:\xampp\htdocs\ayndrome-api\api\user_activity.php(53): PDOStatement->execute(Array)
#1 {main}
[22-Apr-2025 21:44:46 Europe/Berlin] PHP Notice:  session_start(): Ignoring session_start() because a session is already active in C:\xampp\htdocs\ayndrome-api\api\user_activity.php on line 21
[22-Apr-2025 21:44:46 Europe/Berlin] Error in user_activity.php: SQLSTATE[42S02]: Base table or view not found: 1146 Table 'ayndrome.users_activity' doesn't exist
[22-Apr-2025 21:44:46 Europe/Berlin] Stack trace: #0 C:\xampp\htdocs\ayndrome-api\api\user_activity.php(53): PDOStatement->execute(Array)
#1 {main}
[22-Apr-2025 21:44:46 Europe/Berlin] PHP Notice:  session_start(): Ignoring session_start() because a session is already active in C:\xampp\htdocs\ayndrome-api\api\user_activity.php on line 21
[22-Apr-2025 21:44:46 Europe/Berlin] Error in user_activity.php: SQLSTATE[42S02]: Base table or view not found: 1146 Table 'ayndrome.users_activity' doesn't exist
[22-Apr-2025 21:44:46 Europe/Berlin] Stack trace: #0 C:\xampp\htdocs\ayndrome-api\api\user_activity.php(53): PDOStatement->execute(Array)
#1 {main}
[22-Apr-2025 21:44:52 Europe/Berlin] PHP Notice:  session_start(): Ignoring session_start() because a session is already active in C:\xampp\htdocs\ayndrome-api\api\user_activity.php on line 21
[22-Apr-2025 21:44:52 Europe/Berlin] Error in user_activity.php: SQLSTATE[42S02]: Base table or view not found: 1146 Table 'ayndrome.users_activity' doesn't exist
[22-Apr-2025 21:44:52 Europe/Berlin] Stack trace: #0 C:\xampp\htdocs\ayndrome-api\api\user_activity.php(53): PDOStatement->execute(Array)
#1 {main}
[22-Apr-2025 21:45:03 Europe/Berlin] PHP Notice:  session_start(): Ignoring session_start() because a session is already active in C:\xampp\htdocs\ayndrome-api\api\delivery_history.php on line 21
[22-Apr-2025 21:45:04 Europe/Berlin] PHP Notice:  session_start(): Ignoring session_start() because a session is already active in C:\xampp\htdocs\ayndrome-api\api\get_track_parcels.php on line 21
[22-Apr-2025 21:45:07 Europe/Berlin] PHP Notice:  session_start(): Ignoring session_start() because a session is already active in C:\xampp\htdocs\ayndrome-api\api\user_activity.php on line 21
[22-Apr-2025 21:45:07 Europe/Berlin] Error in user_activity.php: SQLSTATE[42S02]: Base table or view not found: 1146 Table 'ayndrome.users_activity' doesn't exist
[22-Apr-2025 21:45:07 Europe/Berlin] Stack trace: #0 C:\xampp\htdocs\ayndrome-api\api\user_activity.php(53): PDOStatement->execute(Array)
#1 {main}
[22-Apr-2025 21:50:04 Europe/Berlin] PHP Notice:  session_start(): Ignoring session_start() because a session is already active in C:\xampp\htdocs\ayndrome-api\api\delivery_history.php on line 22
[22-Apr-2025 21:50:04 Europe/Berlin] PHP Warning:  Undefined array key "status" in C:\xampp\htdocs\ayndrome-api\api\delivery_history.php on line 80
[22-Apr-2025 21:50:04 Europe/Berlin] PHP Warning:  Undefined array key "status" in C:\xampp\htdocs\ayndrome-api\api\delivery_history.php on line 80
[22-Apr-2025 21:50:04 Europe/Berlin] PHP Warning:  Undefined array key "status" in C:\xampp\htdocs\ayndrome-api\api\delivery_history.php on line 80
[22-Apr-2025 21:50:04 Europe/Berlin] PHP Warning:  Undefined array key "status" in C:\xampp\htdocs\ayndrome-api\api\delivery_history.php on line 80
[22-Apr-2025 21:50:04 Europe/Berlin] PHP Warning:  Undefined array key "status" in C:\xampp\htdocs\ayndrome-api\api\delivery_history.php on line 80
[22-Apr-2025 21:50:04 Europe/Berlin] PHP Warning:  Undefined array key "status" in C:\xampp\htdocs\ayndrome-api\api\delivery_history.php on line 80
[22-Apr-2025 21:50:04 Europe/Berlin] PHP Warning:  Undefined array key "status" in C:\xampp\htdocs\ayndrome-api\api\delivery_history.php on line 80
[22-Apr-2025 21:50:22 Europe/Berlin] PHP Notice:  session_start(): Ignoring session_start() because a session is already active in C:\xampp\htdocs\ayndrome-api\api\get_track_parcels.php on line 21
[22-Apr-2025 21:50:24 Europe/Berlin] PHP Notice:  session_start(): Ignoring session_start() because a session is already active in C:\xampp\htdocs\ayndrome-api\api\delivery_history.php on line 22
[22-Apr-2025 21:50:24 Europe/Berlin] PHP Warning:  Undefined array key "status" in C:\xampp\htdocs\ayndrome-api\api\delivery_history.php on line 80
[22-Apr-2025 21:50:24 Europe/Berlin] PHP Warning:  Undefined array key "status" in C:\xampp\htdocs\ayndrome-api\api\delivery_history.php on line 80
[22-Apr-2025 21:50:24 Europe/Berlin] PHP Warning:  Undefined array key "status" in C:\xampp\htdocs\ayndrome-api\api\delivery_history.php on line 80
[22-Apr-2025 21:50:24 Europe/Berlin] PHP Warning:  Undefined array key "status" in C:\xampp\htdocs\ayndrome-api\api\delivery_history.php on line 80
[22-Apr-2025 21:50:24 Europe/Berlin] PHP Warning:  Undefined array key "status" in C:\xampp\htdocs\ayndrome-api\api\delivery_history.php on line 80
[22-Apr-2025 21:50:24 Europe/Berlin] PHP Warning:  Undefined array key "status" in C:\xampp\htdocs\ayndrome-api\api\delivery_history.php on line 80
[22-Apr-2025 21:50:24 Europe/Berlin] PHP Warning:  Undefined array key "status" in C:\xampp\htdocs\ayndrome-api\api\delivery_history.php on line 80
[22-Apr-2025 21:51:40 Europe/Berlin] PHP Notice:  session_start(): Ignoring session_start() because a session is already active in C:\xampp\htdocs\ayndrome-api\api\delivery_history.php on line 22
[22-Apr-2025 21:51:40 Europe/Berlin] PHP Warning:  Undefined array key "status" in C:\xampp\htdocs\ayndrome-api\api\delivery_history.php on line 80
[22-Apr-2025 21:51:40 Europe/Berlin] PHP Warning:  Undefined array key "status" in C:\xampp\htdocs\ayndrome-api\api\delivery_history.php on line 80
[22-Apr-2025 21:51:40 Europe/Berlin] PHP Warning:  Undefined array key "status" in C:\xampp\htdocs\ayndrome-api\api\delivery_history.php on line 80
[22-Apr-2025 21:51:40 Europe/Berlin] PHP Warning:  Undefined array key "status" in C:\xampp\htdocs\ayndrome-api\api\delivery_history.php on line 80
[22-Apr-2025 21:51:40 Europe/Berlin] PHP Warning:  Undefined array key "status" in C:\xampp\htdocs\ayndrome-api\api\delivery_history.php on line 80
[22-Apr-2025 21:51:40 Europe/Berlin] PHP Warning:  Undefined array key "status" in C:\xampp\htdocs\ayndrome-api\api\delivery_history.php on line 80
[22-Apr-2025 21:51:40 Europe/Berlin] PHP Warning:  Undefined array key "status" in C:\xampp\htdocs\ayndrome-api\api\delivery_history.php on line 80
[22-Apr-2025 21:52:11 Europe/Berlin] PHP Notice:  session_start(): Ignoring session_start() because a session is already active in C:\xampp\htdocs\ayndrome-api\api\delivery_history.php on line 22
[22-Apr-2025 21:52:11 Europe/Berlin] PHP Warning:  Undefined array key "status" in C:\xampp\htdocs\ayndrome-api\api\delivery_history.php on line 78
[22-Apr-2025 21:52:11 Europe/Berlin] PHP Warning:  Undefined array key "status" in C:\xampp\htdocs\ayndrome-api\api\delivery_history.php on line 78
[22-Apr-2025 21:52:11 Europe/Berlin] PHP Warning:  Undefined array key "status" in C:\xampp\htdocs\ayndrome-api\api\delivery_history.php on line 78
[22-Apr-2025 21:52:11 Europe/Berlin] PHP Warning:  Undefined array key "status" in C:\xampp\htdocs\ayndrome-api\api\delivery_history.php on line 78
[22-Apr-2025 21:52:11 Europe/Berlin] PHP Warning:  Undefined array key "status" in C:\xampp\htdocs\ayndrome-api\api\delivery_history.php on line 78
[22-Apr-2025 21:52:11 Europe/Berlin] PHP Warning:  Undefined array key "status" in C:\xampp\htdocs\ayndrome-api\api\delivery_history.php on line 78
[22-Apr-2025 21:52:11 Europe/Berlin] PHP Warning:  Undefined array key "status" in C:\xampp\htdocs\ayndrome-api\api\delivery_history.php on line 78
[22-Apr-2025 21:52:30 Europe/Berlin] PHP Notice:  session_start(): Ignoring session_start() because a session is already active in C:\xampp\htdocs\ayndrome-api\api\user_activity.php on line 21
[22-Apr-2025 21:52:39 Europe/Berlin] PHP Notice:  session_start(): Ignoring session_start() because a session is already active in C:\xampp\htdocs\ayndrome-api\api\user_activity.php on line 21
[22-Apr-2025 21:52:43 Europe/Berlin] PHP Notice:  session_start(): Ignoring session_start() because a session is already active in C:\xampp\htdocs\ayndrome-api\api\get_track_parcels.php on line 21
[22-Apr-2025 21:52:46 Europe/Berlin] PHP Notice:  session_start(): Ignoring session_start() because a session is already active in C:\xampp\htdocs\ayndrome-api\api\user_activity.php on line 21
[22-Apr-2025 21:52:52 Europe/Berlin] PHP Notice:  session_start(): Ignoring session_start() because a session is already active in C:\xampp\htdocs\ayndrome-api\api\delivery_history.php on line 22
[22-Apr-2025 21:52:52 Europe/Berlin] PHP Warning:  Undefined array key "status" in C:\xampp\htdocs\ayndrome-api\api\delivery_history.php on line 78
[22-Apr-2025 21:52:52 Europe/Berlin] PHP Warning:  Undefined array key "status" in C:\xampp\htdocs\ayndrome-api\api\delivery_history.php on line 78
[22-Apr-2025 21:52:52 Europe/Berlin] PHP Warning:  Undefined array key "status" in C:\xampp\htdocs\ayndrome-api\api\delivery_history.php on line 78
[22-Apr-2025 21:52:52 Europe/Berlin] PHP Warning:  Undefined array key "status" in C:\xampp\htdocs\ayndrome-api\api\delivery_history.php on line 78
[22-Apr-2025 21:52:52 Europe/Berlin] PHP Warning:  Undefined array key "status" in C:\xampp\htdocs\ayndrome-api\api\delivery_history.php on line 78
[22-Apr-2025 21:52:52 Europe/Berlin] PHP Warning:  Undefined array key "status" in C:\xampp\htdocs\ayndrome-api\api\delivery_history.php on line 78
[22-Apr-2025 21:52:52 Europe/Berlin] PHP Warning:  Undefined array key "status" in C:\xampp\htdocs\ayndrome-api\api\delivery_history.php on line 78
[22-Apr-2025 21:53:01 Europe/Berlin] PHP Notice:  session_start(): Ignoring session_start() because a session is already active in C:\xampp\htdocs\ayndrome-api\api\user_activity.php on line 21
[22-Apr-2025 21:53:12 Europe/Berlin] PHP Notice:  session_start(): Ignoring session_start() because a session is already active in C:\xampp\htdocs\ayndrome-api\api\delivery_history.php on line 22
[22-Apr-2025 21:53:12 Europe/Berlin] PHP Warning:  Undefined array key "status" in C:\xampp\htdocs\ayndrome-api\api\delivery_history.php on line 78
[22-Apr-2025 21:53:12 Europe/Berlin] PHP Warning:  Undefined array key "status" in C:\xampp\htdocs\ayndrome-api\api\delivery_history.php on line 78
[22-Apr-2025 21:53:12 Europe/Berlin] PHP Warning:  Undefined array key "status" in C:\xampp\htdocs\ayndrome-api\api\delivery_history.php on line 78
[22-Apr-2025 21:53:12 Europe/Berlin] PHP Warning:  Undefined array key "status" in C:\xampp\htdocs\ayndrome-api\api\delivery_history.php on line 78
[22-Apr-2025 21:53:12 Europe/Berlin] PHP Warning:  Undefined array key "status" in C:\xampp\htdocs\ayndrome-api\api\delivery_history.php on line 78
[22-Apr-2025 21:53:12 Europe/Berlin] PHP Warning:  Undefined array key "status" in C:\xampp\htdocs\ayndrome-api\api\delivery_history.php on line 78
[22-Apr-2025 21:53:12 Europe/Berlin] PHP Warning:  Undefined array key "status" in C:\xampp\htdocs\ayndrome-api\api\delivery_history.php on line 78
[22-Apr-2025 21:54:16 Europe/Berlin] PHP Notice:  session_start(): Ignoring session_start() because a session is already active in C:\xampp\htdocs\ayndrome-api\api\delivery_history.php on line 22
[22-Apr-2025 21:54:16 Europe/Berlin] PHP Warning:  Undefined array key "status" in C:\xampp\htdocs\ayndrome-api\api\delivery_history.php on line 78
[22-Apr-2025 21:54:16 Europe/Berlin] PHP Warning:  Undefined array key "status" in C:\xampp\htdocs\ayndrome-api\api\delivery_history.php on line 78
[22-Apr-2025 21:54:16 Europe/Berlin] PHP Warning:  Undefined array key "status" in C:\xampp\htdocs\ayndrome-api\api\delivery_history.php on line 78
[22-Apr-2025 21:54:16 Europe/Berlin] PHP Warning:  Undefined array key "status" in C:\xampp\htdocs\ayndrome-api\api\delivery_history.php on line 78
[22-Apr-2025 21:54:16 Europe/Berlin] PHP Warning:  Undefined array key "status" in C:\xampp\htdocs\ayndrome-api\api\delivery_history.php on line 78
[22-Apr-2025 21:54:16 Europe/Berlin] PHP Warning:  Undefined array key "status" in C:\xampp\htdocs\ayndrome-api\api\delivery_history.php on line 78
[22-Apr-2025 21:54:16 Europe/Berlin] PHP Warning:  Undefined array key "status" in C:\xampp\htdocs\ayndrome-api\api\delivery_history.php on line 78
[22-Apr-2025 21:54:59 Europe/Berlin] PHP Notice:  session_start(): Ignoring session_start() because a session is already active in C:\xampp\htdocs\ayndrome-api\api\get_track_parcels.php on line 21
[22-Apr-2025 21:55:01 Europe/Berlin] PHP Notice:  session_start(): Ignoring session_start() because a session is already active in C:\xampp\htdocs\ayndrome-api\api\user_activity.php on line 21
[22-Apr-2025 21:55:10 Europe/Berlin] PHP Notice:  session_start(): Ignoring session_start() because a session is already active in C:\xampp\htdocs\ayndrome-api\api\delivery_history.php on line 22
[22-Apr-2025 21:55:10 Europe/Berlin] PHP Warning:  Undefined array key "status" in C:\xampp\htdocs\ayndrome-api\api\delivery_history.php on line 78
[22-Apr-2025 21:55:10 Europe/Berlin] PHP Warning:  Undefined array key "status" in C:\xampp\htdocs\ayndrome-api\api\delivery_history.php on line 78
[22-Apr-2025 21:55:10 Europe/Berlin] PHP Warning:  Undefined array key "status" in C:\xampp\htdocs\ayndrome-api\api\delivery_history.php on line 78
[22-Apr-2025 21:55:10 Europe/Berlin] PHP Warning:  Undefined array key "status" in C:\xampp\htdocs\ayndrome-api\api\delivery_history.php on line 78
[22-Apr-2025 21:55:10 Europe/Berlin] PHP Warning:  Undefined array key "status" in C:\xampp\htdocs\ayndrome-api\api\delivery_history.php on line 78
[22-Apr-2025 21:55:10 Europe/Berlin] PHP Warning:  Undefined array key "status" in C:\xampp\htdocs\ayndrome-api\api\delivery_history.php on line 78
[22-Apr-2025 21:55:10 Europe/Berlin] PHP Warning:  Undefined array key "status" in C:\xampp\htdocs\ayndrome-api\api\delivery_history.php on line 78
[22-Apr-2025 21:56:03 Europe/Berlin] PHP Notice:  session_start(): Ignoring session_start() because a session is already active in C:\xampp\htdocs\ayndrome-api\api\delivery_history.php on line 22
[22-Apr-2025 21:56:03 Europe/Berlin] PHP Warning:  Undefined array key "status" in C:\xampp\htdocs\ayndrome-api\api\delivery_history.php on line 78
[22-Apr-2025 21:56:03 Europe/Berlin] PHP Warning:  Undefined array key "status" in C:\xampp\htdocs\ayndrome-api\api\delivery_history.php on line 78
[22-Apr-2025 21:56:03 Europe/Berlin] PHP Warning:  Undefined array key "status" in C:\xampp\htdocs\ayndrome-api\api\delivery_history.php on line 78
[22-Apr-2025 21:56:03 Europe/Berlin] PHP Warning:  Undefined array key "status" in C:\xampp\htdocs\ayndrome-api\api\delivery_history.php on line 78
[22-Apr-2025 21:56:03 Europe/Berlin] PHP Warning:  Undefined array key "status" in C:\xampp\htdocs\ayndrome-api\api\delivery_history.php on line 78
[22-Apr-2025 21:56:03 Europe/Berlin] PHP Warning:  Undefined array key "status" in C:\xampp\htdocs\ayndrome-api\api\delivery_history.php on line 78
[22-Apr-2025 21:56:03 Europe/Berlin] PHP Warning:  Undefined array key "status" in C:\xampp\htdocs\ayndrome-api\api\delivery_history.php on line 78
[22-Apr-2025 21:56:07 Europe/Berlin] PHP Notice:  session_start(): Ignoring session_start() because a session is already active in C:\xampp\htdocs\ayndrome-api\api\user_activity.php on line 21
[22-Apr-2025 21:58:07 Europe/Berlin] {"type":8,"message":"session_start(): Ignoring session_start() because a session is already active","file":"C:\\xampp\\htdocs\\ayndrome-api\\api\\create_order.php","line":69}
[22-Apr-2025 21:58:07 Europe/Berlin] PHP Notice:  session_start(): Ignoring session_start() because a session is already active in C:\xampp\htdocs\ayndrome-api\api\create_order.php on line 69
[22-Apr-2025 21:58:07 Europe/Berlin] Error in create_order.php: SQLSTATE[42S22]: Column not found: 1054 Unknown column 'status' in 'field list'
[22-Apr-2025 21:58:13 Europe/Berlin] {"type":8,"message":"session_start(): Ignoring session_start() because a session is already active","file":"C:\\xampp\\htdocs\\ayndrome-api\\api\\create_order.php","line":69}
[22-Apr-2025 21:58:13 Europe/Berlin] PHP Notice:  session_start(): Ignoring session_start() because a session is already active in C:\xampp\htdocs\ayndrome-api\api\create_order.php on line 69
[22-Apr-2025 21:58:13 Europe/Berlin] Error in create_order.php: SQLSTATE[42S22]: Column not found: 1054 Unknown column 'status' in 'field list'
[22-Apr-2025 21:58:29 Europe/Berlin] {"type":8,"message":"session_start(): Ignoring session_start() because a session is already active","file":"C:\\xampp\\htdocs\\ayndrome-api\\api\\create_order.php","line":69}
[22-Apr-2025 21:58:29 Europe/Berlin] PHP Notice:  session_start(): Ignoring session_start() because a session is already active in C:\xampp\htdocs\ayndrome-api\api\create_order.php on line 69
[22-Apr-2025 21:58:29 Europe/Berlin] Error in create_order.php: SQLSTATE[42S22]: Column not found: 1054 Unknown column 'status' in 'field list'
[22-Apr-2025 21:58:35 Europe/Berlin] {"type":8,"message":"session_start(): Ignoring session_start() because a session is already active","file":"C:\\xampp\\htdocs\\ayndrome-api\\api\\create_order.php","line":69}
[22-Apr-2025 21:58:35 Europe/Berlin] PHP Notice:  session_start(): Ignoring session_start() because a session is already active in C:\xampp\htdocs\ayndrome-api\api\create_order.php on line 69
[22-Apr-2025 21:58:35 Europe/Berlin] Error in create_order.php: SQLSTATE[42S22]: Column not found: 1054 Unknown column 'status' in 'field list'
[22-Apr-2025 21:58:41 Europe/Berlin] {"type":8,"message":"session_start(): Ignoring session_start() because a session is already active","file":"C:\\xampp\\htdocs\\ayndrome-api\\api\\create_order.php","line":69}
[22-Apr-2025 21:58:41 Europe/Berlin] PHP Notice:  session_start(): Ignoring session_start() because a session is already active in C:\xampp\htdocs\ayndrome-api\api\create_order.php on line 69
[22-Apr-2025 21:58:41 Europe/Berlin] Error in create_order.php: SQLSTATE[42S22]: Column not found: 1054 Unknown column 'status' in 'field list'
[22-Apr-2025 21:58:45 Europe/Berlin] {"type":8,"message":"session_start(): Ignoring session_start() because a session is already active","file":"C:\\xampp\\htdocs\\ayndrome-api\\api\\create_order.php","line":69}
[22-Apr-2025 21:58:45 Europe/Berlin] PHP Notice:  session_start(): Ignoring session_start() because a session is already active in C:\xampp\htdocs\ayndrome-api\api\create_order.php on line 69
[22-Apr-2025 21:58:45 Europe/Berlin] Error in create_order.php: SQLSTATE[42S22]: Column not found: 1054 Unknown column 'status' in 'field list'
[22-Apr-2025 22:00:17 Europe/Berlin] {"type":8,"message":"session_start(): Ignoring session_start() because a session is already active","file":"C:\\xampp\\htdocs\\ayndrome-api\\api\\create_order.php","line":69}
[22-Apr-2025 22:00:17 Europe/Berlin] PHP Notice:  session_start(): Ignoring session_start() because a session is already active in C:\xampp\htdocs\ayndrome-api\api\create_order.php on line 69
[22-Apr-2025 22:00:29 Europe/Berlin] {"type":8,"message":"session_start(): Ignoring session_start() because a session is already active","file":"C:\\xampp\\htdocs\\ayndrome-api\\api\\create_order.php","line":69}
[22-Apr-2025 22:00:29 Europe/Berlin] PHP Notice:  session_start(): Ignoring session_start() because a session is already active in C:\xampp\htdocs\ayndrome-api\api\create_order.php on line 69
[22-Apr-2025 22:00:35 Europe/Berlin] {"type":8,"message":"session_start(): Ignoring session_start() because a session is already active","file":"C:\\xampp\\htdocs\\ayndrome-api\\api\\create_order.php","line":69}
[22-Apr-2025 22:00:35 Europe/Berlin] PHP Notice:  session_start(): Ignoring session_start() because a session is already active in C:\xampp\htdocs\ayndrome-api\api\create_order.php on line 69
[22-Apr-2025 22:01:19 Europe/Berlin] {"type":8,"message":"session_start(): Ignoring session_start() because a session is already active","file":"C:\\xampp\\htdocs\\ayndrome-api\\api\\create_order.php","line":69}
[22-Apr-2025 22:01:19 Europe/Berlin] PHP Notice:  session_start(): Ignoring session_start() because a session is already active in C:\xampp\htdocs\ayndrome-api\api\create_order.php on line 69
[22-Apr-2025 22:01:38 Europe/Berlin] PHP Notice:  session_start(): Ignoring session_start() because a session is already active in C:\xampp\htdocs\ayndrome-api\api\delivery_history.php on line 22
[22-Apr-2025 22:01:38 Europe/Berlin] PHP Warning:  Undefined array key "status" in C:\xampp\htdocs\ayndrome-api\api\delivery_history.php on line 78
[22-Apr-2025 22:01:38 Europe/Berlin] PHP Warning:  Undefined array key "status" in C:\xampp\htdocs\ayndrome-api\api\delivery_history.php on line 78
[22-Apr-2025 22:01:38 Europe/Berlin] PHP Warning:  Undefined array key "status" in C:\xampp\htdocs\ayndrome-api\api\delivery_history.php on line 78
[22-Apr-2025 22:01:38 Europe/Berlin] PHP Warning:  Undefined array key "status" in C:\xampp\htdocs\ayndrome-api\api\delivery_history.php on line 78
[22-Apr-2025 22:01:38 Europe/Berlin] PHP Warning:  Undefined array key "status" in C:\xampp\htdocs\ayndrome-api\api\delivery_history.php on line 78
[22-Apr-2025 22:01:38 Europe/Berlin] PHP Warning:  Undefined array key "status" in C:\xampp\htdocs\ayndrome-api\api\delivery_history.php on line 78
[22-Apr-2025 22:01:38 Europe/Berlin] PHP Warning:  Undefined array key "status" in C:\xampp\htdocs\ayndrome-api\api\delivery_history.php on line 78
[22-Apr-2025 22:01:38 Europe/Berlin] PHP Warning:  Undefined array key "status" in C:\xampp\htdocs\ayndrome-api\api\delivery_history.php on line 78
[22-Apr-2025 22:02:00 Europe/Berlin] PHP Notice:  session_start(): Ignoring session_start() because a session is already active in C:\xampp\htdocs\ayndrome-api\api\get_track_parcels.php on line 21
[22-Apr-2025 22:02:03 Europe/Berlin] PHP Notice:  session_start(): Ignoring session_start() because a session is already active in C:\xampp\htdocs\ayndrome-api\api\user_activity.php on line 21
[22-Apr-2025 22:04:12 Europe/Berlin] PHP Notice:  session_start(): Ignoring session_start() because a session is already active in C:\xampp\htdocs\ayndrome-api\api\user_activity.php on line 21
[22-Apr-2025 22:10:36 Europe/Berlin] PHP Notice:  session_start(): Ignoring session_start() because a session is already active in C:\xampp\htdocs\ayndrome-api\api\user_activity.php on line 21
[22-Apr-2025 22:10:36 Europe/Berlin] PHP Notice:  session_start(): Ignoring session_start() because a session is already active in C:\xampp\htdocs\ayndrome-api\api\user_activity.php on line 21
[22-Apr-2025 22:11:00 Europe/Berlin] PHP Notice:  session_start(): Ignoring session_start() because a session is already active in C:\xampp\htdocs\ayndrome-api\api\user_activity.php on line 21
[22-Apr-2025 22:11:00 Europe/Berlin] PHP Notice:  session_start(): Ignoring session_start() because a session is already active in C:\xampp\htdocs\ayndrome-api\api\user_activity.php on line 21
[22-Apr-2025 22:14:39 Europe/Berlin] PHP Notice:  session_start(): Ignoring session_start() because a session is already active in C:\xampp\htdocs\ayndrome-api\api\login.php on line 18
[22-Apr-2025 22:14:54 Europe/Berlin] PHP Notice:  session_start(): Ignoring session_start() because a session is already active in C:\xampp\htdocs\ayndrome-api\api\login.php on line 18
[22-Apr-2025 22:15:48 Europe/Berlin] {"type":8,"message":"session_start(): Ignoring session_start() because a session is already active","file":"C:\\xampp\\htdocs\\ayndrome-api\\api\\create_order.php","line":69}
[22-Apr-2025 22:15:48 Europe/Berlin] PHP Notice:  session_start(): Ignoring session_start() because a session is already active in C:\xampp\htdocs\ayndrome-api\api\create_order.php on line 69
[22-Apr-2025 22:15:54 Europe/Berlin] PHP Notice:  session_start(): Ignoring session_start() because a session is already active in C:\xampp\htdocs\ayndrome-api\api\user_activity.php on line 21
[22-Apr-2025 22:15:58 Europe/Berlin] PHP Notice:  session_start(): Ignoring session_start() because a session is already active in C:\xampp\htdocs\ayndrome-api\api\delivery_history.php on line 22
[22-Apr-2025 22:15:58 Europe/Berlin] PHP Warning:  Undefined array key "status" in C:\xampp\htdocs\ayndrome-api\api\delivery_history.php on line 78
[22-Apr-2025 22:15:59 Europe/Berlin] PHP Notice:  session_start(): Ignoring session_start() because a session is already active in C:\xampp\htdocs\ayndrome-api\api\get_track_parcels.php on line 21
[22-Apr-2025 22:16:00 Europe/Berlin] PHP Notice:  session_start(): Ignoring session_start() because a session is already active in C:\xampp\htdocs\ayndrome-api\api\delivery_history.php on line 22
[22-Apr-2025 22:16:00 Europe/Berlin] PHP Warning:  Undefined array key "status" in C:\xampp\htdocs\ayndrome-api\api\delivery_history.php on line 78
[22-Apr-2025 22:16:01 Europe/Berlin] PHP Notice:  session_start(): Ignoring session_start() because a session is already active in C:\xampp\htdocs\ayndrome-api\api\get_track_parcels.php on line 21
[22-Apr-2025 22:16:05 Europe/Berlin] PHP Notice:  session_start(): Ignoring session_start() because a session is already active in C:\xampp\htdocs\ayndrome-api\api\delivery_history.php on line 22
[22-Apr-2025 22:16:05 Europe/Berlin] PHP Warning:  Undefined array key "status" in C:\xampp\htdocs\ayndrome-api\api\delivery_history.php on line 78
[22-Apr-2025 22:16:14 Europe/Berlin] PHP Notice:  session_start(): Ignoring session_start() because a session is already active in C:\xampp\htdocs\ayndrome-api\api\get_track_parcels.php on line 21
[22-Apr-2025 22:16:15 Europe/Berlin] PHP Notice:  session_start(): Ignoring session_start() because a session is already active in C:\xampp\htdocs\ayndrome-api\api\delivery_history.php on line 22
[22-Apr-2025 22:16:15 Europe/Berlin] PHP Warning:  Undefined array key "status" in C:\xampp\htdocs\ayndrome-api\api\delivery_history.php on line 78
[22-Apr-2025 22:16:17 Europe/Berlin] PHP Notice:  session_start(): Ignoring session_start() because a session is already active in C:\xampp\htdocs\ayndrome-api\api\user_activity.php on line 21
[22-Apr-2025 22:25:49 Europe/Berlin] PHP Notice:  session_start(): Ignoring session_start() because a session is already active in C:\xampp\htdocs\ayndrome-api\api\change_password.php on line 19
[22-Apr-2025 22:26:20 Europe/Berlin] PHP Notice:  session_start(): Ignoring session_start() because a session is already active in C:\xampp\htdocs\ayndrome-api\api\login.php on line 18
[22-Apr-2025 22:26:26 Europe/Berlin] PHP Notice:  session_start(): Ignoring session_start() because a session is already active in C:\xampp\htdocs\ayndrome-api\api\login.php on line 18
[22-Apr-2025 22:26:35 Europe/Berlin] PHP Notice:  session_start(): Ignoring session_start() because a session is already active in C:\xampp\htdocs\ayndrome-api\api\delivery_history.php on line 22
[22-Apr-2025 22:26:35 Europe/Berlin] PHP Warning:  Undefined array key "status" in C:\xampp\htdocs\ayndrome-api\api\delivery_history.php on line 78
[22-Apr-2025 22:26:36 Europe/Berlin] PHP Notice:  session_start(): Ignoring session_start() because a session is already active in C:\xampp\htdocs\ayndrome-api\api\get_track_parcels.php on line 21
[22-Apr-2025 22:26:38 Europe/Berlin] PHP Notice:  session_start(): Ignoring session_start() because a session is already active in C:\xampp\htdocs\ayndrome-api\api\user_activity.php on line 21
[22-Apr-2025 22:28:00 Europe/Berlin] PHP Notice:  session_start(): Ignoring session_start() because a session is already active in C:\xampp\htdocs\ayndrome-api\api\user_activity.php on line 21
[22-Apr-2025 22:28:06 Europe/Berlin] PHP Notice:  session_start(): Ignoring session_start() because a session is already active in C:\xampp\htdocs\ayndrome-api\api\delivery_history.php on line 22
[22-Apr-2025 22:28:06 Europe/Berlin] PHP Warning:  Undefined array key "status" in C:\xampp\htdocs\ayndrome-api\api\delivery_history.php on line 78
[22-Apr-2025 22:28:17 Europe/Berlin] PHP Notice:  session_start(): Ignoring session_start() because a session is already active in C:\xampp\htdocs\ayndrome-api\api\delivery_history.php on line 22
[22-Apr-2025 22:28:17 Europe/Berlin] PHP Warning:  Undefined array key "status" in C:\xampp\htdocs\ayndrome-api\api\delivery_history.php on line 78
[22-Apr-2025 22:28:19 Europe/Berlin] PHP Notice:  session_start(): Ignoring session_start() because a session is already active in C:\xampp\htdocs\ayndrome-api\api\get_track_parcels.php on line 21
[22-Apr-2025 22:28:22 Europe/Berlin] PHP Notice:  session_start(): Ignoring session_start() because a session is already active in C:\xampp\htdocs\ayndrome-api\api\user_activity.php on line 21
[22-Apr-2025 22:29:02 Europe/Berlin] PHP Notice:  session_start(): Ignoring session_start() because a session is already active in C:\xampp\htdocs\ayndrome-api\api\login.php on line 18
[22-Apr-2025 22:29:10 Europe/Berlin] PHP Notice:  session_start(): Ignoring session_start() because a session is already active in C:\xampp\htdocs\ayndrome-api\api\delivery_history.php on line 22
[22-Apr-2025 22:29:10 Europe/Berlin] PHP Warning:  Undefined array key "status" in C:\xampp\htdocs\ayndrome-api\api\delivery_history.php on line 78
[22-Apr-2025 22:29:12 Europe/Berlin] PHP Notice:  session_start(): Ignoring session_start() because a session is already active in C:\xampp\htdocs\ayndrome-api\api\user_activity.php on line 21
[22-Apr-2025 22:33:24 Europe/Berlin] PHP Notice:  session_start(): Ignoring session_start() because a session is already active in C:\xampp\htdocs\ayndrome-api\api\delivery_history.php on line 22
[22-Apr-2025 22:33:24 Europe/Berlin] PHP Warning:  Undefined array key "status" in C:\xampp\htdocs\ayndrome-api\api\delivery_history.php on line 78
[22-Apr-2025 22:33:43 Europe/Berlin] PHP Notice:  session_start(): Ignoring session_start() because a session is already active in C:\xampp\htdocs\ayndrome-api\api\user_activity.php on line 21
[22-Apr-2025 22:34:41 Europe/Berlin] PHP Notice:  session_start(): Ignoring session_start() because a session is already active in C:\xampp\htdocs\ayndrome-api\api\user_activity.php on line 21
[22-Apr-2025 22:34:56 Europe/Berlin] PHP Notice:  session_start(): Ignoring session_start() because a session is already active in C:\xampp\htdocs\ayndrome-api\api\delivery_history.php on line 22
[22-Apr-2025 22:34:56 Europe/Berlin] PHP Warning:  Undefined array key "status" in C:\xampp\htdocs\ayndrome-api\api\delivery_history.php on line 78
[22-Apr-2025 22:35:38 Europe/Berlin] PHP Notice:  session_start(): Ignoring session_start() because a session is already active in C:\xampp\htdocs\ayndrome-api\api\delivery_history.php on line 22
[22-Apr-2025 22:35:38 Europe/Berlin] PHP Warning:  Undefined array key "status" in C:\xampp\htdocs\ayndrome-api\api\delivery_history.php on line 78
[22-Apr-2025 22:35:46 Europe/Berlin] PHP Notice:  session_start(): Ignoring session_start() because a session is already active in C:\xampp\htdocs\ayndrome-api\api\user_activity.php on line 21
[22-Apr-2025 22:36:25 Europe/Berlin] PHP Notice:  session_start(): Ignoring session_start() because a session is already active in C:\xampp\htdocs\ayndrome-api\api\delivery_history.php on line 22
[22-Apr-2025 22:36:25 Europe/Berlin] PHP Warning:  Undefined array key "status" in C:\xampp\htdocs\ayndrome-api\api\delivery_history.php on line 78
[22-Apr-2025 22:36:51 Europe/Berlin] PHP Notice:  session_start(): Ignoring session_start() because a session is already active in C:\xampp\htdocs\ayndrome-api\api\delivery_history.php on line 22
[22-Apr-2025 22:36:51 Europe/Berlin] PHP Warning:  Undefined array key "status" in C:\xampp\htdocs\ayndrome-api\api\delivery_history.php on line 78
[22-Apr-2025 22:36:51 Europe/Berlin] PHP Notice:  session_start(): Ignoring session_start() because a session is already active in C:\xampp\htdocs\ayndrome-api\api\delivery_history.php on line 22
[22-Apr-2025 22:36:51 Europe/Berlin] PHP Warning:  Undefined array key "status" in C:\xampp\htdocs\ayndrome-api\api\delivery_history.php on line 78
[22-Apr-2025 22:36:56 Europe/Berlin] PHP Notice:  session_start(): Ignoring session_start() because a session is already active in C:\xampp\htdocs\ayndrome-api\api\delivery_history.php on line 22
[22-Apr-2025 22:36:56 Europe/Berlin] PHP Warning:  Undefined array key "status" in C:\xampp\htdocs\ayndrome-api\api\delivery_history.php on line 78
[22-Apr-2025 22:37:10 Europe/Berlin] PHP Notice:  session_start(): Ignoring session_start() because a session is already active in C:\xampp\htdocs\ayndrome-api\api\delivery_history.php on line 22
[22-Apr-2025 22:37:10 Europe/Berlin] PHP Warning:  Undefined array key "status" in C:\xampp\htdocs\ayndrome-api\api\delivery_history.php on line 78
[22-Apr-2025 22:37:11 Europe/Berlin] PHP Notice:  session_start(): Ignoring session_start() because a session is already active in C:\xampp\htdocs\ayndrome-api\api\delivery_history.php on line 22
[22-Apr-2025 22:37:11 Europe/Berlin] PHP Warning:  Undefined array key "status" in C:\xampp\htdocs\ayndrome-api\api\delivery_history.php on line 78
[22-Apr-2025 22:38:47 Europe/Berlin] PHP Notice:  session_start(): Ignoring session_start() because a session is already active in C:\xampp\htdocs\ayndrome-api\api\delivery_history.php on line 22
[22-Apr-2025 22:40:19 Europe/Berlin] {"type":8,"message":"session_start(): Ignoring session_start() because a session is already active","file":"C:\\xampp\\htdocs\\ayndrome-api\\api\\create_order.php","line":69}
[22-Apr-2025 22:40:19 Europe/Berlin] PHP Notice:  session_start(): Ignoring session_start() because a session is already active in C:\xampp\htdocs\ayndrome-api\api\create_order.php on line 69
[22-Apr-2025 22:40:29 Europe/Berlin] PHP Notice:  session_start(): Ignoring session_start() because a session is already active in C:\xampp\htdocs\ayndrome-api\api\delivery_history.php on line 22
[22-Apr-2025 22:40:35 Europe/Berlin] PHP Notice:  session_start(): Ignoring session_start() because a session is already active in C:\xampp\htdocs\ayndrome-api\api\user_activity.php on line 21
[22-Apr-2025 22:40:45 Europe/Berlin] PHP Notice:  session_start(): Ignoring session_start() because a session is already active in C:\xampp\htdocs\ayndrome-api\api\get_track_parcels.php on line 21
[22-Apr-2025 22:40:48 Europe/Berlin] PHP Notice:  session_start(): Ignoring session_start() because a session is already active in C:\xampp\htdocs\ayndrome-api\api\user_activity.php on line 21
[22-Apr-2025 22:40:52 Europe/Berlin] PHP Notice:  session_start(): Ignoring session_start() because a session is already active in C:\xampp\htdocs\ayndrome-api\api\user_activity.php on line 21
[22-Apr-2025 22:40:54 Europe/Berlin] PHP Notice:  session_start(): Ignoring session_start() because a session is already active in C:\xampp\htdocs\ayndrome-api\api\delivery_history.php on line 22
[22-Apr-2025 22:41:31 Europe/Berlin] PHP Notice:  session_start(): Ignoring session_start() because a session is already active in C:\xampp\htdocs\ayndrome-api\api\delivery_history.php on line 22
[22-Apr-2025 22:41:35 Europe/Berlin] PHP Notice:  session_start(): Ignoring session_start() because a session is already active in C:\xampp\htdocs\ayndrome-api\api\delivery_history.php on line 22
[22-Apr-2025 22:47:51 Europe/Berlin] PHP Notice:  session_start(): Ignoring session_start() because a session is already active in C:\xampp\htdocs\ayndrome-api\api\get_track_parcels.php on line 21
[22-Apr-2025 22:47:52 Europe/Berlin] PHP Notice:  session_start(): Ignoring session_start() because a session is already active in C:\xampp\htdocs\ayndrome-api\api\delivery_history.php on line 22
[22-Apr-2025 22:47:55 Europe/Berlin] PHP Notice:  session_start(): Ignoring session_start() because a session is already active in C:\xampp\htdocs\ayndrome-api\api\user_activity.php on line 21
[22-Apr-2025 22:48:04 Europe/Berlin] PHP Notice:  session_start(): Ignoring session_start() because a session is already active in C:\xampp\htdocs\ayndrome-api\api\delivery_history.php on line 22
[22-Apr-2025 22:48:05 Europe/Berlin] PHP Notice:  session_start(): Ignoring session_start() because a session is already active in C:\xampp\htdocs\ayndrome-api\api\get_track_parcels.php on line 21
[22-Apr-2025 22:50:56 Europe/Berlin] PHP Notice:  session_start(): Ignoring session_start() because a session is already active in C:\xampp\htdocs\ayndrome-api\api\get_track_parcels.php on line 21
[22-Apr-2025 22:50:57 Europe/Berlin] PHP Notice:  session_start(): Ignoring session_start() because a session is already active in C:\xampp\htdocs\ayndrome-api\api\delivery_history.php on line 22
[22-Apr-2025 22:51:00 Europe/Berlin] PHP Notice:  session_start(): Ignoring session_start() because a session is already active in C:\xampp\htdocs\ayndrome-api\api\user_activity.php on line 21
[22-Apr-2025 22:55:55 Europe/Berlin] PHP Notice:  session_start(): Ignoring session_start() because a session is already active in C:\xampp\htdocs\ayndrome-api\api\login.php on line 18
[22-Apr-2025 22:56:13 Europe/Berlin] PHP Notice:  session_start(): Ignoring session_start() because a session is already active in C:\xampp\htdocs\ayndrome-api\api\delete_account.php on line 19
[22-Apr-2025 22:56:13 Europe/Berlin] Error in delete_account.php: SQLSTATE[42S02]: Base table or view not found: 1146 Table 'ayndrome.user_activity' doesn't exist
[22-Apr-2025 23:01:53 Europe/Berlin] {"type":8,"message":"session_start(): Ignoring session_start() because a session is already active","file":"C:\\xampp\\htdocs\\ayndrome-api\\api\\create_order.php","line":69}
[22-Apr-2025 23:01:53 Europe/Berlin] PHP Notice:  session_start(): Ignoring session_start() because a session is already active in C:\xampp\htdocs\ayndrome-api\api\create_order.php on line 69
[22-Apr-2025 23:02:00 Europe/Berlin] PHP Notice:  session_start(): Ignoring session_start() because a session is already active in C:\xampp\htdocs\ayndrome-api\api\user_activity.php on line 21
[22-Apr-2025 23:02:03 Europe/Berlin] PHP Notice:  session_start(): Ignoring session_start() because a session is already active in C:\xampp\htdocs\ayndrome-api\api\delivery_history.php on line 22
[22-Apr-2025 23:02:04 Europe/Berlin] PHP Notice:  session_start(): Ignoring session_start() because a session is already active in C:\xampp\htdocs\ayndrome-api\api\user_activity.php on line 21
[22-Apr-2025 23:02:07 Europe/Berlin] PHP Notice:  session_start(): Ignoring session_start() because a session is already active in C:\xampp\htdocs\ayndrome-api\api\user_activity.php on line 21
[22-Apr-2025 23:02:08 Europe/Berlin] PHP Notice:  session_start(): Ignoring session_start() because a session is already active in C:\xampp\htdocs\ayndrome-api\api\get_track_parcels.php on line 21
[22-Apr-2025 23:02:14 Europe/Berlin] PHP Notice:  session_start(): Ignoring session_start() because a session is already active in C:\xampp\htdocs\ayndrome-api\api\delete_account.php on line 19
[22-Apr-2025 23:02:14 Europe/Berlin] Error in delete_account.php: SQLSTATE[42S02]: Base table or view not found: 1146 Table 'ayndrome.user_activity' doesn't exist
[22-Apr-2025 23:02:35 Europe/Berlin] PHP Notice:  session_start(): Ignoring session_start() because a session is already active in C:\xampp\htdocs\ayndrome-api\api\delete_account.php on line 19
[22-Apr-2025 23:04:23 Europe/Berlin] PHP Notice:  session_start(): Ignoring session_start() because a session is already active in C:\xampp\htdocs\ayndrome-api\api\login.php on line 18
[22-Apr-2025 23:04:30 Europe/Berlin] PHP Notice:  session_start(): Ignoring session_start() because a session is already active in C:\xampp\htdocs\ayndrome-api\api\user_activity.php on line 21
[22-Apr-2025 23:04:32 Europe/Berlin] PHP Notice:  session_start(): Ignoring session_start() because a session is already active in C:\xampp\htdocs\ayndrome-api\api\delivery_history.php on line 22
[22-Apr-2025 23:04:38 Europe/Berlin] PHP Notice:  session_start(): Ignoring session_start() because a session is already active in C:\xampp\htdocs\ayndrome-api\api\delete_account.php on line 19
[22-Apr-2025 23:04:38 Europe/Berlin] Error in delete_account.php: SQLSTATE[HY093]: Invalid parameter number: parameter was not defined
[22-Apr-2025 23:07:01 Europe/Berlin] PHP Notice:  session_start(): Ignoring session_start() because a session is already active in C:\xampp\htdocs\ayndrome-api\api\delete_account.php on line 19
[22-Apr-2025 23:07:25 Europe/Berlin] PHP Notice:  session_start(): Ignoring session_start() because a session is already active in C:\xampp\htdocs\ayndrome-api\api\login.php on line 18
[22-Apr-2025 23:07:47 Europe/Berlin] PHP Notice:  session_start(): Ignoring session_start() because a session is already active in C:\xampp\htdocs\ayndrome-api\api\user_activity.php on line 21
[22-Apr-2025 23:08:10 Europe/Berlin] PHP Notice:  session_start(): Ignoring session_start() because a session is already active in C:\xampp\htdocs\ayndrome-api\api\login.php on line 18
[22-Apr-2025 23:08:14 Europe/Berlin] PHP Notice:  session_start(): Ignoring session_start() because a session is already active in C:\xampp\htdocs\ayndrome-api\api\login.php on line 18
[22-Apr-2025 23:09:29 Europe/Berlin] PHP Notice:  session_start(): Ignoring session_start() because a session is already active in C:\xampp\htdocs\ayndrome-api\api\delete_account.php on line 19
[22-Apr-2025 23:09:54 Europe/Berlin] PHP Notice:  session_start(): Ignoring session_start() because a session is already active in C:\xampp\htdocs\ayndrome-api\api\login.php on line 18
[23-Apr-2025 07:20:43 Europe/Berlin] PHP Notice:  session_start(): Ignoring session_start() because a session is already active in C:\xampp\htdocs\ayndrome-api\api\login.php on line 18
[23-Apr-2025 07:29:59 Europe/Berlin] {"type":8,"message":"session_start(): Ignoring session_start() because a session is already active","file":"C:\\xampp\\htdocs\\ayndrome-api\\api\\create_order.php","line":70}
[23-Apr-2025 07:29:59 Europe/Berlin] PHP Notice:  session_start(): Ignoring session_start() because a session is already active in C:\xampp\htdocs\ayndrome-api\api\create_order.php on line 70
[23-Apr-2025 07:31:31 Europe/Berlin] {"type":8,"message":"session_start(): Ignoring session_start() because a session is already active","file":"C:\\xampp\\htdocs\\ayndrome-api\\api\\create_order.php","line":70}
[23-Apr-2025 07:31:31 Europe/Berlin] PHP Notice:  session_start(): Ignoring session_start() because a session is already active in C:\xampp\htdocs\ayndrome-api\api\create_order.php on line 70
[23-Apr-2025 07:32:48 Europe/Berlin] {"type":8,"message":"session_start(): Ignoring session_start() because a session is already active","file":"C:\\xampp\\htdocs\\ayndrome-api\\api\\create_order.php","line":70}
[23-Apr-2025 07:32:48 Europe/Berlin] PHP Notice:  session_start(): Ignoring session_start() because a session is already active in C:\xampp\htdocs\ayndrome-api\api\create_order.php on line 70
[23-Apr-2025 07:33:44 Europe/Berlin] {"type":8,"message":"session_start(): Ignoring session_start() because a session is already active","file":"C:\\xampp\\htdocs\\ayndrome-api\\api\\create_order.php","line":70}
[23-Apr-2025 07:33:44 Europe/Berlin] PHP Notice:  session_start(): Ignoring session_start() because a session is already active in C:\xampp\htdocs\ayndrome-api\api\create_order.php on line 70
[23-Apr-2025 07:36:03 Europe/Berlin] {"type":8,"message":"session_start(): Ignoring session_start() because a session is already active","file":"C:\\xampp\\htdocs\\ayndrome-api\\api\\create_order.php","line":70}
[23-Apr-2025 07:36:03 Europe/Berlin] PHP Notice:  session_start(): Ignoring session_start() because a session is already active in C:\xampp\htdocs\ayndrome-api\api\create_order.php on line 70
[23-Apr-2025 07:36:20 Europe/Berlin] {"type":8,"message":"session_start(): Ignoring session_start() because a session is already active","file":"C:\\xampp\\htdocs\\ayndrome-api\\api\\create_order.php","line":70}
[23-Apr-2025 07:36:20 Europe/Berlin] PHP Notice:  session_start(): Ignoring session_start() because a session is already active in C:\xampp\htdocs\ayndrome-api\api\create_order.php on line 70
[23-Apr-2025 07:42:13 Europe/Berlin] {"type":8,"message":"session_start(): Ignoring session_start() because a session is already active","file":"C:\\xampp\\htdocs\\ayndrome-api\\api\\create_order.php","line":70}
[23-Apr-2025 07:42:13 Europe/Berlin] PHP Notice:  session_start(): Ignoring session_start() because a session is already active in C:\xampp\htdocs\ayndrome-api\api\create_order.php on line 70
[23-Apr-2025 07:42:13 Europe/Berlin] {"type":2,"message":"Undefined array key \"order_status\"","file":"C:\\xampp\\htdocs\\ayndrome-api\\api\\send_email.php","line":58}
[23-Apr-2025 07:42:13 Europe/Berlin] PHP Warning:  Undefined array key "order_status" in C:\xampp\htdocs\ayndrome-api\api\send_email.php on line 58
[23-Apr-2025 07:48:10 Europe/Berlin] {"type":8,"message":"session_start(): Ignoring session_start() because a session is already active","file":"C:\\xampp\\htdocs\\ayndrome-api\\api\\create_order.php","line":70}
[23-Apr-2025 07:48:10 Europe/Berlin] PHP Notice:  session_start(): Ignoring session_start() because a session is already active in C:\xampp\htdocs\ayndrome-api\api\create_order.php on line 70
[23-Apr-2025 07:55:31 Europe/Berlin] {"type":8,"message":"session_start(): Ignoring session_start() because a session is already active","file":"C:\\xampp\\htdocs\\ayndrome-api\\api\\create_order.php","line":70}
[23-Apr-2025 07:55:31 Europe/Berlin] PHP Notice:  session_start(): Ignoring session_start() because a session is already active in C:\xampp\htdocs\ayndrome-api\api\create_order.php on line 70
[23-Apr-2025 07:57:30 Europe/Berlin] PHP Notice:  session_start(): Ignoring session_start() because a session is already active in C:\xampp\htdocs\ayndrome-api\api\user_activity.php on line 21
[23-Apr-2025 07:57:38 Europe/Berlin] PHP Notice:  session_start(): Ignoring session_start() because a session is already active in C:\xampp\htdocs\ayndrome-api\api\delivery_history.php on line 22
[23-Apr-2025 07:57:46 Europe/Berlin] PHP Notice:  session_start(): Ignoring session_start() because a session is already active in C:\xampp\htdocs\ayndrome-api\api\get_track_parcels.php on line 21
[23-Apr-2025 07:59:07 Europe/Berlin] PHP Notice:  session_start(): Ignoring session_start() because a session is already active in C:\xampp\htdocs\ayndrome-api\api\user_activity.php on line 21
[23-Apr-2025 07:59:22 Europe/Berlin] PHP Notice:  session_start(): Ignoring session_start() because a session is already active in C:\xampp\htdocs\ayndrome-api\api\user_activity.php on line 21
[23-Apr-2025 08:02:27 Europe/Berlin] PHP Notice:  session_start(): Ignoring session_start() because a session is already active in C:\xampp\htdocs\ayndrome-api\api\get_track_parcels.php on line 21
[23-Apr-2025 08:02:34 Europe/Berlin] PHP Notice:  session_start(): Ignoring session_start() because a session is already active in C:\xampp\htdocs\ayndrome-api\api\user_activity.php on line 21
[23-Apr-2025 08:02:40 Europe/Berlin] PHP Notice:  session_start(): Ignoring session_start() because a session is already active in C:\xampp\htdocs\ayndrome-api\api\user_activity.php on line 21
[23-Apr-2025 08:02:46 Europe/Berlin] PHP Notice:  session_start(): Ignoring session_start() because a session is already active in C:\xampp\htdocs\ayndrome-api\api\delivery_history.php on line 22
[23-Apr-2025 08:04:04 Europe/Berlin] PHP Notice:  session_start(): Ignoring session_start() because a session is already active in C:\xampp\htdocs\ayndrome-api\api\delivery_history.php on line 22
[23-Apr-2025 08:04:12 Europe/Berlin] PHP Notice:  session_start(): Ignoring session_start() because a session is already active in C:\xampp\htdocs\ayndrome-api\api\user_activity.php on line 21
[23-Apr-2025 08:06:29 Europe/Berlin] PHP Notice:  session_start(): Ignoring session_start() because a session is already active in C:\xampp\htdocs\ayndrome-api\api\user_activity.php on line 21
[23-Apr-2025 08:12:30 Europe/Berlin] {"type":8,"message":"session_start(): Ignoring session_start() because a session is already active","file":"C:\\xampp\\htdocs\\ayndrome-api\\api\\create_order.php","line":70}
[23-Apr-2025 08:12:30 Europe/Berlin] PHP Notice:  session_start(): Ignoring session_start() because a session is already active in C:\xampp\htdocs\ayndrome-api\api\create_order.php on line 70
[23-Apr-2025 08:13:35 Europe/Berlin] {"type":8,"message":"session_start(): Ignoring session_start() because a session is already active","file":"C:\\xampp\\htdocs\\ayndrome-api\\api\\create_order.php","line":70}
[23-Apr-2025 08:13:35 Europe/Berlin] PHP Notice:  session_start(): Ignoring session_start() because a session is already active in C:\xampp\htdocs\ayndrome-api\api\create_order.php on line 70
[23-Apr-2025 08:14:20 Europe/Berlin] {"type":8,"message":"session_start(): Ignoring session_start() because a session is already active","file":"C:\\xampp\\htdocs\\ayndrome-api\\api\\create_order.php","line":70}
[23-Apr-2025 08:14:20 Europe/Berlin] PHP Notice:  session_start(): Ignoring session_start() because a session is already active in C:\xampp\htdocs\ayndrome-api\api\create_order.php on line 70
[23-Apr-2025 08:15:14 Europe/Berlin] {"type":8,"message":"session_start(): Ignoring session_start() because a session is already active","file":"C:\\xampp\\htdocs\\ayndrome-api\\api\\create_order.php","line":70}
[23-Apr-2025 08:15:14 Europe/Berlin] PHP Notice:  session_start(): Ignoring session_start() because a session is already active in C:\xampp\htdocs\ayndrome-api\api\create_order.php on line 70
[23-Apr-2025 08:15:35 Europe/Berlin] {"type":8,"message":"session_start(): Ignoring session_start() because a session is already active","file":"C:\\xampp\\htdocs\\ayndrome-api\\api\\create_order.php","line":70}
[23-Apr-2025 08:15:35 Europe/Berlin] PHP Notice:  session_start(): Ignoring session_start() because a session is already active in C:\xampp\htdocs\ayndrome-api\api\create_order.php on line 70
[23-Apr-2025 08:16:34 Europe/Berlin] {"type":8,"message":"session_start(): Ignoring session_start() because a session is already active","file":"C:\\xampp\\htdocs\\ayndrome-api\\api\\create_order.php","line":70}
[23-Apr-2025 08:16:34 Europe/Berlin] PHP Notice:  session_start(): Ignoring session_start() because a session is already active in C:\xampp\htdocs\ayndrome-api\api\create_order.php on line 70
[23-Apr-2025 08:18:47 Europe/Berlin] {"type":8,"message":"session_start(): Ignoring session_start() because a session is already active","file":"C:\\xampp\\htdocs\\ayndrome-api\\api\\create_order.php","line":70}
[23-Apr-2025 08:18:47 Europe/Berlin] PHP Notice:  session_start(): Ignoring session_start() because a session is already active in C:\xampp\htdocs\ayndrome-api\api\create_order.php on line 70
[23-Apr-2025 08:19:28 Europe/Berlin] PHP Notice:  session_start(): Ignoring session_start() because a session is already active in C:\xampp\htdocs\ayndrome-api\api\delivery_history.php on line 22
[23-Apr-2025 08:25:06 Europe/Berlin] {"type":8,"message":"session_start(): Ignoring session_start() because a session is already active","file":"C:\\xampp\\htdocs\\ayndrome-api\\api\\create_order.php","line":70}
[23-Apr-2025 08:25:06 Europe/Berlin] PHP Notice:  session_start(): Ignoring session_start() because a session is already active in C:\xampp\htdocs\ayndrome-api\api\create_order.php on line 70
[23-Apr-2025 09:12:30 Europe/Berlin] PHP Notice:  session_start(): Ignoring session_start() because a session is already active in C:\xampp\htdocs\ayndrome-api\api\login.php on line 18
[23-Apr-2025 09:24:11 Europe/Berlin] PHP Notice:  session_start(): Ignoring session_start() because a session is already active in C:\xampp\htdocs\ayndrome-api\api\login.php on line 18
[23-Apr-2025 09:27:24 Europe/Berlin] PHP Notice:  session_start(): Ignoring session_start() because a session is already active in C:\xampp\htdocs\ayndrome-api\api\login.php on line 18
[23-Apr-2025 09:30:34 Europe/Berlin] PHP Notice:  session_start(): Ignoring session_start() because a session is already active in C:\xampp\htdocs\ayndrome-api\api\login.php on line 18
[23-Apr-2025 09:33:31 Europe/Berlin] PHP Notice:  session_start(): Ignoring session_start() because a session is already active in C:\xampp\htdocs\ayndrome-api\api\login.php on line 18
[23-Apr-2025 09:51:19 Europe/Berlin] PHP Notice:  session_start(): Ignoring session_start() because a session is already active in C:\xampp\htdocs\ayndrome-api\api\login.php on line 18
[23-Apr-2025 09:51:19 Europe/Berlin] Database error: SQLSTATE[42S22]: Column not found: 1054 Unknown column 'otp' in 'field list'
[23-Apr-2025 09:51:24 Europe/Berlin] PHP Notice:  session_start(): Ignoring session_start() because a session is already active in C:\xampp\htdocs\ayndrome-api\api\login.php on line 18
[23-Apr-2025 09:51:24 Europe/Berlin] Database error: SQLSTATE[42S22]: Column not found: 1054 Unknown column 'otp' in 'field list'
[23-Apr-2025 09:52:12 Europe/Berlin] PHP Notice:  session_start(): Ignoring session_start() because a session is already active in C:\xampp\htdocs\ayndrome-api\api\login.php on line 18
[23-Apr-2025 09:52:12 Europe/Berlin] Database error: SQLSTATE[42S22]: Column not found: 1054 Unknown column 'otp' in 'field list'
[23-Apr-2025 09:52:13 Europe/Berlin] PHP Notice:  session_start(): Ignoring session_start() because a session is already active in C:\xampp\htdocs\ayndrome-api\api\login.php on line 18
[23-Apr-2025 09:52:14 Europe/Berlin] Database error: SQLSTATE[42S22]: Column not found: 1054 Unknown column 'otp' in 'field list'
[23-Apr-2025 09:52:14 Europe/Berlin] PHP Notice:  session_start(): Ignoring session_start() because a session is already active in C:\xampp\htdocs\ayndrome-api\api\login.php on line 18
[23-Apr-2025 09:52:14 Europe/Berlin] Database error: SQLSTATE[42S22]: Column not found: 1054 Unknown column 'otp' in 'field list'
[23-Apr-2025 09:52:56 Europe/Berlin] PHP Notice:  session_start(): Ignoring session_start() because a session is already active in C:\xampp\htdocs\ayndrome-api\api\login.php on line 18
[23-Apr-2025 09:52:56 Europe/Berlin] Database error: SQLSTATE[42S22]: Column not found: 1054 Unknown column 'otp' in 'field list'
[23-Apr-2025 09:57:49 Europe/Berlin] PHP Notice:  session_start(): Ignoring session_start() because a session is already active in C:\xampp\htdocs\ayndrome-api\api\login.php on line 18
[23-Apr-2025 09:57:49 Europe/Berlin] Database error: SQLSTATE[42S22]: Column not found: 1054 Unknown column 'otp' in 'field list'
[23-Apr-2025 09:58:16 Europe/Berlin] PHP Notice:  session_start(): Ignoring session_start() because a session is already active in C:\xampp\htdocs\ayndrome-api\api\login.php on line 18
[23-Apr-2025 09:58:16 Europe/Berlin] Database error: SQLSTATE[42S22]: Column not found: 1054 Unknown column 'otp' in 'field list'
[23-Apr-2025 09:58:55 Europe/Berlin] PHP Notice:  session_start(): Ignoring session_start() because a session is already active in C:\xampp\htdocs\ayndrome-api\api\login.php on line 18
[23-Apr-2025 09:58:56 Europe/Berlin] Database error: SQLSTATE[42S22]: Column not found: 1054 Unknown column 'otp' in 'field list'
[23-Apr-2025 09:59:42 Europe/Berlin] PHP Notice:  session_start(): Ignoring session_start() because a session is already active in C:\xampp\htdocs\ayndrome-api\api\login.php on line 18
[23-Apr-2025 09:59:42 Europe/Berlin] Database error: SQLSTATE[42S22]: Column not found: 1054 Unknown column 'otp' in 'field list'
[23-Apr-2025 10:02:54 Europe/Berlin] PHP Notice:  session_start(): Ignoring session_start() because a session is already active in C:\xampp\htdocs\ayndrome-api\api\login.php on line 18
[23-Apr-2025 10:02:54 Europe/Berlin] SMTP Debug: SERVER -> CLIENT: 220 smtp.gmail.com ESMTP 98e67ed59e1d1-309dfa27065sm956607a91.27 - gsmtp

[23-Apr-2025 10:02:54 Europe/Berlin] SMTP Debug: CLIENT -> SERVER: EHLO localhost

[23-Apr-2025 10:02:55 Europe/Berlin] SMTP Debug: SERVER -> CLIENT: 250-smtp.gmail.com at your service, [2409:40d1:1026:7203:7497:7a7b:b374:5990]
250-SIZE 35882577
250-8BITMIME
250-STARTTLS
250-ENHANCEDSTATUSCODES
250-PIPELINING
250-CHUNKING
250 SMTPUTF8

[23-Apr-2025 10:02:55 Europe/Berlin] SMTP Debug: CLIENT -> SERVER: STARTTLS

[23-Apr-2025 10:02:55 Europe/Berlin] SMTP Debug: SERVER -> CLIENT: 220 2.0.0 Ready to start TLS

[23-Apr-2025 10:02:55 Europe/Berlin] SMTP Debug: CLIENT -> SERVER: EHLO localhost

[23-Apr-2025 10:02:56 Europe/Berlin] SMTP Debug: SERVER -> CLIENT: 250-smtp.gmail.com at your service, [2409:40d1:1026:7203:7497:7a7b:b374:5990]
250-SIZE 35882577
250-8BITMIME
250-AUTH LOGIN PLAIN XOAUTH2 PLAIN-CLIENTTOKEN OAUTHBEARER XOAUTH
250-ENHANCEDSTATUSCODES
250-PIPELINING
250-CHUNKING
250 SMTPUTF8

[23-Apr-2025 10:02:56 Europe/Berlin] SMTP Debug: CLIENT -> SERVER: AUTH LOGIN

[23-Apr-2025 10:02:56 Europe/Berlin] SMTP Debug: SERVER -> CLIENT: 334 VXNlcm5hbWU6

[23-Apr-2025 10:02:56 Europe/Berlin] SMTP Debug: CLIENT -> SERVER: [credentials hidden]
[23-Apr-2025 10:02:56 Europe/Berlin] SMTP Debug: SERVER -> CLIENT: 334 UGFzc3dvcmQ6

[23-Apr-2025 10:02:56 Europe/Berlin] SMTP Debug: CLIENT -> SERVER: [credentials hidden]
[23-Apr-2025 10:02:56 Europe/Berlin] SMTP Debug: SERVER -> CLIENT: 235 2.7.0 Accepted

[23-Apr-2025 10:02:56 Europe/Berlin] SMTP Debug: CLIENT -> SERVER: MAIL FROM:<shashanksaket9@gmail.com>

[23-Apr-2025 10:02:57 Europe/Berlin] SMTP Debug: SERVER -> CLIENT: 250 2.1.0 OK 98e67ed59e1d1-309dfa27065sm956607a91.27 - gsmtp

[23-Apr-2025 10:02:57 Europe/Berlin] SMTP Debug: CLIENT -> SERVER: RCPT TO:<shashanksaket9@gmail.com>

[23-Apr-2025 10:02:57 Europe/Berlin] SMTP Debug: SERVER -> CLIENT: 250 2.1.5 OK 98e67ed59e1d1-309dfa27065sm956607a91.27 - gsmtp

[23-Apr-2025 10:02:57 Europe/Berlin] SMTP Debug: CLIENT -> SERVER: DATA

[23-Apr-2025 10:02:57 Europe/Berlin] SMTP Debug: SERVER -> CLIENT: 354 Go ahead 98e67ed59e1d1-309dfa27065sm956607a91.27 - gsmtp

[23-Apr-2025 10:02:57 Europe/Berlin] SMTP Debug: CLIENT -> SERVER: Date: Wed, 23 Apr 2025 10:02:54 +0200

[23-Apr-2025 10:02:57 Europe/Berlin] SMTP Debug: CLIENT -> SERVER: To: Shashank Singh <shashanksaket9@gmail.com>

[23-Apr-2025 10:02:57 Europe/Berlin] SMTP Debug: CLIENT -> SERVER: From: Ayndrome <shashanksaket9@gmail.com>

[23-Apr-2025 10:02:57 Europe/Berlin] SMTP Debug: CLIENT -> SERVER: Subject: Your OTP for Login - Ayndrome

[23-Apr-2025 10:02:57 Europe/Berlin] SMTP Debug: CLIENT -> SERVER: Message-ID: <JCmTIP79uokWoQjj06RS1HK7ocVEcRd4cmp9d17bMs@localhost>

[23-Apr-2025 10:02:57 Europe/Berlin] SMTP Debug: CLIENT -> SERVER: X-Mailer: PHPMailer 6.9.3 (https://github.com/PHPMailer/PHPMailer)

[23-Apr-2025 10:02:57 Europe/Berlin] SMTP Debug: CLIENT -> SERVER: MIME-Version: 1.0

[23-Apr-2025 10:02:57 Europe/Berlin] SMTP Debug: CLIENT -> SERVER: Content-Type: multipart/alternative;

[23-Apr-2025 10:02:57 Europe/Berlin] SMTP Debug: CLIENT -> SERVER:  boundary="b1=_JCmTIP79uokWoQjj06RS1HK7ocVEcRd4cmp9d17bMs"

[23-Apr-2025 10:02:57 Europe/Berlin] SMTP Debug: CLIENT -> SERVER: Content-Transfer-Encoding: 8bit

[23-Apr-2025 10:02:57 Europe/Berlin] SMTP Debug: CLIENT -> SERVER: 

[23-Apr-2025 10:02:57 Europe/Berlin] SMTP Debug: CLIENT -> SERVER: --b1=_JCmTIP79uokWoQjj06RS1HK7ocVEcRd4cmp9d17bMs

[23-Apr-2025 10:02:57 Europe/Berlin] SMTP Debug: CLIENT -> SERVER: Content-Type: text/plain; charset=iso-8859-1

[23-Apr-2025 10:02:57 Europe/Berlin] SMTP Debug: CLIENT -> SERVER: Content-Transfer-Encoding: 8bit

[23-Apr-2025 10:02:57 Europe/Berlin] SMTP Debug: CLIENT -> SERVER: 

[23-Apr-2025 10:02:57 Europe/Berlin] SMTP Debug: CLIENT -> SERVER: 

[23-Apr-2025 10:02:57 Europe/Berlin] SMTP Debug: CLIENT -> SERVER:         

[23-Apr-2025 10:02:57 Europe/Berlin] SMTP Debug: CLIENT -> SERVER:         

[23-Apr-2025 10:02:57 Europe/Berlin] SMTP Debug: CLIENT -> SERVER:             

[23-Apr-2025 10:02:57 Europe/Berlin] SMTP Debug: CLIENT -> SERVER:                 body {

[23-Apr-2025 10:02:57 Europe/Berlin] SMTP Debug: CLIENT -> SERVER:                     font-family: 'Segoe UI', Tahoma, Geneva, Verdana, sans-serif;

[23-Apr-2025 10:02:57 Europe/Berlin] SMTP Debug: CLIENT -> SERVER:                     background-color: #f4f4f4;

[23-Apr-2025 10:02:57 Europe/Berlin] SMTP Debug: CLIENT -> SERVER:                     margin: 0;

[23-Apr-2025 10:02:57 Europe/Berlin] SMTP Debug: CLIENT -> SERVER:                     padding: 0;

[23-Apr-2025 10:02:57 Europe/Berlin] SMTP Debug: CLIENT -> SERVER:                 }

[23-Apr-2025 10:02:57 Europe/Berlin] SMTP Debug: CLIENT -> SERVER:                 .container {

[23-Apr-2025 10:02:57 Europe/Berlin] SMTP Debug: CLIENT -> SERVER:                     max-width: 640px;

[23-Apr-2025 10:02:57 Europe/Berlin] SMTP Debug: CLIENT -> SERVER:                     margin: 40px auto;

[23-Apr-2025 10:02:57 Europe/Berlin] SMTP Debug: CLIENT -> SERVER:                     background: #ffffff;

[23-Apr-2025 10:02:57 Europe/Berlin] SMTP Debug: CLIENT -> SERVER:                     border-radius: 10px;

[23-Apr-2025 10:02:57 Europe/Berlin] SMTP Debug: CLIENT -> SERVER:                     box-shadow: 0 2px 8px rgba(0,0,0,0.1);

[23-Apr-2025 10:02:57 Europe/Berlin] SMTP Debug: CLIENT -> SERVER:                     overflow: hidden;

[23-Apr-2025 10:02:57 Europe/Berlin] SMTP Debug: CLIENT -> SERVER:                 }

[23-Apr-2025 10:02:57 Europe/Berlin] SMTP Debug: CLIENT -> SERVER:                 .header {

[23-Apr-2025 10:02:57 Europe/Berlin] SMTP Debug: CLIENT -> SERVER:                     background: rgb(0,51,102);

[23-Apr-2025 10:02:57 Europe/Berlin] SMTP Debug: CLIENT -> SERVER:                     background: linear-gradient(159deg, rgba(0,51,102,1) 0%, rgba(15,82,186,1) 100%);

[23-Apr-2025 10:02:57 Europe/Berlin] SMTP Debug: CLIENT -> SERVER:                     color: #fff;

[23-Apr-2025 10:02:57 Europe/Berlin] SMTP Debug: CLIENT -> SERVER:                     padding: 30px 20px;

[23-Apr-2025 10:02:57 Europe/Berlin] SMTP Debug: CLIENT -> SERVER:                     text-align: center;

[23-Apr-2025 10:02:57 Europe/Berlin] SMTP Debug: CLIENT -> SERVER:                 }

[23-Apr-2025 10:02:57 Europe/Berlin] SMTP Debug: CLIENT -> SERVER:                 .content {

[23-Apr-2025 10:02:57 Europe/Berlin] SMTP Debug: CLIENT -> SERVER:                     padding: 30px 20px;

[23-Apr-2025 10:02:57 Europe/Berlin] SMTP Debug: CLIENT -> SERVER:                     color: #333;

[23-Apr-2025 10:02:57 Europe/Berlin] SMTP Debug: CLIENT -> SERVER:                 }

[23-Apr-2025 10:02:57 Europe/Berlin] SMTP Debug: CLIENT -> SERVER:                 .otp-box {

[23-Apr-2025 10:02:57 Europe/Berlin] SMTP Debug: CLIENT -> SERVER:                     margin-top: 20px;

[23-Apr-2025 10:02:57 Europe/Berlin] SMTP Debug: CLIENT -> SERVER:                     background-color: #f9f9f9;

[23-Apr-2025 10:02:57 Europe/Berlin] SMTP Debug: CLIENT -> SERVER:                     padding: 20px;

[23-Apr-2025 10:02:57 Europe/Berlin] SMTP Debug: CLIENT -> SERVER:                     border-left: 4px solid #8E2DE2;

[23-Apr-2025 10:02:57 Europe/Berlin] SMTP Debug: CLIENT -> SERVER:                     border-radius: 5px;

[23-Apr-2025 10:02:57 Europe/Berlin] SMTP Debug: CLIENT -> SERVER:                     text-align: center;

[23-Apr-2025 10:02:57 Europe/Berlin] SMTP Debug: CLIENT -> SERVER:                     font-size: 24px;

[23-Apr-2025 10:02:57 Europe/Berlin] SMTP Debug: CLIENT -> SERVER:                     font-weight: bold;

[23-Apr-2025 10:02:57 Europe/Berlin] SMTP Debug: CLIENT -> SERVER:                     letter-spacing: 5px;

[23-Apr-2025 10:02:57 Europe/Berlin] SMTP Debug: CLIENT -> SERVER:                 }

[23-Apr-2025 10:02:57 Europe/Berlin] SMTP Debug: CLIENT -> SERVER:                 .footer {

[23-Apr-2025 10:02:57 Europe/Berlin] SMTP Debug: CLIENT -> SERVER:                     text-align: center;

[23-Apr-2025 10:02:57 Europe/Berlin] SMTP Debug: CLIENT -> SERVER:                     font-size: 12px;

[23-Apr-2025 10:02:57 Europe/Berlin] SMTP Debug: CLIENT -> SERVER:                     color: #777;

[23-Apr-2025 10:02:57 Europe/Berlin] SMTP Debug: CLIENT -> SERVER:                     padding: 20px;

[23-Apr-2025 10:02:57 Europe/Berlin] SMTP Debug: CLIENT -> SERVER:                     background-color: #fafafa;

[23-Apr-2025 10:02:57 Europe/Berlin] SMTP Debug: CLIENT -> SERVER:                 }

[23-Apr-2025 10:02:57 Europe/Berlin] SMTP Debug: CLIENT -> SERVER:             

[23-Apr-2025 10:02:57 Europe/Berlin] SMTP Debug: CLIENT -> SERVER:         

[23-Apr-2025 10:02:57 Europe/Berlin] SMTP Debug: CLIENT -> SERVER:         

[23-Apr-2025 10:02:57 Europe/Berlin] SMTP Debug: CLIENT -> SERVER:             

[23-Apr-2025 10:02:57 Europe/Berlin] SMTP Debug: CLIENT -> SERVER:                 

[23-Apr-2025 10:02:57 Europe/Berlin] SMTP Debug: CLIENT -> SERVER:                     🔐 OTP for Login

[23-Apr-2025 10:02:57 Europe/Berlin] SMTP Debug: CLIENT -> SERVER:                 

[23-Apr-2025 10:02:57 Europe/Berlin] SMTP Debug: CLIENT -> SERVER:                 

[23-Apr-2025 10:02:57 Europe/Berlin] SMTP Debug: CLIENT -> SERVER:                     Hello Shashank,

[23-Apr-2025 10:02:57 Europe/Berlin] SMTP Debug: CLIENT -> SERVER:                     Your OTP for login is:

[23-Apr-2025 10:02:57 Europe/Berlin] SMTP Debug: CLIENT -> SERVER:                     

[23-Apr-2025 10:02:57 Europe/Berlin] SMTP Debug: CLIENT -> SERVER:                         568543

[23-Apr-2025 10:02:57 Europe/Berlin] SMTP Debug: CLIENT -> SERVER:                     

[23-Apr-2025 10:02:57 Europe/Berlin] SMTP Debug: CLIENT -> SERVER:                     This OTP will expire in 5 minutes.

[23-Apr-2025 10:02:57 Europe/Berlin] SMTP Debug: CLIENT -> SERVER:                     If you didn't request this OTP, please ignore this email.

[23-Apr-2025 10:02:57 Europe/Berlin] SMTP Debug: CLIENT -> SERVER:                 

[23-Apr-2025 10:02:57 Europe/Berlin] SMTP Debug: CLIENT -> SERVER:                 

[23-Apr-2025 10:02:57 Europe/Berlin] SMTP Debug: CLIENT -> SERVER:                     This is an automated message, please do not reply.

[23-Apr-2025 10:02:57 Europe/Berlin] SMTP Debug: CLIENT -> SERVER:                 

[23-Apr-2025 10:02:57 Europe/Berlin] SMTP Debug: CLIENT -> SERVER:             

[23-Apr-2025 10:02:57 Europe/Berlin] SMTP Debug: CLIENT -> SERVER:         

[23-Apr-2025 10:02:57 Europe/Berlin] SMTP Debug: CLIENT -> SERVER:         

[23-Apr-2025 10:02:57 Europe/Berlin] SMTP Debug: CLIENT -> SERVER: 

[23-Apr-2025 10:02:57 Europe/Berlin] SMTP Debug: CLIENT -> SERVER: --b1=_JCmTIP79uokWoQjj06RS1HK7ocVEcRd4cmp9d17bMs

[23-Apr-2025 10:02:57 Europe/Berlin] SMTP Debug: CLIENT -> SERVER: Content-Type: text/html; charset=iso-8859-1

[23-Apr-2025 10:02:57 Europe/Berlin] SMTP Debug: CLIENT -> SERVER: Content-Transfer-Encoding: 8bit

[23-Apr-2025 10:02:57 Europe/Berlin] SMTP Debug: CLIENT -> SERVER: 

[23-Apr-2025 10:02:57 Europe/Berlin] SMTP Debug: CLIENT -> SERVER: 

[23-Apr-2025 10:02:57 Europe/Berlin] SMTP Debug: CLIENT -> SERVER:         <html>

[23-Apr-2025 10:02:57 Europe/Berlin] SMTP Debug: CLIENT -> SERVER:         <head>

[23-Apr-2025 10:02:57 Europe/Berlin] SMTP Debug: CLIENT -> SERVER:             <style>

[23-Apr-2025 10:02:57 Europe/Berlin] SMTP Debug: CLIENT -> SERVER:                 body {

[23-Apr-2025 10:02:57 Europe/Berlin] SMTP Debug: CLIENT -> SERVER:                     font-family: 'Segoe UI', Tahoma, Geneva, Verdana, sans-serif;

[23-Apr-2025 10:02:57 Europe/Berlin] SMTP Debug: CLIENT -> SERVER:                     background-color: #f4f4f4;

[23-Apr-2025 10:02:57 Europe/Berlin] SMTP Debug: CLIENT -> SERVER:                     margin: 0;

[23-Apr-2025 10:02:57 Europe/Berlin] SMTP Debug: CLIENT -> SERVER:                     padding: 0;

[23-Apr-2025 10:02:57 Europe/Berlin] SMTP Debug: CLIENT -> SERVER:                 }

[23-Apr-2025 10:02:57 Europe/Berlin] SMTP Debug: CLIENT -> SERVER:                 .container {

[23-Apr-2025 10:02:57 Europe/Berlin] SMTP Debug: CLIENT -> SERVER:                     max-width: 640px;

[23-Apr-2025 10:02:57 Europe/Berlin] SMTP Debug: CLIENT -> SERVER:                     margin: 40px auto;

[23-Apr-2025 10:02:57 Europe/Berlin] SMTP Debug: CLIENT -> SERVER:                     background: #ffffff;

[23-Apr-2025 10:02:57 Europe/Berlin] SMTP Debug: CLIENT -> SERVER:                     border-radius: 10px;

[23-Apr-2025 10:02:57 Europe/Berlin] SMTP Debug: CLIENT -> SERVER:                     box-shadow: 0 2px 8px rgba(0,0,0,0.1);

[23-Apr-2025 10:02:57 Europe/Berlin] SMTP Debug: CLIENT -> SERVER:                     overflow: hidden;

[23-Apr-2025 10:02:57 Europe/Berlin] SMTP Debug: CLIENT -> SERVER:                 }

[23-Apr-2025 10:02:57 Europe/Berlin] SMTP Debug: CLIENT -> SERVER:                 .header {

[23-Apr-2025 10:02:57 Europe/Berlin] SMTP Debug: CLIENT -> SERVER:                     background: rgb(0,51,102);

[23-Apr-2025 10:02:57 Europe/Berlin] SMTP Debug: CLIENT -> SERVER:                     background: linear-gradient(159deg, rgba(0,51,102,1) 0%, rgba(15,82,186,1) 100%);

[23-Apr-2025 10:02:57 Europe/Berlin] SMTP Debug: CLIENT -> SERVER:                     color: #fff;

[23-Apr-2025 10:02:57 Europe/Berlin] SMTP Debug: CLIENT -> SERVER:                     padding: 30px 20px;

[23-Apr-2025 10:02:57 Europe/Berlin] SMTP Debug: CLIENT -> SERVER:                     text-align: center;

[23-Apr-2025 10:02:57 Europe/Berlin] SMTP Debug: CLIENT -> SERVER:                 }

[23-Apr-2025 10:02:57 Europe/Berlin] SMTP Debug: CLIENT -> SERVER:                 .content {

[23-Apr-2025 10:02:57 Europe/Berlin] SMTP Debug: CLIENT -> SERVER:                     padding: 30px 20px;

[23-Apr-2025 10:02:57 Europe/Berlin] SMTP Debug: CLIENT -> SERVER:                     color: #333;

[23-Apr-2025 10:02:57 Europe/Berlin] SMTP Debug: CLIENT -> SERVER:                 }

[23-Apr-2025 10:02:57 Europe/Berlin] SMTP Debug: CLIENT -> SERVER:                 .otp-box {

[23-Apr-2025 10:02:57 Europe/Berlin] SMTP Debug: CLIENT -> SERVER:                     margin-top: 20px;

[23-Apr-2025 10:02:57 Europe/Berlin] SMTP Debug: CLIENT -> SERVER:                     background-color: #f9f9f9;

[23-Apr-2025 10:02:57 Europe/Berlin] SMTP Debug: CLIENT -> SERVER:                     padding: 20px;

[23-Apr-2025 10:02:57 Europe/Berlin] SMTP Debug: CLIENT -> SERVER:                     border-left: 4px solid #8E2DE2;

[23-Apr-2025 10:02:57 Europe/Berlin] SMTP Debug: CLIENT -> SERVER:                     border-radius: 5px;

[23-Apr-2025 10:02:57 Europe/Berlin] SMTP Debug: CLIENT -> SERVER:                     text-align: center;

[23-Apr-2025 10:02:57 Europe/Berlin] SMTP Debug: CLIENT -> SERVER:                     font-size: 24px;

[23-Apr-2025 10:02:57 Europe/Berlin] SMTP Debug: CLIENT -> SERVER:                     font-weight: bold;

[23-Apr-2025 10:02:57 Europe/Berlin] SMTP Debug: CLIENT -> SERVER:                     letter-spacing: 5px;

[23-Apr-2025 10:02:57 Europe/Berlin] SMTP Debug: CLIENT -> SERVER:                 }

[23-Apr-2025 10:02:57 Europe/Berlin] SMTP Debug: CLIENT -> SERVER:                 .footer {

[23-Apr-2025 10:02:57 Europe/Berlin] SMTP Debug: CLIENT -> SERVER:                     text-align: center;

[23-Apr-2025 10:02:57 Europe/Berlin] SMTP Debug: CLIENT -> SERVER:                     font-size: 12px;

[23-Apr-2025 10:02:57 Europe/Berlin] SMTP Debug: CLIENT -> SERVER:                     color: #777;

[23-Apr-2025 10:02:57 Europe/Berlin] SMTP Debug: CLIENT -> SERVER:                     padding: 20px;

[23-Apr-2025 10:02:57 Europe/Berlin] SMTP Debug: CLIENT -> SERVER:                     background-color: #fafafa;

[23-Apr-2025 10:02:57 Europe/Berlin] SMTP Debug: CLIENT -> SERVER:                 }

[23-Apr-2025 10:02:57 Europe/Berlin] SMTP Debug: CLIENT -> SERVER:             </style>

[23-Apr-2025 10:02:57 Europe/Berlin] SMTP Debug: CLIENT -> SERVER:         </head>

[23-Apr-2025 10:02:57 Europe/Berlin] SMTP Debug: CLIENT -> SERVER:         <body>

[23-Apr-2025 10:02:57 Europe/Berlin] SMTP Debug: CLIENT -> SERVER:             <div class='container'>

[23-Apr-2025 10:02:57 Europe/Berlin] SMTP Debug: CLIENT -> SERVER:                 <div class='header'>

[23-Apr-2025 10:02:57 Europe/Berlin] SMTP Debug: CLIENT -> SERVER:                     <h2>🔐 OTP for Login</h2>

[23-Apr-2025 10:02:57 Europe/Berlin] SMTP Debug: CLIENT -> SERVER:                 </div>

[23-Apr-2025 10:02:57 Europe/Berlin] SMTP Debug: CLIENT -> SERVER:                 <div class='content'>

[23-Apr-2025 10:02:57 Europe/Berlin] SMTP Debug: CLIENT -> SERVER:                     <p>Hello Shashank,</p>

[23-Apr-2025 10:02:57 Europe/Berlin] SMTP Debug: CLIENT -> SERVER:                     <p>Your OTP for login is:</p>

[23-Apr-2025 10:02:57 Europe/Berlin] SMTP Debug: CLIENT -> SERVER:                     <div class='otp-box'>

[23-Apr-2025 10:02:57 Europe/Berlin] SMTP Debug: CLIENT -> SERVER:                         568543

[23-Apr-2025 10:02:57 Europe/Berlin] SMTP Debug: CLIENT -> SERVER:                     </div>

[23-Apr-2025 10:02:57 Europe/Berlin] SMTP Debug: CLIENT -> SERVER:                     <p>This OTP will expire in 5 minutes.</p>

[23-Apr-2025 10:02:57 Europe/Berlin] SMTP Debug: CLIENT -> SERVER:                     <p>If you didn't request this OTP, please ignore this email.</p>

[23-Apr-2025 10:02:57 Europe/Berlin] SMTP Debug: CLIENT -> SERVER:                 </div>

[23-Apr-2025 10:02:57 Europe/Berlin] SMTP Debug: CLIENT -> SERVER:                 <div class='footer'>

[23-Apr-2025 10:02:57 Europe/Berlin] SMTP Debug: CLIENT -> SERVER:                     <p>This is an automated message, please do not reply.</p>

[23-Apr-2025 10:02:57 Europe/Berlin] SMTP Debug: CLIENT -> SERVER:                 </div>

[23-Apr-2025 10:02:57 Europe/Berlin] SMTP Debug: CLIENT -> SERVER:             </div>

[23-Apr-2025 10:02:57 Europe/Berlin] SMTP Debug: CLIENT -> SERVER:         </body>

[23-Apr-2025 10:02:57 Europe/Berlin] SMTP Debug: CLIENT -> SERVER:         </html>

[23-Apr-2025 10:02:57 Europe/Berlin] SMTP Debug: CLIENT -> SERVER: 

[23-Apr-2025 10:02:57 Europe/Berlin] SMTP Debug: CLIENT -> SERVER: 

[23-Apr-2025 10:02:57 Europe/Berlin] SMTP Debug: CLIENT -> SERVER: --b1=_JCmTIP79uokWoQjj06RS1HK7ocVEcRd4cmp9d17bMs--

[23-Apr-2025 10:02:57 Europe/Berlin] SMTP Debug: CLIENT -> SERVER: 

[23-Apr-2025 10:02:57 Europe/Berlin] SMTP Debug: CLIENT -> SERVER: .

[23-Apr-2025 10:02:58 Europe/Berlin] SMTP Debug: SERVER -> CLIENT: 250 2.0.0 OK  1745395516 98e67ed59e1d1-309dfa27065sm956607a91.27 - gsmtp

[23-Apr-2025 10:02:58 Europe/Berlin] SMTP Debug: CLIENT -> SERVER: QUIT

[23-Apr-2025 10:02:59 Europe/Berlin] SMTP Debug: SERVER -> CLIENT: 221 2.0.0 closing connection 98e67ed59e1d1-309dfa27065sm956607a91.27 - gsmtp

[23-Apr-2025 10:03:21 Europe/Berlin] PHP Notice:  session_start(): Ignoring session_start() because a session is already active in C:\xampp\htdocs\ayndrome-api\api\verify_otp.php on line 18
[23-Apr-2025 10:05:18 Europe/Berlin] PHP Notice:  session_start(): Ignoring session_start() because a session is already active in C:\xampp\htdocs\ayndrome-api\api\verify_otp.php on line 18
[23-Apr-2025 10:05:18 Europe/Berlin] Session ID: g0i0ronvhhk3vem0cohbcq975t
[23-Apr-2025 10:05:18 Europe/Berlin] Pending email in session: not set
[23-Apr-2025 10:05:18 Europe/Berlin] Request email: shashanksaket9@gmail.com
[23-Apr-2025 10:05:18 Europe/Berlin] No pending email found in session
[23-Apr-2025 10:05:27 Europe/Berlin] PHP Notice:  session_start(): Ignoring session_start() because a session is already active in C:\xampp\htdocs\ayndrome-api\api\login.php on line 18
[23-Apr-2025 10:05:28 Europe/Berlin] SMTP Debug: SERVER -> CLIENT: 220 smtp.gmail.com ESMTP d2e1a72fcca58-73dbfa52a4bsm10313975b3a.97 - gsmtp

[23-Apr-2025 10:05:28 Europe/Berlin] SMTP Debug: CLIENT -> SERVER: EHLO localhost

[23-Apr-2025 10:05:28 Europe/Berlin] SMTP Debug: SERVER -> CLIENT: 250-smtp.gmail.com at your service, [2409:40d1:1026:7203:7497:7a7b:b374:5990]
250-SIZE 35882577
250-8BITMIME
250-STARTTLS
250-ENHANCEDSTATUSCODES
250-PIPELINING
250-CHUNKING
250 SMTPUTF8

[23-Apr-2025 10:05:28 Europe/Berlin] SMTP Debug: CLIENT -> SERVER: STARTTLS

[23-Apr-2025 10:05:28 Europe/Berlin] SMTP Debug: SERVER -> CLIENT: 220 2.0.0 Ready to start TLS

[23-Apr-2025 10:05:28 Europe/Berlin] SMTP Debug: CLIENT -> SERVER: EHLO localhost

[23-Apr-2025 10:05:29 Europe/Berlin] SMTP Debug: SERVER -> CLIENT: 250-smtp.gmail.com at your service, [2409:40d1:1026:7203:7497:7a7b:b374:5990]
250-SIZE 35882577
250-8BITMIME
250-AUTH LOGIN PLAIN XOAUTH2 PLAIN-CLIENTTOKEN OAUTHBEARER XOAUTH
250-ENHANCEDSTATUSCODES
250-PIPELINING
250-CHUNKING
250 SMTPUTF8

[23-Apr-2025 10:05:29 Europe/Berlin] SMTP Debug: CLIENT -> SERVER: AUTH LOGIN

[23-Apr-2025 10:05:29 Europe/Berlin] SMTP Debug: SERVER -> CLIENT: 334 VXNlcm5hbWU6

[23-Apr-2025 10:05:29 Europe/Berlin] SMTP Debug: CLIENT -> SERVER: [credentials hidden]
[23-Apr-2025 10:05:29 Europe/Berlin] SMTP Debug: SERVER -> CLIENT: 334 UGFzc3dvcmQ6

[23-Apr-2025 10:05:29 Europe/Berlin] SMTP Debug: CLIENT -> SERVER: [credentials hidden]
[23-Apr-2025 10:05:30 Europe/Berlin] SMTP Debug: SERVER -> CLIENT: 235 2.7.0 Accepted

[23-Apr-2025 10:05:30 Europe/Berlin] SMTP Debug: CLIENT -> SERVER: MAIL FROM:<shashanksaket9@gmail.com>

[23-Apr-2025 10:05:30 Europe/Berlin] SMTP Debug: SERVER -> CLIENT: 250 2.1.0 OK d2e1a72fcca58-73dbfa52a4bsm10313975b3a.97 - gsmtp

[23-Apr-2025 10:05:30 Europe/Berlin] SMTP Debug: CLIENT -> SERVER: RCPT TO:<shashanksaket9@gmail.com>

[23-Apr-2025 10:05:30 Europe/Berlin] SMTP Debug: SERVER -> CLIENT: 250 2.1.5 OK d2e1a72fcca58-73dbfa52a4bsm10313975b3a.97 - gsmtp

[23-Apr-2025 10:05:30 Europe/Berlin] SMTP Debug: CLIENT -> SERVER: DATA

[23-Apr-2025 10:05:31 Europe/Berlin] SMTP Debug: SERVER -> CLIENT: 354 Go ahead d2e1a72fcca58-73dbfa52a4bsm10313975b3a.97 - gsmtp

[23-Apr-2025 10:05:31 Europe/Berlin] SMTP Debug: CLIENT -> SERVER: Date: Wed, 23 Apr 2025 10:05:27 +0200

[23-Apr-2025 10:05:31 Europe/Berlin] SMTP Debug: CLIENT -> SERVER: To: Shashank Singh <shashanksaket9@gmail.com>

[23-Apr-2025 10:05:31 Europe/Berlin] SMTP Debug: CLIENT -> SERVER: From: Ayndrome <shashanksaket9@gmail.com>

[23-Apr-2025 10:05:31 Europe/Berlin] SMTP Debug: CLIENT -> SERVER: Subject: Your OTP for Login - Ayndrome

[23-Apr-2025 10:05:31 Europe/Berlin] SMTP Debug: CLIENT -> SERVER: Message-ID: <Dec8u4CndwrCJrOtC2veQHk8QyirMYWmFJ1OLuqk@localhost>

[23-Apr-2025 10:05:31 Europe/Berlin] SMTP Debug: CLIENT -> SERVER: X-Mailer: PHPMailer 6.9.3 (https://github.com/PHPMailer/PHPMailer)

[23-Apr-2025 10:05:31 Europe/Berlin] SMTP Debug: CLIENT -> SERVER: MIME-Version: 1.0

[23-Apr-2025 10:05:31 Europe/Berlin] SMTP Debug: CLIENT -> SERVER: Content-Type: multipart/alternative;

[23-Apr-2025 10:05:31 Europe/Berlin] SMTP Debug: CLIENT -> SERVER:  boundary="b1=_Dec8u4CndwrCJrOtC2veQHk8QyirMYWmFJ1OLuqk"

[23-Apr-2025 10:05:31 Europe/Berlin] SMTP Debug: CLIENT -> SERVER: Content-Transfer-Encoding: 8bit

[23-Apr-2025 10:05:31 Europe/Berlin] SMTP Debug: CLIENT -> SERVER: 

[23-Apr-2025 10:05:31 Europe/Berlin] SMTP Debug: CLIENT -> SERVER: --b1=_Dec8u4CndwrCJrOtC2veQHk8QyirMYWmFJ1OLuqk

[23-Apr-2025 10:05:31 Europe/Berlin] SMTP Debug: CLIENT -> SERVER: Content-Type: text/plain; charset=iso-8859-1

[23-Apr-2025 10:05:31 Europe/Berlin] SMTP Debug: CLIENT -> SERVER: Content-Transfer-Encoding: 8bit

[23-Apr-2025 10:05:31 Europe/Berlin] SMTP Debug: CLIENT -> SERVER: 

[23-Apr-2025 10:05:31 Europe/Berlin] SMTP Debug: CLIENT -> SERVER: 

[23-Apr-2025 10:05:31 Europe/Berlin] SMTP Debug: CLIENT -> SERVER:         

[23-Apr-2025 10:05:31 Europe/Berlin] SMTP Debug: CLIENT -> SERVER:         

[23-Apr-2025 10:05:31 Europe/Berlin] SMTP Debug: CLIENT -> SERVER:             

[23-Apr-2025 10:05:31 Europe/Berlin] SMTP Debug: CLIENT -> SERVER:                 body {

[23-Apr-2025 10:05:31 Europe/Berlin] SMTP Debug: CLIENT -> SERVER:                     font-family: 'Segoe UI', Tahoma, Geneva, Verdana, sans-serif;

[23-Apr-2025 10:05:31 Europe/Berlin] SMTP Debug: CLIENT -> SERVER:                     background-color: #f4f4f4;

[23-Apr-2025 10:05:31 Europe/Berlin] SMTP Debug: CLIENT -> SERVER:                     margin: 0;

[23-Apr-2025 10:05:31 Europe/Berlin] SMTP Debug: CLIENT -> SERVER:                     padding: 0;

[23-Apr-2025 10:05:31 Europe/Berlin] SMTP Debug: CLIENT -> SERVER:                 }

[23-Apr-2025 10:05:31 Europe/Berlin] SMTP Debug: CLIENT -> SERVER:                 .container {

[23-Apr-2025 10:05:31 Europe/Berlin] SMTP Debug: CLIENT -> SERVER:                     max-width: 640px;

[23-Apr-2025 10:05:31 Europe/Berlin] SMTP Debug: CLIENT -> SERVER:                     margin: 40px auto;

[23-Apr-2025 10:05:31 Europe/Berlin] SMTP Debug: CLIENT -> SERVER:                     background: #ffffff;

[23-Apr-2025 10:05:31 Europe/Berlin] SMTP Debug: CLIENT -> SERVER:                     border-radius: 10px;

[23-Apr-2025 10:05:31 Europe/Berlin] SMTP Debug: CLIENT -> SERVER:                     box-shadow: 0 2px 8px rgba(0,0,0,0.1);

[23-Apr-2025 10:05:31 Europe/Berlin] SMTP Debug: CLIENT -> SERVER:                     overflow: hidden;

[23-Apr-2025 10:05:31 Europe/Berlin] SMTP Debug: CLIENT -> SERVER:                 }

[23-Apr-2025 10:05:31 Europe/Berlin] SMTP Debug: CLIENT -> SERVER:                 .header {

[23-Apr-2025 10:05:31 Europe/Berlin] SMTP Debug: CLIENT -> SERVER:                     background: rgb(0,51,102);

[23-Apr-2025 10:05:31 Europe/Berlin] SMTP Debug: CLIENT -> SERVER:                     background: linear-gradient(159deg, rgba(0,51,102,1) 0%, rgba(15,82,186,1) 100%);

[23-Apr-2025 10:05:31 Europe/Berlin] SMTP Debug: CLIENT -> SERVER:                     color: #fff;

[23-Apr-2025 10:05:31 Europe/Berlin] SMTP Debug: CLIENT -> SERVER:                     padding: 30px 20px;

[23-Apr-2025 10:05:31 Europe/Berlin] SMTP Debug: CLIENT -> SERVER:                     text-align: center;

[23-Apr-2025 10:05:31 Europe/Berlin] SMTP Debug: CLIENT -> SERVER:                 }

[23-Apr-2025 10:05:31 Europe/Berlin] SMTP Debug: CLIENT -> SERVER:                 .content {

[23-Apr-2025 10:05:31 Europe/Berlin] SMTP Debug: CLIENT -> SERVER:                     padding: 30px 20px;

[23-Apr-2025 10:05:31 Europe/Berlin] SMTP Debug: CLIENT -> SERVER:                     color: #333;

[23-Apr-2025 10:05:31 Europe/Berlin] SMTP Debug: CLIENT -> SERVER:                 }

[23-Apr-2025 10:05:31 Europe/Berlin] SMTP Debug: CLIENT -> SERVER:                 .otp-box {

[23-Apr-2025 10:05:31 Europe/Berlin] SMTP Debug: CLIENT -> SERVER:                     margin-top: 20px;

[23-Apr-2025 10:05:31 Europe/Berlin] SMTP Debug: CLIENT -> SERVER:                     background-color: #f9f9f9;

[23-Apr-2025 10:05:31 Europe/Berlin] SMTP Debug: CLIENT -> SERVER:                     padding: 20px;

[23-Apr-2025 10:05:31 Europe/Berlin] SMTP Debug: CLIENT -> SERVER:                     border-left: 4px solid #8E2DE2;

[23-Apr-2025 10:05:31 Europe/Berlin] SMTP Debug: CLIENT -> SERVER:                     border-radius: 5px;

[23-Apr-2025 10:05:31 Europe/Berlin] SMTP Debug: CLIENT -> SERVER:                     text-align: center;

[23-Apr-2025 10:05:31 Europe/Berlin] SMTP Debug: CLIENT -> SERVER:                     font-size: 24px;

[23-Apr-2025 10:05:31 Europe/Berlin] SMTP Debug: CLIENT -> SERVER:                     font-weight: bold;

[23-Apr-2025 10:05:31 Europe/Berlin] SMTP Debug: CLIENT -> SERVER:                     letter-spacing: 5px;

[23-Apr-2025 10:05:31 Europe/Berlin] SMTP Debug: CLIENT -> SERVER:                 }

[23-Apr-2025 10:05:31 Europe/Berlin] SMTP Debug: CLIENT -> SERVER:                 .footer {

[23-Apr-2025 10:05:31 Europe/Berlin] SMTP Debug: CLIENT -> SERVER:                     text-align: center;

[23-Apr-2025 10:05:31 Europe/Berlin] SMTP Debug: CLIENT -> SERVER:                     font-size: 12px;

[23-Apr-2025 10:05:31 Europe/Berlin] SMTP Debug: CLIENT -> SERVER:                     color: #777;

[23-Apr-2025 10:05:31 Europe/Berlin] SMTP Debug: CLIENT -> SERVER:                     padding: 20px;

[23-Apr-2025 10:05:31 Europe/Berlin] SMTP Debug: CLIENT -> SERVER:                     background-color: #fafafa;

[23-Apr-2025 10:05:31 Europe/Berlin] SMTP Debug: CLIENT -> SERVER:                 }

[23-Apr-2025 10:05:31 Europe/Berlin] SMTP Debug: CLIENT -> SERVER:             

[23-Apr-2025 10:05:31 Europe/Berlin] SMTP Debug: CLIENT -> SERVER:         

[23-Apr-2025 10:05:31 Europe/Berlin] SMTP Debug: CLIENT -> SERVER:         

[23-Apr-2025 10:05:31 Europe/Berlin] SMTP Debug: CLIENT -> SERVER:             

[23-Apr-2025 10:05:31 Europe/Berlin] SMTP Debug: CLIENT -> SERVER:                 

[23-Apr-2025 10:05:31 Europe/Berlin] SMTP Debug: CLIENT -> SERVER:                     🔐 OTP for Login

[23-Apr-2025 10:05:31 Europe/Berlin] SMTP Debug: CLIENT -> SERVER:                 

[23-Apr-2025 10:05:31 Europe/Berlin] SMTP Debug: CLIENT -> SERVER:                 

[23-Apr-2025 10:05:31 Europe/Berlin] SMTP Debug: CLIENT -> SERVER:                     Hello Shashank,

[23-Apr-2025 10:05:31 Europe/Berlin] SMTP Debug: CLIENT -> SERVER:                     Your OTP for login is:

[23-Apr-2025 10:05:31 Europe/Berlin] SMTP Debug: CLIENT -> SERVER:                     

[23-Apr-2025 10:05:31 Europe/Berlin] SMTP Debug: CLIENT -> SERVER:                         864826

[23-Apr-2025 10:05:31 Europe/Berlin] SMTP Debug: CLIENT -> SERVER:                     

[23-Apr-2025 10:05:31 Europe/Berlin] SMTP Debug: CLIENT -> SERVER:                     This OTP will expire in 5 minutes.

[23-Apr-2025 10:05:31 Europe/Berlin] SMTP Debug: CLIENT -> SERVER:                     If you didn't request this OTP, please ignore this email.

[23-Apr-2025 10:05:31 Europe/Berlin] SMTP Debug: CLIENT -> SERVER:                 

[23-Apr-2025 10:05:31 Europe/Berlin] SMTP Debug: CLIENT -> SERVER:                 

[23-Apr-2025 10:05:31 Europe/Berlin] SMTP Debug: CLIENT -> SERVER:                     This is an automated message, please do not reply.

[23-Apr-2025 10:05:31 Europe/Berlin] SMTP Debug: CLIENT -> SERVER:                 

[23-Apr-2025 10:05:31 Europe/Berlin] SMTP Debug: CLIENT -> SERVER:             

[23-Apr-2025 10:05:31 Europe/Berlin] SMTP Debug: CLIENT -> SERVER:         

[23-Apr-2025 10:05:31 Europe/Berlin] SMTP Debug: CLIENT -> SERVER:         

[23-Apr-2025 10:05:31 Europe/Berlin] SMTP Debug: CLIENT -> SERVER: 

[23-Apr-2025 10:05:31 Europe/Berlin] SMTP Debug: CLIENT -> SERVER: --b1=_Dec8u4CndwrCJrOtC2veQHk8QyirMYWmFJ1OLuqk

[23-Apr-2025 10:05:31 Europe/Berlin] SMTP Debug: CLIENT -> SERVER: Content-Type: text/html; charset=iso-8859-1

[23-Apr-2025 10:05:31 Europe/Berlin] SMTP Debug: CLIENT -> SERVER: Content-Transfer-Encoding: 8bit

[23-Apr-2025 10:05:31 Europe/Berlin] SMTP Debug: CLIENT -> SERVER: 

[23-Apr-2025 10:05:31 Europe/Berlin] SMTP Debug: CLIENT -> SERVER: 

[23-Apr-2025 10:05:31 Europe/Berlin] SMTP Debug: CLIENT -> SERVER:         <html>

[23-Apr-2025 10:05:31 Europe/Berlin] SMTP Debug: CLIENT -> SERVER:         <head>

[23-Apr-2025 10:05:31 Europe/Berlin] SMTP Debug: CLIENT -> SERVER:             <style>

[23-Apr-2025 10:05:31 Europe/Berlin] SMTP Debug: CLIENT -> SERVER:                 body {

[23-Apr-2025 10:05:31 Europe/Berlin] SMTP Debug: CLIENT -> SERVER:                     font-family: 'Segoe UI', Tahoma, Geneva, Verdana, sans-serif;

[23-Apr-2025 10:05:31 Europe/Berlin] SMTP Debug: CLIENT -> SERVER:                     background-color: #f4f4f4;

[23-Apr-2025 10:05:31 Europe/Berlin] SMTP Debug: CLIENT -> SERVER:                     margin: 0;

[23-Apr-2025 10:05:31 Europe/Berlin] SMTP Debug: CLIENT -> SERVER:                     padding: 0;

[23-Apr-2025 10:05:31 Europe/Berlin] SMTP Debug: CLIENT -> SERVER:                 }

[23-Apr-2025 10:05:31 Europe/Berlin] SMTP Debug: CLIENT -> SERVER:                 .container {

[23-Apr-2025 10:05:31 Europe/Berlin] SMTP Debug: CLIENT -> SERVER:                     max-width: 640px;

[23-Apr-2025 10:05:31 Europe/Berlin] SMTP Debug: CLIENT -> SERVER:                     margin: 40px auto;

[23-Apr-2025 10:05:31 Europe/Berlin] SMTP Debug: CLIENT -> SERVER:                     background: #ffffff;

[23-Apr-2025 10:05:31 Europe/Berlin] SMTP Debug: CLIENT -> SERVER:                     border-radius: 10px;

[23-Apr-2025 10:05:31 Europe/Berlin] SMTP Debug: CLIENT -> SERVER:                     box-shadow: 0 2px 8px rgba(0,0,0,0.1);

[23-Apr-2025 10:05:31 Europe/Berlin] SMTP Debug: CLIENT -> SERVER:                     overflow: hidden;

[23-Apr-2025 10:05:31 Europe/Berlin] SMTP Debug: CLIENT -> SERVER:                 }

[23-Apr-2025 10:05:31 Europe/Berlin] SMTP Debug: CLIENT -> SERVER:                 .header {

[23-Apr-2025 10:05:31 Europe/Berlin] SMTP Debug: CLIENT -> SERVER:                     background: rgb(0,51,102);

[23-Apr-2025 10:05:31 Europe/Berlin] SMTP Debug: CLIENT -> SERVER:                     background: linear-gradient(159deg, rgba(0,51,102,1) 0%, rgba(15,82,186,1) 100%);

[23-Apr-2025 10:05:31 Europe/Berlin] SMTP Debug: CLIENT -> SERVER:                     color: #fff;

[23-Apr-2025 10:05:31 Europe/Berlin] SMTP Debug: CLIENT -> SERVER:                     padding: 30px 20px;

[23-Apr-2025 10:05:31 Europe/Berlin] SMTP Debug: CLIENT -> SERVER:                     text-align: center;

[23-Apr-2025 10:05:31 Europe/Berlin] SMTP Debug: CLIENT -> SERVER:                 }

[23-Apr-2025 10:05:31 Europe/Berlin] SMTP Debug: CLIENT -> SERVER:                 .content {

[23-Apr-2025 10:05:31 Europe/Berlin] SMTP Debug: CLIENT -> SERVER:                     padding: 30px 20px;

[23-Apr-2025 10:05:31 Europe/Berlin] SMTP Debug: CLIENT -> SERVER:                     color: #333;

[23-Apr-2025 10:05:31 Europe/Berlin] SMTP Debug: CLIENT -> SERVER:                 }

[23-Apr-2025 10:05:31 Europe/Berlin] SMTP Debug: CLIENT -> SERVER:                 .otp-box {

[23-Apr-2025 10:05:31 Europe/Berlin] SMTP Debug: CLIENT -> SERVER:                     margin-top: 20px;

[23-Apr-2025 10:05:31 Europe/Berlin] SMTP Debug: CLIENT -> SERVER:                     background-color: #f9f9f9;

[23-Apr-2025 10:05:31 Europe/Berlin] SMTP Debug: CLIENT -> SERVER:                     padding: 20px;

[23-Apr-2025 10:05:31 Europe/Berlin] SMTP Debug: CLIENT -> SERVER:                     border-left: 4px solid #8E2DE2;

[23-Apr-2025 10:05:31 Europe/Berlin] SMTP Debug: CLIENT -> SERVER:                     border-radius: 5px;

[23-Apr-2025 10:05:31 Europe/Berlin] SMTP Debug: CLIENT -> SERVER:                     text-align: center;

[23-Apr-2025 10:05:31 Europe/Berlin] SMTP Debug: CLIENT -> SERVER:                     font-size: 24px;

[23-Apr-2025 10:05:31 Europe/Berlin] SMTP Debug: CLIENT -> SERVER:                     font-weight: bold;

[23-Apr-2025 10:05:31 Europe/Berlin] SMTP Debug: CLIENT -> SERVER:                     letter-spacing: 5px;

[23-Apr-2025 10:05:31 Europe/Berlin] SMTP Debug: CLIENT -> SERVER:                 }

[23-Apr-2025 10:05:31 Europe/Berlin] SMTP Debug: CLIENT -> SERVER:                 .footer {

[23-Apr-2025 10:05:31 Europe/Berlin] SMTP Debug: CLIENT -> SERVER:                     text-align: center;

[23-Apr-2025 10:05:31 Europe/Berlin] SMTP Debug: CLIENT -> SERVER:                     font-size: 12px;

[23-Apr-2025 10:05:31 Europe/Berlin] SMTP Debug: CLIENT -> SERVER:                     color: #777;

[23-Apr-2025 10:05:31 Europe/Berlin] SMTP Debug: CLIENT -> SERVER:                     padding: 20px;

[23-Apr-2025 10:05:31 Europe/Berlin] SMTP Debug: CLIENT -> SERVER:                     background-color: #fafafa;

[23-Apr-2025 10:05:31 Europe/Berlin] SMTP Debug: CLIENT -> SERVER:                 }

[23-Apr-2025 10:05:31 Europe/Berlin] SMTP Debug: CLIENT -> SERVER:             </style>

[23-Apr-2025 10:05:31 Europe/Berlin] SMTP Debug: CLIENT -> SERVER:         </head>

[23-Apr-2025 10:05:31 Europe/Berlin] SMTP Debug: CLIENT -> SERVER:         <body>

[23-Apr-2025 10:05:31 Europe/Berlin] SMTP Debug: CLIENT -> SERVER:             <div class='container'>

[23-Apr-2025 10:05:31 Europe/Berlin] SMTP Debug: CLIENT -> SERVER:                 <div class='header'>

[23-Apr-2025 10:05:31 Europe/Berlin] SMTP Debug: CLIENT -> SERVER:                     <h2>🔐 OTP for Login</h2>

[23-Apr-2025 10:05:31 Europe/Berlin] SMTP Debug: CLIENT -> SERVER:                 </div>

[23-Apr-2025 10:05:31 Europe/Berlin] SMTP Debug: CLIENT -> SERVER:                 <div class='content'>

[23-Apr-2025 10:05:31 Europe/Berlin] SMTP Debug: CLIENT -> SERVER:                     <p>Hello Shashank,</p>

[23-Apr-2025 10:05:31 Europe/Berlin] SMTP Debug: CLIENT -> SERVER:                     <p>Your OTP for login is:</p>

[23-Apr-2025 10:05:31 Europe/Berlin] SMTP Debug: CLIENT -> SERVER:                     <div class='otp-box'>

[23-Apr-2025 10:05:31 Europe/Berlin] SMTP Debug: CLIENT -> SERVER:                         864826

[23-Apr-2025 10:05:31 Europe/Berlin] SMTP Debug: CLIENT -> SERVER:                     </div>

[23-Apr-2025 10:05:31 Europe/Berlin] SMTP Debug: CLIENT -> SERVER:                     <p>This OTP will expire in 5 minutes.</p>

[23-Apr-2025 10:05:31 Europe/Berlin] SMTP Debug: CLIENT -> SERVER:                     <p>If you didn't request this OTP, please ignore this email.</p>

[23-Apr-2025 10:05:31 Europe/Berlin] SMTP Debug: CLIENT -> SERVER:                 </div>

[23-Apr-2025 10:05:31 Europe/Berlin] SMTP Debug: CLIENT -> SERVER:                 <div class='footer'>

[23-Apr-2025 10:05:31 Europe/Berlin] SMTP Debug: CLIENT -> SERVER:                     <p>This is an automated message, please do not reply.</p>

[23-Apr-2025 10:05:31 Europe/Berlin] SMTP Debug: CLIENT -> SERVER:                 </div>

[23-Apr-2025 10:05:31 Europe/Berlin] SMTP Debug: CLIENT -> SERVER:             </div>

[23-Apr-2025 10:05:31 Europe/Berlin] SMTP Debug: CLIENT -> SERVER:         </body>

[23-Apr-2025 10:05:31 Europe/Berlin] SMTP Debug: CLIENT -> SERVER:         </html>

[23-Apr-2025 10:05:31 Europe/Berlin] SMTP Debug: CLIENT -> SERVER: 

[23-Apr-2025 10:05:31 Europe/Berlin] SMTP Debug: CLIENT -> SERVER: 

[23-Apr-2025 10:05:31 Europe/Berlin] SMTP Debug: CLIENT -> SERVER: --b1=_Dec8u4CndwrCJrOtC2veQHk8QyirMYWmFJ1OLuqk--

[23-Apr-2025 10:05:31 Europe/Berlin] SMTP Debug: CLIENT -> SERVER: 

[23-Apr-2025 10:05:31 Europe/Berlin] SMTP Debug: CLIENT -> SERVER: .

[23-Apr-2025 10:05:31 Europe/Berlin] SMTP Debug: SERVER -> CLIENT: 250 2.0.0 OK  1745395669 d2e1a72fcca58-73dbfa52a4bsm10313975b3a.97 - gsmtp

[23-Apr-2025 10:05:31 Europe/Berlin] SMTP Debug: CLIENT -> SERVER: QUIT

[23-Apr-2025 10:05:32 Europe/Berlin] SMTP Debug: SERVER -> CLIENT: 221 2.0.0 closing connection d2e1a72fcca58-73dbfa52a4bsm10313975b3a.97 - gsmtp

[23-Apr-2025 10:05:45 Europe/Berlin] PHP Notice:  session_start(): Ignoring session_start() because a session is already active in C:\xampp\htdocs\ayndrome-api\api\verify_otp.php on line 18
[23-Apr-2025 10:05:45 Europe/Berlin] Session ID: 4vr9mi05ja2bn11dc1841kq543
[23-Apr-2025 10:05:45 Europe/Berlin] Pending email in session: not set
[23-Apr-2025 10:05:45 Europe/Berlin] Request email: shashanksaket9@gmail.com
[23-Apr-2025 10:05:45 Europe/Berlin] No pending email found in session
[23-Apr-2025 10:07:44 Europe/Berlin] PHP Notice:  session_start(): Ignoring session_start() because a session is already active in C:\xampp\htdocs\ayndrome-api\api\login.php on line 18
[23-Apr-2025 10:07:44 Europe/Berlin] Session ID: n7fvnki080rqqb7b0dnidojdtl
[23-Apr-2025 10:07:44 Europe/Berlin] Pending email set in session: shashanksaket9@gmail.com
[23-Apr-2025 10:07:45 Europe/Berlin] SMTP Debug: SERVER -> CLIENT: 220 smtp.gmail.com ESMTP d9443c01a7336-22c50fde883sm97592315ad.242 - gsmtp

[23-Apr-2025 10:07:45 Europe/Berlin] SMTP Debug: CLIENT -> SERVER: EHLO localhost

[23-Apr-2025 10:07:45 Europe/Berlin] SMTP Debug: SERVER -> CLIENT: 250-smtp.gmail.com at your service, [2409:40d1:1026:7203:7497:7a7b:b374:5990]
250-SIZE 35882577
250-8BITMIME
250-STARTTLS
250-ENHANCEDSTATUSCODES
250-PIPELINING
250-CHUNKING
250 SMTPUTF8

[23-Apr-2025 10:07:45 Europe/Berlin] SMTP Debug: CLIENT -> SERVER: STARTTLS

[23-Apr-2025 10:07:45 Europe/Berlin] SMTP Debug: SERVER -> CLIENT: 220 2.0.0 Ready to start TLS

[23-Apr-2025 10:07:45 Europe/Berlin] SMTP Debug: CLIENT -> SERVER: EHLO localhost

[23-Apr-2025 10:07:46 Europe/Berlin] SMTP Debug: SERVER -> CLIENT: 250-smtp.gmail.com at your service, [2409:40d1:1026:7203:7497:7a7b:b374:5990]
250-SIZE 35882577
250-8BITMIME
250-AUTH LOGIN PLAIN XOAUTH2 PLAIN-CLIENTTOKEN OAUTHBEARER XOAUTH
250-ENHANCEDSTATUSCODES
250-PIPELINING
250-CHUNKING
250 SMTPUTF8

[23-Apr-2025 10:07:46 Europe/Berlin] SMTP Debug: CLIENT -> SERVER: AUTH LOGIN

[23-Apr-2025 10:07:46 Europe/Berlin] SMTP Debug: SERVER -> CLIENT: 334 VXNlcm5hbWU6

[23-Apr-2025 10:07:46 Europe/Berlin] SMTP Debug: CLIENT -> SERVER: [credentials hidden]
[23-Apr-2025 10:07:46 Europe/Berlin] SMTP Debug: SERVER -> CLIENT: 334 UGFzc3dvcmQ6

[23-Apr-2025 10:07:46 Europe/Berlin] SMTP Debug: CLIENT -> SERVER: [credentials hidden]
[23-Apr-2025 10:07:47 Europe/Berlin] SMTP Debug: SERVER -> CLIENT: 235 2.7.0 Accepted

[23-Apr-2025 10:07:47 Europe/Berlin] SMTP Debug: CLIENT -> SERVER: MAIL FROM:<shashanksaket9@gmail.com>

[23-Apr-2025 10:07:47 Europe/Berlin] SMTP Debug: SERVER -> CLIENT: 250 2.1.0 OK d9443c01a7336-22c50fde883sm97592315ad.242 - gsmtp

[23-Apr-2025 10:07:47 Europe/Berlin] SMTP Debug: CLIENT -> SERVER: RCPT TO:<shashanksaket9@gmail.com>

[23-Apr-2025 10:07:47 Europe/Berlin] SMTP Debug: SERVER -> CLIENT: 250 2.1.5 OK d9443c01a7336-22c50fde883sm97592315ad.242 - gsmtp

[23-Apr-2025 10:07:47 Europe/Berlin] SMTP Debug: CLIENT -> SERVER: DATA

[23-Apr-2025 10:07:48 Europe/Berlin] SMTP Debug: SERVER -> CLIENT: 354 Go ahead d9443c01a7336-22c50fde883sm97592315ad.242 - gsmtp

[23-Apr-2025 10:07:48 Europe/Berlin] SMTP Debug: CLIENT -> SERVER: Date: Wed, 23 Apr 2025 10:07:44 +0200

[23-Apr-2025 10:07:48 Europe/Berlin] SMTP Debug: CLIENT -> SERVER: To: Shashank Singh <shashanksaket9@gmail.com>

[23-Apr-2025 10:07:48 Europe/Berlin] SMTP Debug: CLIENT -> SERVER: From: Ayndrome <shashanksaket9@gmail.com>

[23-Apr-2025 10:07:48 Europe/Berlin] SMTP Debug: CLIENT -> SERVER: Subject: Your OTP for Login - Ayndrome

[23-Apr-2025 10:07:48 Europe/Berlin] SMTP Debug: CLIENT -> SERVER: Message-ID: <YxFyJCEhERuUWieFHK028Jg0GoOOeGPGEJVgtoMjcQ@localhost>

[23-Apr-2025 10:07:48 Europe/Berlin] SMTP Debug: CLIENT -> SERVER: X-Mailer: PHPMailer 6.9.3 (https://github.com/PHPMailer/PHPMailer)

[23-Apr-2025 10:07:48 Europe/Berlin] SMTP Debug: CLIENT -> SERVER: MIME-Version: 1.0

[23-Apr-2025 10:07:48 Europe/Berlin] SMTP Debug: CLIENT -> SERVER: Content-Type: multipart/alternative;

[23-Apr-2025 10:07:48 Europe/Berlin] SMTP Debug: CLIENT -> SERVER:  boundary="b1=_YxFyJCEhERuUWieFHK028Jg0GoOOeGPGEJVgtoMjcQ"

[23-Apr-2025 10:07:48 Europe/Berlin] SMTP Debug: CLIENT -> SERVER: Content-Transfer-Encoding: 8bit

[23-Apr-2025 10:07:48 Europe/Berlin] SMTP Debug: CLIENT -> SERVER: 

[23-Apr-2025 10:07:48 Europe/Berlin] SMTP Debug: CLIENT -> SERVER: --b1=_YxFyJCEhERuUWieFHK028Jg0GoOOeGPGEJVgtoMjcQ

[23-Apr-2025 10:07:48 Europe/Berlin] SMTP Debug: CLIENT -> SERVER: Content-Type: text/plain; charset=iso-8859-1

[23-Apr-2025 10:07:48 Europe/Berlin] SMTP Debug: CLIENT -> SERVER: Content-Transfer-Encoding: 8bit

[23-Apr-2025 10:07:48 Europe/Berlin] SMTP Debug: CLIENT -> SERVER: 

[23-Apr-2025 10:07:48 Europe/Berlin] SMTP Debug: CLIENT -> SERVER: 

[23-Apr-2025 10:07:48 Europe/Berlin] SMTP Debug: CLIENT -> SERVER:         

[23-Apr-2025 10:07:48 Europe/Berlin] SMTP Debug: CLIENT -> SERVER:         

[23-Apr-2025 10:07:48 Europe/Berlin] SMTP Debug: CLIENT -> SERVER:             

[23-Apr-2025 10:07:48 Europe/Berlin] SMTP Debug: CLIENT -> SERVER:                 body {

[23-Apr-2025 10:07:48 Europe/Berlin] SMTP Debug: CLIENT -> SERVER:                     font-family: 'Segoe UI', Tahoma, Geneva, Verdana, sans-serif;

[23-Apr-2025 10:07:48 Europe/Berlin] SMTP Debug: CLIENT -> SERVER:                     background-color: #f4f4f4;

[23-Apr-2025 10:07:48 Europe/Berlin] SMTP Debug: CLIENT -> SERVER:                     margin: 0;

[23-Apr-2025 10:07:48 Europe/Berlin] SMTP Debug: CLIENT -> SERVER:                     padding: 0;

[23-Apr-2025 10:07:48 Europe/Berlin] SMTP Debug: CLIENT -> SERVER:                 }

[23-Apr-2025 10:07:48 Europe/Berlin] SMTP Debug: CLIENT -> SERVER:                 .container {

[23-Apr-2025 10:07:48 Europe/Berlin] SMTP Debug: CLIENT -> SERVER:                     max-width: 640px;

[23-Apr-2025 10:07:48 Europe/Berlin] SMTP Debug: CLIENT -> SERVER:                     margin: 40px auto;

[23-Apr-2025 10:07:48 Europe/Berlin] SMTP Debug: CLIENT -> SERVER:                     background: #ffffff;

[23-Apr-2025 10:07:48 Europe/Berlin] SMTP Debug: CLIENT -> SERVER:                     border-radius: 10px;

[23-Apr-2025 10:07:48 Europe/Berlin] SMTP Debug: CLIENT -> SERVER:                     box-shadow: 0 2px 8px rgba(0,0,0,0.1);

[23-Apr-2025 10:07:48 Europe/Berlin] SMTP Debug: CLIENT -> SERVER:                     overflow: hidden;

[23-Apr-2025 10:07:48 Europe/Berlin] SMTP Debug: CLIENT -> SERVER:                 }

[23-Apr-2025 10:07:48 Europe/Berlin] SMTP Debug: CLIENT -> SERVER:                 .header {

[23-Apr-2025 10:07:48 Europe/Berlin] SMTP Debug: CLIENT -> SERVER:                     background: rgb(0,51,102);

[23-Apr-2025 10:07:48 Europe/Berlin] SMTP Debug: CLIENT -> SERVER:                     background: linear-gradient(159deg, rgba(0,51,102,1) 0%, rgba(15,82,186,1) 100%);

[23-Apr-2025 10:07:48 Europe/Berlin] SMTP Debug: CLIENT -> SERVER:                     color: #fff;

[23-Apr-2025 10:07:48 Europe/Berlin] SMTP Debug: CLIENT -> SERVER:                     padding: 30px 20px;

[23-Apr-2025 10:07:48 Europe/Berlin] SMTP Debug: CLIENT -> SERVER:                     text-align: center;

[23-Apr-2025 10:07:48 Europe/Berlin] SMTP Debug: CLIENT -> SERVER:                 }

[23-Apr-2025 10:07:48 Europe/Berlin] SMTP Debug: CLIENT -> SERVER:                 .content {

[23-Apr-2025 10:07:48 Europe/Berlin] SMTP Debug: CLIENT -> SERVER:                     padding: 30px 20px;

[23-Apr-2025 10:07:48 Europe/Berlin] SMTP Debug: CLIENT -> SERVER:                     color: #333;

[23-Apr-2025 10:07:48 Europe/Berlin] SMTP Debug: CLIENT -> SERVER:                 }

[23-Apr-2025 10:07:48 Europe/Berlin] SMTP Debug: CLIENT -> SERVER:                 .otp-box {

[23-Apr-2025 10:07:48 Europe/Berlin] SMTP Debug: CLIENT -> SERVER:                     margin-top: 20px;

[23-Apr-2025 10:07:48 Europe/Berlin] SMTP Debug: CLIENT -> SERVER:                     background-color: #f9f9f9;

[23-Apr-2025 10:07:48 Europe/Berlin] SMTP Debug: CLIENT -> SERVER:                     padding: 20px;

[23-Apr-2025 10:07:48 Europe/Berlin] SMTP Debug: CLIENT -> SERVER:                     border-left: 4px solid #8E2DE2;

[23-Apr-2025 10:07:48 Europe/Berlin] SMTP Debug: CLIENT -> SERVER:                     border-radius: 5px;

[23-Apr-2025 10:07:48 Europe/Berlin] SMTP Debug: CLIENT -> SERVER:                     text-align: center;

[23-Apr-2025 10:07:48 Europe/Berlin] SMTP Debug: CLIENT -> SERVER:                     font-size: 24px;

[23-Apr-2025 10:07:48 Europe/Berlin] SMTP Debug: CLIENT -> SERVER:                     font-weight: bold;

[23-Apr-2025 10:07:48 Europe/Berlin] SMTP Debug: CLIENT -> SERVER:                     letter-spacing: 5px;

[23-Apr-2025 10:07:48 Europe/Berlin] SMTP Debug: CLIENT -> SERVER:                 }

[23-Apr-2025 10:07:48 Europe/Berlin] SMTP Debug: CLIENT -> SERVER:                 .footer {

[23-Apr-2025 10:07:48 Europe/Berlin] SMTP Debug: CLIENT -> SERVER:                     text-align: center;

[23-Apr-2025 10:07:48 Europe/Berlin] SMTP Debug: CLIENT -> SERVER:                     font-size: 12px;

[23-Apr-2025 10:07:48 Europe/Berlin] SMTP Debug: CLIENT -> SERVER:                     color: #777;

[23-Apr-2025 10:07:48 Europe/Berlin] SMTP Debug: CLIENT -> SERVER:                     padding: 20px;

[23-Apr-2025 10:07:48 Europe/Berlin] SMTP Debug: CLIENT -> SERVER:                     background-color: #fafafa;

[23-Apr-2025 10:07:48 Europe/Berlin] SMTP Debug: CLIENT -> SERVER:                 }

[23-Apr-2025 10:07:48 Europe/Berlin] SMTP Debug: CLIENT -> SERVER:             

[23-Apr-2025 10:07:48 Europe/Berlin] SMTP Debug: CLIENT -> SERVER:         

[23-Apr-2025 10:07:48 Europe/Berlin] SMTP Debug: CLIENT -> SERVER:         

[23-Apr-2025 10:07:48 Europe/Berlin] SMTP Debug: CLIENT -> SERVER:             

[23-Apr-2025 10:07:48 Europe/Berlin] SMTP Debug: CLIENT -> SERVER:                 

[23-Apr-2025 10:07:48 Europe/Berlin] SMTP Debug: CLIENT -> SERVER:                     🔐 OTP for Login

[23-Apr-2025 10:07:48 Europe/Berlin] SMTP Debug: CLIENT -> SERVER:                 

[23-Apr-2025 10:07:48 Europe/Berlin] SMTP Debug: CLIENT -> SERVER:                 

[23-Apr-2025 10:07:48 Europe/Berlin] SMTP Debug: CLIENT -> SERVER:                     Hello Shashank,

[23-Apr-2025 10:07:48 Europe/Berlin] SMTP Debug: CLIENT -> SERVER:                     Your OTP for login is:

[23-Apr-2025 10:07:48 Europe/Berlin] SMTP Debug: CLIENT -> SERVER:                     

[23-Apr-2025 10:07:48 Europe/Berlin] SMTP Debug: CLIENT -> SERVER:                         077467

[23-Apr-2025 10:07:48 Europe/Berlin] SMTP Debug: CLIENT -> SERVER:                     

[23-Apr-2025 10:07:48 Europe/Berlin] SMTP Debug: CLIENT -> SERVER:                     This OTP will expire in 5 minutes.

[23-Apr-2025 10:07:48 Europe/Berlin] SMTP Debug: CLIENT -> SERVER:                     If you didn't request this OTP, please ignore this email.

[23-Apr-2025 10:07:48 Europe/Berlin] SMTP Debug: CLIENT -> SERVER:                 

[23-Apr-2025 10:07:48 Europe/Berlin] SMTP Debug: CLIENT -> SERVER:                 

[23-Apr-2025 10:07:48 Europe/Berlin] SMTP Debug: CLIENT -> SERVER:                     This is an automated message, please do not reply.

[23-Apr-2025 10:07:48 Europe/Berlin] SMTP Debug: CLIENT -> SERVER:                 

[23-Apr-2025 10:07:48 Europe/Berlin] SMTP Debug: CLIENT -> SERVER:             

[23-Apr-2025 10:07:48 Europe/Berlin] SMTP Debug: CLIENT -> SERVER:         

[23-Apr-2025 10:07:48 Europe/Berlin] SMTP Debug: CLIENT -> SERVER:         

[23-Apr-2025 10:07:48 Europe/Berlin] SMTP Debug: CLIENT -> SERVER: 

[23-Apr-2025 10:07:48 Europe/Berlin] SMTP Debug: CLIENT -> SERVER: --b1=_YxFyJCEhERuUWieFHK028Jg0GoOOeGPGEJVgtoMjcQ

[23-Apr-2025 10:07:48 Europe/Berlin] SMTP Debug: CLIENT -> SERVER: Content-Type: text/html; charset=iso-8859-1

[23-Apr-2025 10:07:48 Europe/Berlin] SMTP Debug: CLIENT -> SERVER: Content-Transfer-Encoding: 8bit

[23-Apr-2025 10:07:48 Europe/Berlin] SMTP Debug: CLIENT -> SERVER: 

[23-Apr-2025 10:07:48 Europe/Berlin] SMTP Debug: CLIENT -> SERVER: 

[23-Apr-2025 10:07:48 Europe/Berlin] SMTP Debug: CLIENT -> SERVER:         <html>

[23-Apr-2025 10:07:48 Europe/Berlin] SMTP Debug: CLIENT -> SERVER:         <head>

[23-Apr-2025 10:07:48 Europe/Berlin] SMTP Debug: CLIENT -> SERVER:             <style>

[23-Apr-2025 10:07:48 Europe/Berlin] SMTP Debug: CLIENT -> SERVER:                 body {

[23-Apr-2025 10:07:48 Europe/Berlin] SMTP Debug: CLIENT -> SERVER:                     font-family: 'Segoe UI', Tahoma, Geneva, Verdana, sans-serif;

[23-Apr-2025 10:07:48 Europe/Berlin] SMTP Debug: CLIENT -> SERVER:                     background-color: #f4f4f4;

[23-Apr-2025 10:07:48 Europe/Berlin] SMTP Debug: CLIENT -> SERVER:                     margin: 0;

[23-Apr-2025 10:07:48 Europe/Berlin] SMTP Debug: CLIENT -> SERVER:                     padding: 0;

[23-Apr-2025 10:07:48 Europe/Berlin] SMTP Debug: CLIENT -> SERVER:                 }

[23-Apr-2025 10:07:48 Europe/Berlin] SMTP Debug: CLIENT -> SERVER:                 .container {

[23-Apr-2025 10:07:48 Europe/Berlin] SMTP Debug: CLIENT -> SERVER:                     max-width: 640px;

[23-Apr-2025 10:07:48 Europe/Berlin] SMTP Debug: CLIENT -> SERVER:                     margin: 40px auto;

[23-Apr-2025 10:07:48 Europe/Berlin] SMTP Debug: CLIENT -> SERVER:                     background: #ffffff;

[23-Apr-2025 10:07:48 Europe/Berlin] SMTP Debug: CLIENT -> SERVER:                     border-radius: 10px;

[23-Apr-2025 10:07:48 Europe/Berlin] SMTP Debug: CLIENT -> SERVER:                     box-shadow: 0 2px 8px rgba(0,0,0,0.1);

[23-Apr-2025 10:07:48 Europe/Berlin] SMTP Debug: CLIENT -> SERVER:                     overflow: hidden;

[23-Apr-2025 10:07:48 Europe/Berlin] SMTP Debug: CLIENT -> SERVER:                 }

[23-Apr-2025 10:07:48 Europe/Berlin] SMTP Debug: CLIENT -> SERVER:                 .header {

[23-Apr-2025 10:07:48 Europe/Berlin] SMTP Debug: CLIENT -> SERVER:                     background: rgb(0,51,102);

[23-Apr-2025 10:07:48 Europe/Berlin] SMTP Debug: CLIENT -> SERVER:                     background: linear-gradient(159deg, rgba(0,51,102,1) 0%, rgba(15,82,186,1) 100%);

[23-Apr-2025 10:07:48 Europe/Berlin] SMTP Debug: CLIENT -> SERVER:                     color: #fff;

[23-Apr-2025 10:07:48 Europe/Berlin] SMTP Debug: CLIENT -> SERVER:                     padding: 30px 20px;

[23-Apr-2025 10:07:48 Europe/Berlin] SMTP Debug: CLIENT -> SERVER:                     text-align: center;

[23-Apr-2025 10:07:48 Europe/Berlin] SMTP Debug: CLIENT -> SERVER:                 }

[23-Apr-2025 10:07:48 Europe/Berlin] SMTP Debug: CLIENT -> SERVER:                 .content {

[23-Apr-2025 10:07:48 Europe/Berlin] SMTP Debug: CLIENT -> SERVER:                     padding: 30px 20px;

[23-Apr-2025 10:07:48 Europe/Berlin] SMTP Debug: CLIENT -> SERVER:                     color: #333;

[23-Apr-2025 10:07:48 Europe/Berlin] SMTP Debug: CLIENT -> SERVER:                 }

[23-Apr-2025 10:07:48 Europe/Berlin] SMTP Debug: CLIENT -> SERVER:                 .otp-box {

[23-Apr-2025 10:07:48 Europe/Berlin] SMTP Debug: CLIENT -> SERVER:                     margin-top: 20px;

[23-Apr-2025 10:07:48 Europe/Berlin] SMTP Debug: CLIENT -> SERVER:                     background-color: #f9f9f9;

[23-Apr-2025 10:07:48 Europe/Berlin] SMTP Debug: CLIENT -> SERVER:                     padding: 20px;

[23-Apr-2025 10:07:48 Europe/Berlin] SMTP Debug: CLIENT -> SERVER:                     border-left: 4px solid #8E2DE2;

[23-Apr-2025 10:07:48 Europe/Berlin] SMTP Debug: CLIENT -> SERVER:                     border-radius: 5px;

[23-Apr-2025 10:07:48 Europe/Berlin] SMTP Debug: CLIENT -> SERVER:                     text-align: center;

[23-Apr-2025 10:07:48 Europe/Berlin] SMTP Debug: CLIENT -> SERVER:                     font-size: 24px;

[23-Apr-2025 10:07:48 Europe/Berlin] SMTP Debug: CLIENT -> SERVER:                     font-weight: bold;

[23-Apr-2025 10:07:48 Europe/Berlin] SMTP Debug: CLIENT -> SERVER:                     letter-spacing: 5px;

[23-Apr-2025 10:07:48 Europe/Berlin] SMTP Debug: CLIENT -> SERVER:                 }

[23-Apr-2025 10:07:48 Europe/Berlin] SMTP Debug: CLIENT -> SERVER:                 .footer {

[23-Apr-2025 10:07:48 Europe/Berlin] SMTP Debug: CLIENT -> SERVER:                     text-align: center;

[23-Apr-2025 10:07:48 Europe/Berlin] SMTP Debug: CLIENT -> SERVER:                     font-size: 12px;

[23-Apr-2025 10:07:48 Europe/Berlin] SMTP Debug: CLIENT -> SERVER:                     color: #777;

[23-Apr-2025 10:07:48 Europe/Berlin] SMTP Debug: CLIENT -> SERVER:                     padding: 20px;

[23-Apr-2025 10:07:48 Europe/Berlin] SMTP Debug: CLIENT -> SERVER:                     background-color: #fafafa;

[23-Apr-2025 10:07:48 Europe/Berlin] SMTP Debug: CLIENT -> SERVER:                 }

[23-Apr-2025 10:07:48 Europe/Berlin] SMTP Debug: CLIENT -> SERVER:             </style>

[23-Apr-2025 10:07:48 Europe/Berlin] SMTP Debug: CLIENT -> SERVER:         </head>

[23-Apr-2025 10:07:48 Europe/Berlin] SMTP Debug: CLIENT -> SERVER:         <body>

[23-Apr-2025 10:07:48 Europe/Berlin] SMTP Debug: CLIENT -> SERVER:             <div class='container'>

[23-Apr-2025 10:07:48 Europe/Berlin] SMTP Debug: CLIENT -> SERVER:                 <div class='header'>

[23-Apr-2025 10:07:48 Europe/Berlin] SMTP Debug: CLIENT -> SERVER:                     <h2>🔐 OTP for Login</h2>

[23-Apr-2025 10:07:48 Europe/Berlin] SMTP Debug: CLIENT -> SERVER:                 </div>

[23-Apr-2025 10:07:48 Europe/Berlin] SMTP Debug: CLIENT -> SERVER:                 <div class='content'>

[23-Apr-2025 10:07:48 Europe/Berlin] SMTP Debug: CLIENT -> SERVER:                     <p>Hello Shashank,</p>

[23-Apr-2025 10:07:48 Europe/Berlin] SMTP Debug: CLIENT -> SERVER:                     <p>Your OTP for login is:</p>

[23-Apr-2025 10:07:48 Europe/Berlin] SMTP Debug: CLIENT -> SERVER:                     <div class='otp-box'>

[23-Apr-2025 10:07:48 Europe/Berlin] SMTP Debug: CLIENT -> SERVER:                         077467

[23-Apr-2025 10:07:48 Europe/Berlin] SMTP Debug: CLIENT -> SERVER:                     </div>

[23-Apr-2025 10:07:48 Europe/Berlin] SMTP Debug: CLIENT -> SERVER:                     <p>This OTP will expire in 5 minutes.</p>

[23-Apr-2025 10:07:48 Europe/Berlin] SMTP Debug: CLIENT -> SERVER:                     <p>If you didn't request this OTP, please ignore this email.</p>

[23-Apr-2025 10:07:48 Europe/Berlin] SMTP Debug: CLIENT -> SERVER:                 </div>

[23-Apr-2025 10:07:48 Europe/Berlin] SMTP Debug: CLIENT -> SERVER:                 <div class='footer'>

[23-Apr-2025 10:07:48 Europe/Berlin] SMTP Debug: CLIENT -> SERVER:                     <p>This is an automated message, please do not reply.</p>

[23-Apr-2025 10:07:48 Europe/Berlin] SMTP Debug: CLIENT -> SERVER:                 </div>

[23-Apr-2025 10:07:48 Europe/Berlin] SMTP Debug: CLIENT -> SERVER:             </div>

[23-Apr-2025 10:07:48 Europe/Berlin] SMTP Debug: CLIENT -> SERVER:         </body>

[23-Apr-2025 10:07:48 Europe/Berlin] SMTP Debug: CLIENT -> SERVER:         </html>

[23-Apr-2025 10:07:48 Europe/Berlin] SMTP Debug: CLIENT -> SERVER: 

[23-Apr-2025 10:07:48 Europe/Berlin] SMTP Debug: CLIENT -> SERVER: 

[23-Apr-2025 10:07:48 Europe/Berlin] SMTP Debug: CLIENT -> SERVER: --b1=_YxFyJCEhERuUWieFHK028Jg0GoOOeGPGEJVgtoMjcQ--

[23-Apr-2025 10:07:48 Europe/Berlin] SMTP Debug: CLIENT -> SERVER: 

[23-Apr-2025 10:07:48 Europe/Berlin] SMTP Debug: CLIENT -> SERVER: .

[23-Apr-2025 10:07:49 Europe/Berlin] SMTP Debug: SERVER -> CLIENT: 250 2.0.0 OK  1745395806 d9443c01a7336-22c50fde883sm97592315ad.242 - gsmtp

[23-Apr-2025 10:07:49 Europe/Berlin] SMTP Debug: CLIENT -> SERVER: QUIT

[23-Apr-2025 10:07:49 Europe/Berlin] SMTP Debug: SERVER -> CLIENT: 221 2.0.0 closing connection d9443c01a7336-22c50fde883sm97592315ad.242 - gsmtp

[23-Apr-2025 10:07:57 Europe/Berlin] PHP Notice:  session_start(): Ignoring session_start() because a session is already active in C:\xampp\htdocs\ayndrome-api\api\verify_otp.php on line 18
[23-Apr-2025 10:07:57 Europe/Berlin] Session ID: oum9s4e7dlkc95k4785vcsobio
[23-Apr-2025 10:07:57 Europe/Berlin] Pending email in session: not set
[23-Apr-2025 10:07:57 Europe/Berlin] Request email: shashanksaket9@gmail.com
[23-Apr-2025 10:07:57 Europe/Berlin] No pending email found in session
[23-Apr-2025 10:10:25 Europe/Berlin] SMTP Debug: SERVER -> CLIENT: 220 smtp.gmail.com ESMTP d2e1a72fcca58-73dbf8c05dcsm9920551b3a.27 - gsmtp

[23-Apr-2025 10:10:25 Europe/Berlin] SMTP Debug: CLIENT -> SERVER: EHLO localhost

[23-Apr-2025 10:10:25 Europe/Berlin] SMTP Debug: SERVER -> CLIENT: 250-smtp.gmail.com at your service, [2409:40d1:1026:7203:7497:7a7b:b374:5990]
250-SIZE 35882577
250-8BITMIME
250-STARTTLS
250-ENHANCEDSTATUSCODES
250-PIPELINING
250-CHUNKING
250 SMTPUTF8

[23-Apr-2025 10:10:25 Europe/Berlin] SMTP Debug: CLIENT -> SERVER: STARTTLS

[23-Apr-2025 10:10:26 Europe/Berlin] SMTP Debug: SERVER -> CLIENT: 220 2.0.0 Ready to start TLS

[23-Apr-2025 10:10:26 Europe/Berlin] SMTP Debug: CLIENT -> SERVER: EHLO localhost

[23-Apr-2025 10:10:26 Europe/Berlin] SMTP Debug: SERVER -> CLIENT: 250-smtp.gmail.com at your service, [2409:40d1:1026:7203:7497:7a7b:b374:5990]
250-SIZE 35882577
250-8BITMIME
250-AUTH LOGIN PLAIN XOAUTH2 PLAIN-CLIENTTOKEN OAUTHBEARER XOAUTH
250-ENHANCEDSTATUSCODES
250-PIPELINING
250-CHUNKING
250 SMTPUTF8

[23-Apr-2025 10:10:26 Europe/Berlin] SMTP Debug: CLIENT -> SERVER: AUTH LOGIN

[23-Apr-2025 10:10:27 Europe/Berlin] SMTP Debug: SERVER -> CLIENT: 334 VXNlcm5hbWU6

[23-Apr-2025 10:10:27 Europe/Berlin] SMTP Debug: CLIENT -> SERVER: [credentials hidden]
[23-Apr-2025 10:10:27 Europe/Berlin] SMTP Debug: SERVER -> CLIENT: 334 UGFzc3dvcmQ6

[23-Apr-2025 10:10:27 Europe/Berlin] SMTP Debug: CLIENT -> SERVER: [credentials hidden]
[23-Apr-2025 10:10:27 Europe/Berlin] SMTP Debug: SERVER -> CLIENT: 235 2.7.0 Accepted

[23-Apr-2025 10:10:27 Europe/Berlin] SMTP Debug: CLIENT -> SERVER: MAIL FROM:<shashanksaket9@gmail.com>

[23-Apr-2025 10:10:27 Europe/Berlin] SMTP Debug: SERVER -> CLIENT: 250 2.1.0 OK d2e1a72fcca58-73dbf8c05dcsm9920551b3a.27 - gsmtp

[23-Apr-2025 10:10:27 Europe/Berlin] SMTP Debug: CLIENT -> SERVER: RCPT TO:<shashanksaket9@gmail.com>

[23-Apr-2025 10:10:28 Europe/Berlin] SMTP Debug: SERVER -> CLIENT: 250 2.1.5 OK d2e1a72fcca58-73dbf8c05dcsm9920551b3a.27 - gsmtp

[23-Apr-2025 10:10:28 Europe/Berlin] SMTP Debug: CLIENT -> SERVER: DATA

[23-Apr-2025 10:10:28 Europe/Berlin] SMTP Debug: SERVER -> CLIENT: 354 Go ahead d2e1a72fcca58-73dbf8c05dcsm9920551b3a.27 - gsmtp

[23-Apr-2025 10:10:28 Europe/Berlin] SMTP Debug: CLIENT -> SERVER: Date: Wed, 23 Apr 2025 10:10:25 +0200

[23-Apr-2025 10:10:28 Europe/Berlin] SMTP Debug: CLIENT -> SERVER: To: Shashank Singh <shashanksaket9@gmail.com>

[23-Apr-2025 10:10:28 Europe/Berlin] SMTP Debug: CLIENT -> SERVER: From: Ayndrome <shashanksaket9@gmail.com>

[23-Apr-2025 10:10:28 Europe/Berlin] SMTP Debug: CLIENT -> SERVER: Subject: Your OTP for Login - Ayndrome

[23-Apr-2025 10:10:28 Europe/Berlin] SMTP Debug: CLIENT -> SERVER: Message-ID: <BwthSyspcXWZ4484GamBp8OIAyVYxXHEzBw7CAZzqww@localhost>

[23-Apr-2025 10:10:28 Europe/Berlin] SMTP Debug: CLIENT -> SERVER: X-Mailer: PHPMailer 6.9.3 (https://github.com/PHPMailer/PHPMailer)

[23-Apr-2025 10:10:28 Europe/Berlin] SMTP Debug: CLIENT -> SERVER: MIME-Version: 1.0

[23-Apr-2025 10:10:28 Europe/Berlin] SMTP Debug: CLIENT -> SERVER: Content-Type: multipart/alternative;

[23-Apr-2025 10:10:28 Europe/Berlin] SMTP Debug: CLIENT -> SERVER:  boundary="b1=_BwthSyspcXWZ4484GamBp8OIAyVYxXHEzBw7CAZzqww"

[23-Apr-2025 10:10:28 Europe/Berlin] SMTP Debug: CLIENT -> SERVER: Content-Transfer-Encoding: 8bit

[23-Apr-2025 10:10:28 Europe/Berlin] SMTP Debug: CLIENT -> SERVER: 

[23-Apr-2025 10:10:28 Europe/Berlin] SMTP Debug: CLIENT -> SERVER: --b1=_BwthSyspcXWZ4484GamBp8OIAyVYxXHEzBw7CAZzqww

[23-Apr-2025 10:10:28 Europe/Berlin] SMTP Debug: CLIENT -> SERVER: Content-Type: text/plain; charset=iso-8859-1

[23-Apr-2025 10:10:28 Europe/Berlin] SMTP Debug: CLIENT -> SERVER: Content-Transfer-Encoding: 8bit

[23-Apr-2025 10:10:28 Europe/Berlin] SMTP Debug: CLIENT -> SERVER: 

[23-Apr-2025 10:10:28 Europe/Berlin] SMTP Debug: CLIENT -> SERVER: 

[23-Apr-2025 10:10:28 Europe/Berlin] SMTP Debug: CLIENT -> SERVER:         

[23-Apr-2025 10:10:28 Europe/Berlin] SMTP Debug: CLIENT -> SERVER:         

[23-Apr-2025 10:10:28 Europe/Berlin] SMTP Debug: CLIENT -> SERVER:             

[23-Apr-2025 10:10:28 Europe/Berlin] SMTP Debug: CLIENT -> SERVER:                 body {

[23-Apr-2025 10:10:28 Europe/Berlin] SMTP Debug: CLIENT -> SERVER:                     font-family: 'Segoe UI', Tahoma, Geneva, Verdana, sans-serif;

[23-Apr-2025 10:10:28 Europe/Berlin] SMTP Debug: CLIENT -> SERVER:                     background-color: #f4f4f4;

[23-Apr-2025 10:10:28 Europe/Berlin] SMTP Debug: CLIENT -> SERVER:                     margin: 0;

[23-Apr-2025 10:10:28 Europe/Berlin] SMTP Debug: CLIENT -> SERVER:                     padding: 0;

[23-Apr-2025 10:10:28 Europe/Berlin] SMTP Debug: CLIENT -> SERVER:                 }

[23-Apr-2025 10:10:28 Europe/Berlin] SMTP Debug: CLIENT -> SERVER:                 .container {

[23-Apr-2025 10:10:28 Europe/Berlin] SMTP Debug: CLIENT -> SERVER:                     max-width: 640px;

[23-Apr-2025 10:10:28 Europe/Berlin] SMTP Debug: CLIENT -> SERVER:                     margin: 40px auto;

[23-Apr-2025 10:10:28 Europe/Berlin] SMTP Debug: CLIENT -> SERVER:                     background: #ffffff;

[23-Apr-2025 10:10:28 Europe/Berlin] SMTP Debug: CLIENT -> SERVER:                     border-radius: 10px;

[23-Apr-2025 10:10:28 Europe/Berlin] SMTP Debug: CLIENT -> SERVER:                     box-shadow: 0 2px 8px rgba(0,0,0,0.1);

[23-Apr-2025 10:10:28 Europe/Berlin] SMTP Debug: CLIENT -> SERVER:                     overflow: hidden;

[23-Apr-2025 10:10:28 Europe/Berlin] SMTP Debug: CLIENT -> SERVER:                 }

[23-Apr-2025 10:10:28 Europe/Berlin] SMTP Debug: CLIENT -> SERVER:                 .header {

[23-Apr-2025 10:10:28 Europe/Berlin] SMTP Debug: CLIENT -> SERVER:                     background: rgb(0,51,102);

[23-Apr-2025 10:10:28 Europe/Berlin] SMTP Debug: CLIENT -> SERVER:                     background: linear-gradient(159deg, rgba(0,51,102,1) 0%, rgba(15,82,186,1) 100%);

[23-Apr-2025 10:10:28 Europe/Berlin] SMTP Debug: CLIENT -> SERVER:                     color: #fff;

[23-Apr-2025 10:10:28 Europe/Berlin] SMTP Debug: CLIENT -> SERVER:                     padding: 30px 20px;

[23-Apr-2025 10:10:28 Europe/Berlin] SMTP Debug: CLIENT -> SERVER:                     text-align: center;

[23-Apr-2025 10:10:28 Europe/Berlin] SMTP Debug: CLIENT -> SERVER:                 }

[23-Apr-2025 10:10:28 Europe/Berlin] SMTP Debug: CLIENT -> SERVER:                 .content {

[23-Apr-2025 10:10:28 Europe/Berlin] SMTP Debug: CLIENT -> SERVER:                     padding: 30px 20px;

[23-Apr-2025 10:10:28 Europe/Berlin] SMTP Debug: CLIENT -> SERVER:                     color: #333;

[23-Apr-2025 10:10:28 Europe/Berlin] SMTP Debug: CLIENT -> SERVER:                 }

[23-Apr-2025 10:10:28 Europe/Berlin] SMTP Debug: CLIENT -> SERVER:                 .otp-box {

[23-Apr-2025 10:10:28 Europe/Berlin] SMTP Debug: CLIENT -> SERVER:                     margin-top: 20px;

[23-Apr-2025 10:10:28 Europe/Berlin] SMTP Debug: CLIENT -> SERVER:                     background-color: #f9f9f9;

[23-Apr-2025 10:10:28 Europe/Berlin] SMTP Debug: CLIENT -> SERVER:                     padding: 20px;

[23-Apr-2025 10:10:28 Europe/Berlin] SMTP Debug: CLIENT -> SERVER:                     border-left: 4px solid #8E2DE2;

[23-Apr-2025 10:10:28 Europe/Berlin] SMTP Debug: CLIENT -> SERVER:                     border-radius: 5px;

[23-Apr-2025 10:10:28 Europe/Berlin] SMTP Debug: CLIENT -> SERVER:                     text-align: center;

[23-Apr-2025 10:10:28 Europe/Berlin] SMTP Debug: CLIENT -> SERVER:                     font-size: 24px;

[23-Apr-2025 10:10:28 Europe/Berlin] SMTP Debug: CLIENT -> SERVER:                     font-weight: bold;

[23-Apr-2025 10:10:28 Europe/Berlin] SMTP Debug: CLIENT -> SERVER:                     letter-spacing: 5px;

[23-Apr-2025 10:10:28 Europe/Berlin] SMTP Debug: CLIENT -> SERVER:                 }

[23-Apr-2025 10:10:28 Europe/Berlin] SMTP Debug: CLIENT -> SERVER:                 .footer {

[23-Apr-2025 10:10:28 Europe/Berlin] SMTP Debug: CLIENT -> SERVER:                     text-align: center;

[23-Apr-2025 10:10:28 Europe/Berlin] SMTP Debug: CLIENT -> SERVER:                     font-size: 12px;

[23-Apr-2025 10:10:28 Europe/Berlin] SMTP Debug: CLIENT -> SERVER:                     color: #777;

[23-Apr-2025 10:10:28 Europe/Berlin] SMTP Debug: CLIENT -> SERVER:                     padding: 20px;

[23-Apr-2025 10:10:28 Europe/Berlin] SMTP Debug: CLIENT -> SERVER:                     background-color: #fafafa;

[23-Apr-2025 10:10:28 Europe/Berlin] SMTP Debug: CLIENT -> SERVER:                 }

[23-Apr-2025 10:10:28 Europe/Berlin] SMTP Debug: CLIENT -> SERVER:             

[23-Apr-2025 10:10:28 Europe/Berlin] SMTP Debug: CLIENT -> SERVER:         

[23-Apr-2025 10:10:28 Europe/Berlin] SMTP Debug: CLIENT -> SERVER:         

[23-Apr-2025 10:10:28 Europe/Berlin] SMTP Debug: CLIENT -> SERVER:             

[23-Apr-2025 10:10:28 Europe/Berlin] SMTP Debug: CLIENT -> SERVER:                 

[23-Apr-2025 10:10:28 Europe/Berlin] SMTP Debug: CLIENT -> SERVER:                     🔐 OTP for Login

[23-Apr-2025 10:10:28 Europe/Berlin] SMTP Debug: CLIENT -> SERVER:                 

[23-Apr-2025 10:10:28 Europe/Berlin] SMTP Debug: CLIENT -> SERVER:                 

[23-Apr-2025 10:10:28 Europe/Berlin] SMTP Debug: CLIENT -> SERVER:                     Hello Shashank,

[23-Apr-2025 10:10:28 Europe/Berlin] SMTP Debug: CLIENT -> SERVER:                     Your OTP for login is:

[23-Apr-2025 10:10:28 Europe/Berlin] SMTP Debug: CLIENT -> SERVER:                     

[23-Apr-2025 10:10:28 Europe/Berlin] SMTP Debug: CLIENT -> SERVER:                         649083

[23-Apr-2025 10:10:28 Europe/Berlin] SMTP Debug: CLIENT -> SERVER:                     

[23-Apr-2025 10:10:28 Europe/Berlin] SMTP Debug: CLIENT -> SERVER:                     This OTP will expire in 5 minutes.

[23-Apr-2025 10:10:28 Europe/Berlin] SMTP Debug: CLIENT -> SERVER:                     If you didn't request this OTP, please ignore this email.

[23-Apr-2025 10:10:28 Europe/Berlin] SMTP Debug: CLIENT -> SERVER:                 

[23-Apr-2025 10:10:28 Europe/Berlin] SMTP Debug: CLIENT -> SERVER:                 

[23-Apr-2025 10:10:28 Europe/Berlin] SMTP Debug: CLIENT -> SERVER:                     This is an automated message, please do not reply.

[23-Apr-2025 10:10:28 Europe/Berlin] SMTP Debug: CLIENT -> SERVER:                 

[23-Apr-2025 10:10:28 Europe/Berlin] SMTP Debug: CLIENT -> SERVER:             

[23-Apr-2025 10:10:28 Europe/Berlin] SMTP Debug: CLIENT -> SERVER:         

[23-Apr-2025 10:10:28 Europe/Berlin] SMTP Debug: CLIENT -> SERVER:         

[23-Apr-2025 10:10:28 Europe/Berlin] SMTP Debug: CLIENT -> SERVER: 

[23-Apr-2025 10:10:28 Europe/Berlin] SMTP Debug: CLIENT -> SERVER: --b1=_BwthSyspcXWZ4484GamBp8OIAyVYxXHEzBw7CAZzqww

[23-Apr-2025 10:10:28 Europe/Berlin] SMTP Debug: CLIENT -> SERVER: Content-Type: text/html; charset=iso-8859-1

[23-Apr-2025 10:10:28 Europe/Berlin] SMTP Debug: CLIENT -> SERVER: Content-Transfer-Encoding: 8bit

[23-Apr-2025 10:10:28 Europe/Berlin] SMTP Debug: CLIENT -> SERVER: 

[23-Apr-2025 10:10:28 Europe/Berlin] SMTP Debug: CLIENT -> SERVER: 

[23-Apr-2025 10:10:28 Europe/Berlin] SMTP Debug: CLIENT -> SERVER:         <html>

[23-Apr-2025 10:10:28 Europe/Berlin] SMTP Debug: CLIENT -> SERVER:         <head>

[23-Apr-2025 10:10:28 Europe/Berlin] SMTP Debug: CLIENT -> SERVER:             <style>

[23-Apr-2025 10:10:28 Europe/Berlin] SMTP Debug: CLIENT -> SERVER:                 body {

[23-Apr-2025 10:10:28 Europe/Berlin] SMTP Debug: CLIENT -> SERVER:                     font-family: 'Segoe UI', Tahoma, Geneva, Verdana, sans-serif;

[23-Apr-2025 10:10:28 Europe/Berlin] SMTP Debug: CLIENT -> SERVER:                     background-color: #f4f4f4;

[23-Apr-2025 10:10:28 Europe/Berlin] SMTP Debug: CLIENT -> SERVER:                     margin: 0;

[23-Apr-2025 10:10:28 Europe/Berlin] SMTP Debug: CLIENT -> SERVER:                     padding: 0;

[23-Apr-2025 10:10:28 Europe/Berlin] SMTP Debug: CLIENT -> SERVER:                 }

[23-Apr-2025 10:10:28 Europe/Berlin] SMTP Debug: CLIENT -> SERVER:                 .container {

[23-Apr-2025 10:10:28 Europe/Berlin] SMTP Debug: CLIENT -> SERVER:                     max-width: 640px;

[23-Apr-2025 10:10:28 Europe/Berlin] SMTP Debug: CLIENT -> SERVER:                     margin: 40px auto;

[23-Apr-2025 10:10:28 Europe/Berlin] SMTP Debug: CLIENT -> SERVER:                     background: #ffffff;

[23-Apr-2025 10:10:28 Europe/Berlin] SMTP Debug: CLIENT -> SERVER:                     border-radius: 10px;

[23-Apr-2025 10:10:28 Europe/Berlin] SMTP Debug: CLIENT -> SERVER:                     box-shadow: 0 2px 8px rgba(0,0,0,0.1);

[23-Apr-2025 10:10:28 Europe/Berlin] SMTP Debug: CLIENT -> SERVER:                     overflow: hidden;

[23-Apr-2025 10:10:28 Europe/Berlin] SMTP Debug: CLIENT -> SERVER:                 }

[23-Apr-2025 10:10:28 Europe/Berlin] SMTP Debug: CLIENT -> SERVER:                 .header {

[23-Apr-2025 10:10:28 Europe/Berlin] SMTP Debug: CLIENT -> SERVER:                     background: rgb(0,51,102);

[23-Apr-2025 10:10:28 Europe/Berlin] SMTP Debug: CLIENT -> SERVER:                     background: linear-gradient(159deg, rgba(0,51,102,1) 0%, rgba(15,82,186,1) 100%);

[23-Apr-2025 10:10:28 Europe/Berlin] SMTP Debug: CLIENT -> SERVER:                     color: #fff;

[23-Apr-2025 10:10:28 Europe/Berlin] SMTP Debug: CLIENT -> SERVER:                     padding: 30px 20px;

[23-Apr-2025 10:10:28 Europe/Berlin] SMTP Debug: CLIENT -> SERVER:                     text-align: center;

[23-Apr-2025 10:10:28 Europe/Berlin] SMTP Debug: CLIENT -> SERVER:                 }

[23-Apr-2025 10:10:28 Europe/Berlin] SMTP Debug: CLIENT -> SERVER:                 .content {

[23-Apr-2025 10:10:28 Europe/Berlin] SMTP Debug: CLIENT -> SERVER:                     padding: 30px 20px;

[23-Apr-2025 10:10:28 Europe/Berlin] SMTP Debug: CLIENT -> SERVER:                     color: #333;

[23-Apr-2025 10:10:28 Europe/Berlin] SMTP Debug: CLIENT -> SERVER:                 }

[23-Apr-2025 10:10:28 Europe/Berlin] SMTP Debug: CLIENT -> SERVER:                 .otp-box {

[23-Apr-2025 10:10:28 Europe/Berlin] SMTP Debug: CLIENT -> SERVER:                     margin-top: 20px;

[23-Apr-2025 10:10:28 Europe/Berlin] SMTP Debug: CLIENT -> SERVER:                     background-color: #f9f9f9;

[23-Apr-2025 10:10:28 Europe/Berlin] SMTP Debug: CLIENT -> SERVER:                     padding: 20px;

[23-Apr-2025 10:10:28 Europe/Berlin] SMTP Debug: CLIENT -> SERVER:                     border-left: 4px solid #8E2DE2;

[23-Apr-2025 10:10:28 Europe/Berlin] SMTP Debug: CLIENT -> SERVER:                     border-radius: 5px;

[23-Apr-2025 10:10:28 Europe/Berlin] SMTP Debug: CLIENT -> SERVER:                     text-align: center;

[23-Apr-2025 10:10:28 Europe/Berlin] SMTP Debug: CLIENT -> SERVER:                     font-size: 24px;

[23-Apr-2025 10:10:28 Europe/Berlin] SMTP Debug: CLIENT -> SERVER:                     font-weight: bold;

[23-Apr-2025 10:10:28 Europe/Berlin] SMTP Debug: CLIENT -> SERVER:                     letter-spacing: 5px;

[23-Apr-2025 10:10:28 Europe/Berlin] SMTP Debug: CLIENT -> SERVER:                 }

[23-Apr-2025 10:10:28 Europe/Berlin] SMTP Debug: CLIENT -> SERVER:                 .footer {

[23-Apr-2025 10:10:28 Europe/Berlin] SMTP Debug: CLIENT -> SERVER:                     text-align: center;

[23-Apr-2025 10:10:28 Europe/Berlin] SMTP Debug: CLIENT -> SERVER:                     font-size: 12px;

[23-Apr-2025 10:10:28 Europe/Berlin] SMTP Debug: CLIENT -> SERVER:                     color: #777;

[23-Apr-2025 10:10:28 Europe/Berlin] SMTP Debug: CLIENT -> SERVER:                     padding: 20px;

[23-Apr-2025 10:10:28 Europe/Berlin] SMTP Debug: CLIENT -> SERVER:                     background-color: #fafafa;

[23-Apr-2025 10:10:28 Europe/Berlin] SMTP Debug: CLIENT -> SERVER:                 }

[23-Apr-2025 10:10:28 Europe/Berlin] SMTP Debug: CLIENT -> SERVER:             </style>

[23-Apr-2025 10:10:28 Europe/Berlin] SMTP Debug: CLIENT -> SERVER:         </head>

[23-Apr-2025 10:10:28 Europe/Berlin] SMTP Debug: CLIENT -> SERVER:         <body>

[23-Apr-2025 10:10:28 Europe/Berlin] SMTP Debug: CLIENT -> SERVER:             <div class='container'>

[23-Apr-2025 10:10:28 Europe/Berlin] SMTP Debug: CLIENT -> SERVER:                 <div class='header'>

[23-Apr-2025 10:10:28 Europe/Berlin] SMTP Debug: CLIENT -> SERVER:                     <h2>🔐 OTP for Login</h2>

[23-Apr-2025 10:10:28 Europe/Berlin] SMTP Debug: CLIENT -> SERVER:                 </div>

[23-Apr-2025 10:10:28 Europe/Berlin] SMTP Debug: CLIENT -> SERVER:                 <div class='content'>

[23-Apr-2025 10:10:28 Europe/Berlin] SMTP Debug: CLIENT -> SERVER:                     <p>Hello Shashank,</p>

[23-Apr-2025 10:10:28 Europe/Berlin] SMTP Debug: CLIENT -> SERVER:                     <p>Your OTP for login is:</p>

[23-Apr-2025 10:10:28 Europe/Berlin] SMTP Debug: CLIENT -> SERVER:                     <div class='otp-box'>

[23-Apr-2025 10:10:28 Europe/Berlin] SMTP Debug: CLIENT -> SERVER:                         649083

[23-Apr-2025 10:10:28 Europe/Berlin] SMTP Debug: CLIENT -> SERVER:                     </div>

[23-Apr-2025 10:10:28 Europe/Berlin] SMTP Debug: CLIENT -> SERVER:                     <p>This OTP will expire in 5 minutes.</p>

[23-Apr-2025 10:10:28 Europe/Berlin] SMTP Debug: CLIENT -> SERVER:                     <p>If you didn't request this OTP, please ignore this email.</p>

[23-Apr-2025 10:10:28 Europe/Berlin] SMTP Debug: CLIENT -> SERVER:                 </div>

[23-Apr-2025 10:10:28 Europe/Berlin] SMTP Debug: CLIENT -> SERVER:                 <div class='footer'>

[23-Apr-2025 10:10:28 Europe/Berlin] SMTP Debug: CLIENT -> SERVER:                     <p>This is an automated message, please do not reply.</p>

[23-Apr-2025 10:10:28 Europe/Berlin] SMTP Debug: CLIENT -> SERVER:                 </div>

[23-Apr-2025 10:10:28 Europe/Berlin] SMTP Debug: CLIENT -> SERVER:             </div>

[23-Apr-2025 10:10:28 Europe/Berlin] SMTP Debug: CLIENT -> SERVER:         </body>

[23-Apr-2025 10:10:28 Europe/Berlin] SMTP Debug: CLIENT -> SERVER:         </html>

[23-Apr-2025 10:10:28 Europe/Berlin] SMTP Debug: CLIENT -> SERVER: 

[23-Apr-2025 10:10:28 Europe/Berlin] SMTP Debug: CLIENT -> SERVER: 

[23-Apr-2025 10:10:28 Europe/Berlin] SMTP Debug: CLIENT -> SERVER: --b1=_BwthSyspcXWZ4484GamBp8OIAyVYxXHEzBw7CAZzqww--

[23-Apr-2025 10:10:28 Europe/Berlin] SMTP Debug: CLIENT -> SERVER: 

[23-Apr-2025 10:10:28 Europe/Berlin] SMTP Debug: CLIENT -> SERVER: .

[23-Apr-2025 10:10:29 Europe/Berlin] SMTP Debug: SERVER -> CLIENT: 250 2.0.0 OK  1745395966 d2e1a72fcca58-73dbf8c05dcsm9920551b3a.27 - gsmtp

[23-Apr-2025 10:10:29 Europe/Berlin] SMTP Debug: CLIENT -> SERVER: QUIT

[23-Apr-2025 10:10:29 Europe/Berlin] SMTP Debug: SERVER -> CLIENT: 221 2.0.0 closing connection d2e1a72fcca58-73dbf8c05dcsm9920551b3a.27 - gsmtp

[23-Apr-2025 10:10:59 Europe/Berlin] SMTP Debug: SERVER -> CLIENT: 220 smtp.gmail.com ESMTP d9443c01a7336-22c50eb4816sm97890215ad.131 - gsmtp

[23-Apr-2025 10:10:59 Europe/Berlin] SMTP Debug: CLIENT -> SERVER: EHLO localhost

[23-Apr-2025 10:11:00 Europe/Berlin] SMTP Debug: SERVER -> CLIENT: 250-smtp.gmail.com at your service, [2409:40d1:1026:7203:7497:7a7b:b374:5990]
250-SIZE 35882577
250-8BITMIME
250-STARTTLS
250-ENHANCEDSTATUSCODES
250-PIPELINING
250-CHUNKING
250 SMTPUTF8

[23-Apr-2025 10:11:00 Europe/Berlin] SMTP Debug: CLIENT -> SERVER: STARTTLS

[23-Apr-2025 10:11:00 Europe/Berlin] SMTP Debug: SERVER -> CLIENT: 220 2.0.0 Ready to start TLS

[23-Apr-2025 10:11:00 Europe/Berlin] SMTP Debug: CLIENT -> SERVER: EHLO localhost

[23-Apr-2025 10:11:00 Europe/Berlin] SMTP Debug: SERVER -> CLIENT: 250-smtp.gmail.com at your service, [2409:40d1:1026:7203:7497:7a7b:b374:5990]
250-SIZE 35882577
250-8BITMIME
250-AUTH LOGIN PLAIN XOAUTH2 PLAIN-CLIENTTOKEN OAUTHBEARER XOAUTH
250-ENHANCEDSTATUSCODES
250-PIPELINING
250-CHUNKING
250 SMTPUTF8

[23-Apr-2025 10:11:00 Europe/Berlin] SMTP Debug: CLIENT -> SERVER: AUTH LOGIN

[23-Apr-2025 10:11:01 Europe/Berlin] SMTP Debug: SERVER -> CLIENT: 334 VXNlcm5hbWU6

[23-Apr-2025 10:11:01 Europe/Berlin] SMTP Debug: CLIENT -> SERVER: [credentials hidden]
[23-Apr-2025 10:11:01 Europe/Berlin] SMTP Debug: SERVER -> CLIENT: 334 UGFzc3dvcmQ6

[23-Apr-2025 10:11:01 Europe/Berlin] SMTP Debug: CLIENT -> SERVER: [credentials hidden]
[23-Apr-2025 10:11:01 Europe/Berlin] SMTP Debug: SERVER -> CLIENT: 235 2.7.0 Accepted

[23-Apr-2025 10:11:01 Europe/Berlin] SMTP Debug: CLIENT -> SERVER: MAIL FROM:<shashanksaket9@gmail.com>

[23-Apr-2025 10:11:02 Europe/Berlin] SMTP Debug: SERVER -> CLIENT: 250 2.1.0 OK d9443c01a7336-22c50eb4816sm97890215ad.131 - gsmtp

[23-Apr-2025 10:11:02 Europe/Berlin] SMTP Debug: CLIENT -> SERVER: RCPT TO:<shashanksaket9@gmail.com>

[23-Apr-2025 10:11:02 Europe/Berlin] SMTP Debug: SERVER -> CLIENT: 250 2.1.5 OK d9443c01a7336-22c50eb4816sm97890215ad.131 - gsmtp

[23-Apr-2025 10:11:02 Europe/Berlin] SMTP Debug: CLIENT -> SERVER: DATA

[23-Apr-2025 10:11:02 Europe/Berlin] SMTP Debug: SERVER -> CLIENT: 354 Go ahead d9443c01a7336-22c50eb4816sm97890215ad.131 - gsmtp

[23-Apr-2025 10:11:02 Europe/Berlin] SMTP Debug: CLIENT -> SERVER: Date: Wed, 23 Apr 2025 10:10:59 +0200

[23-Apr-2025 10:11:02 Europe/Berlin] SMTP Debug: CLIENT -> SERVER: To: Shashank Singh <shashanksaket9@gmail.com>

[23-Apr-2025 10:11:02 Europe/Berlin] SMTP Debug: CLIENT -> SERVER: From: Ayndrome <shashanksaket9@gmail.com>

[23-Apr-2025 10:11:02 Europe/Berlin] SMTP Debug: CLIENT -> SERVER: Subject: Your OTP for Login - Ayndrome

[23-Apr-2025 10:11:02 Europe/Berlin] SMTP Debug: CLIENT -> SERVER: Message-ID: <BrrL54SfIr1AchMx9MgUMVHBwcViMCNUH1e50RYc@localhost>

[23-Apr-2025 10:11:02 Europe/Berlin] SMTP Debug: CLIENT -> SERVER: X-Mailer: PHPMailer 6.9.3 (https://github.com/PHPMailer/PHPMailer)

[23-Apr-2025 10:11:02 Europe/Berlin] SMTP Debug: CLIENT -> SERVER: MIME-Version: 1.0

[23-Apr-2025 10:11:02 Europe/Berlin] SMTP Debug: CLIENT -> SERVER: Content-Type: multipart/alternative;

[23-Apr-2025 10:11:02 Europe/Berlin] SMTP Debug: CLIENT -> SERVER:  boundary="b1=_BrrL54SfIr1AchMx9MgUMVHBwcViMCNUH1e50RYc"

[23-Apr-2025 10:11:02 Europe/Berlin] SMTP Debug: CLIENT -> SERVER: Content-Transfer-Encoding: 8bit

[23-Apr-2025 10:11:02 Europe/Berlin] SMTP Debug: CLIENT -> SERVER: 

[23-Apr-2025 10:11:02 Europe/Berlin] SMTP Debug: CLIENT -> SERVER: --b1=_BrrL54SfIr1AchMx9MgUMVHBwcViMCNUH1e50RYc

[23-Apr-2025 10:11:02 Europe/Berlin] SMTP Debug: CLIENT -> SERVER: Content-Type: text/plain; charset=iso-8859-1

[23-Apr-2025 10:11:02 Europe/Berlin] SMTP Debug: CLIENT -> SERVER: Content-Transfer-Encoding: 8bit

[23-Apr-2025 10:11:02 Europe/Berlin] SMTP Debug: CLIENT -> SERVER: 

[23-Apr-2025 10:11:02 Europe/Berlin] SMTP Debug: CLIENT -> SERVER: 

[23-Apr-2025 10:11:02 Europe/Berlin] SMTP Debug: CLIENT -> SERVER:         

[23-Apr-2025 10:11:02 Europe/Berlin] SMTP Debug: CLIENT -> SERVER:         

[23-Apr-2025 10:11:02 Europe/Berlin] SMTP Debug: CLIENT -> SERVER:             

[23-Apr-2025 10:11:02 Europe/Berlin] SMTP Debug: CLIENT -> SERVER:                 body {

[23-Apr-2025 10:11:02 Europe/Berlin] SMTP Debug: CLIENT -> SERVER:                     font-family: 'Segoe UI', Tahoma, Geneva, Verdana, sans-serif;

[23-Apr-2025 10:11:02 Europe/Berlin] SMTP Debug: CLIENT -> SERVER:                     background-color: #f4f4f4;

[23-Apr-2025 10:11:02 Europe/Berlin] SMTP Debug: CLIENT -> SERVER:                     margin: 0;

[23-Apr-2025 10:11:02 Europe/Berlin] SMTP Debug: CLIENT -> SERVER:                     padding: 0;

[23-Apr-2025 10:11:02 Europe/Berlin] SMTP Debug: CLIENT -> SERVER:                 }

[23-Apr-2025 10:11:02 Europe/Berlin] SMTP Debug: CLIENT -> SERVER:                 .container {

[23-Apr-2025 10:11:02 Europe/Berlin] SMTP Debug: CLIENT -> SERVER:                     max-width: 640px;

[23-Apr-2025 10:11:02 Europe/Berlin] SMTP Debug: CLIENT -> SERVER:                     margin: 40px auto;

[23-Apr-2025 10:11:02 Europe/Berlin] SMTP Debug: CLIENT -> SERVER:                     background: #ffffff;

[23-Apr-2025 10:11:02 Europe/Berlin] SMTP Debug: CLIENT -> SERVER:                     border-radius: 10px;

[23-Apr-2025 10:11:02 Europe/Berlin] SMTP Debug: CLIENT -> SERVER:                     box-shadow: 0 2px 8px rgba(0,0,0,0.1);

[23-Apr-2025 10:11:02 Europe/Berlin] SMTP Debug: CLIENT -> SERVER:                     overflow: hidden;

[23-Apr-2025 10:11:02 Europe/Berlin] SMTP Debug: CLIENT -> SERVER:                 }

[23-Apr-2025 10:11:02 Europe/Berlin] SMTP Debug: CLIENT -> SERVER:                 .header {

[23-Apr-2025 10:11:02 Europe/Berlin] SMTP Debug: CLIENT -> SERVER:                     background: rgb(0,51,102);

[23-Apr-2025 10:11:02 Europe/Berlin] SMTP Debug: CLIENT -> SERVER:                     background: linear-gradient(159deg, rgba(0,51,102,1) 0%, rgba(15,82,186,1) 100%);

[23-Apr-2025 10:11:02 Europe/Berlin] SMTP Debug: CLIENT -> SERVER:                     color: #fff;

[23-Apr-2025 10:11:02 Europe/Berlin] SMTP Debug: CLIENT -> SERVER:                     padding: 30px 20px;

[23-Apr-2025 10:11:02 Europe/Berlin] SMTP Debug: CLIENT -> SERVER:                     text-align: center;

[23-Apr-2025 10:11:02 Europe/Berlin] SMTP Debug: CLIENT -> SERVER:                 }

[23-Apr-2025 10:11:02 Europe/Berlin] SMTP Debug: CLIENT -> SERVER:                 .content {

[23-Apr-2025 10:11:02 Europe/Berlin] SMTP Debug: CLIENT -> SERVER:                     padding: 30px 20px;

[23-Apr-2025 10:11:02 Europe/Berlin] SMTP Debug: CLIENT -> SERVER:                     color: #333;

[23-Apr-2025 10:11:02 Europe/Berlin] SMTP Debug: CLIENT -> SERVER:                 }

[23-Apr-2025 10:11:02 Europe/Berlin] SMTP Debug: CLIENT -> SERVER:                 .otp-box {

[23-Apr-2025 10:11:02 Europe/Berlin] SMTP Debug: CLIENT -> SERVER:                     margin-top: 20px;

[23-Apr-2025 10:11:02 Europe/Berlin] SMTP Debug: CLIENT -> SERVER:                     background-color: #f9f9f9;

[23-Apr-2025 10:11:02 Europe/Berlin] SMTP Debug: CLIENT -> SERVER:                     padding: 20px;

[23-Apr-2025 10:11:02 Europe/Berlin] SMTP Debug: CLIENT -> SERVER:                     border-left: 4px solid #8E2DE2;

[23-Apr-2025 10:11:02 Europe/Berlin] SMTP Debug: CLIENT -> SERVER:                     border-radius: 5px;

[23-Apr-2025 10:11:02 Europe/Berlin] SMTP Debug: CLIENT -> SERVER:                     text-align: center;

[23-Apr-2025 10:11:02 Europe/Berlin] SMTP Debug: CLIENT -> SERVER:                     font-size: 24px;

[23-Apr-2025 10:11:02 Europe/Berlin] SMTP Debug: CLIENT -> SERVER:                     font-weight: bold;

[23-Apr-2025 10:11:02 Europe/Berlin] SMTP Debug: CLIENT -> SERVER:                     letter-spacing: 5px;

[23-Apr-2025 10:11:02 Europe/Berlin] SMTP Debug: CLIENT -> SERVER:                 }

[23-Apr-2025 10:11:02 Europe/Berlin] SMTP Debug: CLIENT -> SERVER:                 .footer {

[23-Apr-2025 10:11:02 Europe/Berlin] SMTP Debug: CLIENT -> SERVER:                     text-align: center;

[23-Apr-2025 10:11:02 Europe/Berlin] SMTP Debug: CLIENT -> SERVER:                     font-size: 12px;

[23-Apr-2025 10:11:02 Europe/Berlin] SMTP Debug: CLIENT -> SERVER:                     color: #777;

[23-Apr-2025 10:11:02 Europe/Berlin] SMTP Debug: CLIENT -> SERVER:                     padding: 20px;

[23-Apr-2025 10:11:02 Europe/Berlin] SMTP Debug: CLIENT -> SERVER:                     background-color: #fafafa;

[23-Apr-2025 10:11:02 Europe/Berlin] SMTP Debug: CLIENT -> SERVER:                 }

[23-Apr-2025 10:11:02 Europe/Berlin] SMTP Debug: CLIENT -> SERVER:             

[23-Apr-2025 10:11:02 Europe/Berlin] SMTP Debug: CLIENT -> SERVER:         

[23-Apr-2025 10:11:02 Europe/Berlin] SMTP Debug: CLIENT -> SERVER:         

[23-Apr-2025 10:11:02 Europe/Berlin] SMTP Debug: CLIENT -> SERVER:             

[23-Apr-2025 10:11:02 Europe/Berlin] SMTP Debug: CLIENT -> SERVER:                 

[23-Apr-2025 10:11:02 Europe/Berlin] SMTP Debug: CLIENT -> SERVER:                     🔐 OTP for Login

[23-Apr-2025 10:11:02 Europe/Berlin] SMTP Debug: CLIENT -> SERVER:                 

[23-Apr-2025 10:11:02 Europe/Berlin] SMTP Debug: CLIENT -> SERVER:                 

[23-Apr-2025 10:11:02 Europe/Berlin] SMTP Debug: CLIENT -> SERVER:                     Hello Shashank,

[23-Apr-2025 10:11:02 Europe/Berlin] SMTP Debug: CLIENT -> SERVER:                     Your OTP for login is:

[23-Apr-2025 10:11:02 Europe/Berlin] SMTP Debug: CLIENT -> SERVER:                     

[23-Apr-2025 10:11:02 Europe/Berlin] SMTP Debug: CLIENT -> SERVER:                         635367

[23-Apr-2025 10:11:02 Europe/Berlin] SMTP Debug: CLIENT -> SERVER:                     

[23-Apr-2025 10:11:02 Europe/Berlin] SMTP Debug: CLIENT -> SERVER:                     This OTP will expire in 5 minutes.

[23-Apr-2025 10:11:02 Europe/Berlin] SMTP Debug: CLIENT -> SERVER:                     If you didn't request this OTP, please ignore this email.

[23-Apr-2025 10:11:02 Europe/Berlin] SMTP Debug: CLIENT -> SERVER:                 

[23-Apr-2025 10:11:02 Europe/Berlin] SMTP Debug: CLIENT -> SERVER:                 

[23-Apr-2025 10:11:02 Europe/Berlin] SMTP Debug: CLIENT -> SERVER:                     This is an automated message, please do not reply.

[23-Apr-2025 10:11:02 Europe/Berlin] SMTP Debug: CLIENT -> SERVER:                 

[23-Apr-2025 10:11:02 Europe/Berlin] SMTP Debug: CLIENT -> SERVER:             

[23-Apr-2025 10:11:02 Europe/Berlin] SMTP Debug: CLIENT -> SERVER:         

[23-Apr-2025 10:11:02 Europe/Berlin] SMTP Debug: CLIENT -> SERVER:         

[23-Apr-2025 10:11:02 Europe/Berlin] SMTP Debug: CLIENT -> SERVER: 

[23-Apr-2025 10:11:02 Europe/Berlin] SMTP Debug: CLIENT -> SERVER: --b1=_BrrL54SfIr1AchMx9MgUMVHBwcViMCNUH1e50RYc

[23-Apr-2025 10:11:02 Europe/Berlin] SMTP Debug: CLIENT -> SERVER: Content-Type: text/html; charset=iso-8859-1

[23-Apr-2025 10:11:02 Europe/Berlin] SMTP Debug: CLIENT -> SERVER: Content-Transfer-Encoding: 8bit

[23-Apr-2025 10:11:02 Europe/Berlin] SMTP Debug: CLIENT -> SERVER: 

[23-Apr-2025 10:11:02 Europe/Berlin] SMTP Debug: CLIENT -> SERVER: 

[23-Apr-2025 10:11:02 Europe/Berlin] SMTP Debug: CLIENT -> SERVER:         <html>

[23-Apr-2025 10:11:02 Europe/Berlin] SMTP Debug: CLIENT -> SERVER:         <head>

[23-Apr-2025 10:11:02 Europe/Berlin] SMTP Debug: CLIENT -> SERVER:             <style>

[23-Apr-2025 10:11:02 Europe/Berlin] SMTP Debug: CLIENT -> SERVER:                 body {

[23-Apr-2025 10:11:02 Europe/Berlin] SMTP Debug: CLIENT -> SERVER:                     font-family: 'Segoe UI', Tahoma, Geneva, Verdana, sans-serif;

[23-Apr-2025 10:11:02 Europe/Berlin] SMTP Debug: CLIENT -> SERVER:                     background-color: #f4f4f4;

[23-Apr-2025 10:11:02 Europe/Berlin] SMTP Debug: CLIENT -> SERVER:                     margin: 0;

[23-Apr-2025 10:11:02 Europe/Berlin] SMTP Debug: CLIENT -> SERVER:                     padding: 0;

[23-Apr-2025 10:11:02 Europe/Berlin] SMTP Debug: CLIENT -> SERVER:                 }

[23-Apr-2025 10:11:02 Europe/Berlin] SMTP Debug: CLIENT -> SERVER:                 .container {

[23-Apr-2025 10:11:02 Europe/Berlin] SMTP Debug: CLIENT -> SERVER:                     max-width: 640px;

[23-Apr-2025 10:11:02 Europe/Berlin] SMTP Debug: CLIENT -> SERVER:                     margin: 40px auto;

[23-Apr-2025 10:11:02 Europe/Berlin] SMTP Debug: CLIENT -> SERVER:                     background: #ffffff;

[23-Apr-2025 10:11:02 Europe/Berlin] SMTP Debug: CLIENT -> SERVER:                     border-radius: 10px;

[23-Apr-2025 10:11:02 Europe/Berlin] SMTP Debug: CLIENT -> SERVER:                     box-shadow: 0 2px 8px rgba(0,0,0,0.1);

[23-Apr-2025 10:11:02 Europe/Berlin] SMTP Debug: CLIENT -> SERVER:                     overflow: hidden;

[23-Apr-2025 10:11:02 Europe/Berlin] SMTP Debug: CLIENT -> SERVER:                 }

[23-Apr-2025 10:11:02 Europe/Berlin] SMTP Debug: CLIENT -> SERVER:                 .header {

[23-Apr-2025 10:11:02 Europe/Berlin] SMTP Debug: CLIENT -> SERVER:                     background: rgb(0,51,102);

[23-Apr-2025 10:11:02 Europe/Berlin] SMTP Debug: CLIENT -> SERVER:                     background: linear-gradient(159deg, rgba(0,51,102,1) 0%, rgba(15,82,186,1) 100%);

[23-Apr-2025 10:11:02 Europe/Berlin] SMTP Debug: CLIENT -> SERVER:                     color: #fff;

[23-Apr-2025 10:11:02 Europe/Berlin] SMTP Debug: CLIENT -> SERVER:                     padding: 30px 20px;

[23-Apr-2025 10:11:02 Europe/Berlin] SMTP Debug: CLIENT -> SERVER:                     text-align: center;

[23-Apr-2025 10:11:02 Europe/Berlin] SMTP Debug: CLIENT -> SERVER:                 }

[23-Apr-2025 10:11:02 Europe/Berlin] SMTP Debug: CLIENT -> SERVER:                 .content {

[23-Apr-2025 10:11:02 Europe/Berlin] SMTP Debug: CLIENT -> SERVER:                     padding: 30px 20px;

[23-Apr-2025 10:11:02 Europe/Berlin] SMTP Debug: CLIENT -> SERVER:                     color: #333;

[23-Apr-2025 10:11:02 Europe/Berlin] SMTP Debug: CLIENT -> SERVER:                 }

[23-Apr-2025 10:11:02 Europe/Berlin] SMTP Debug: CLIENT -> SERVER:                 .otp-box {

[23-Apr-2025 10:11:02 Europe/Berlin] SMTP Debug: CLIENT -> SERVER:                     margin-top: 20px;

[23-Apr-2025 10:11:02 Europe/Berlin] SMTP Debug: CLIENT -> SERVER:                     background-color: #f9f9f9;

[23-Apr-2025 10:11:02 Europe/Berlin] SMTP Debug: CLIENT -> SERVER:                     padding: 20px;

[23-Apr-2025 10:11:02 Europe/Berlin] SMTP Debug: CLIENT -> SERVER:                     border-left: 4px solid #8E2DE2;

[23-Apr-2025 10:11:02 Europe/Berlin] SMTP Debug: CLIENT -> SERVER:                     border-radius: 5px;

[23-Apr-2025 10:11:02 Europe/Berlin] SMTP Debug: CLIENT -> SERVER:                     text-align: center;

[23-Apr-2025 10:11:02 Europe/Berlin] SMTP Debug: CLIENT -> SERVER:                     font-size: 24px;

[23-Apr-2025 10:11:02 Europe/Berlin] SMTP Debug: CLIENT -> SERVER:                     font-weight: bold;

[23-Apr-2025 10:11:02 Europe/Berlin] SMTP Debug: CLIENT -> SERVER:                     letter-spacing: 5px;

[23-Apr-2025 10:11:02 Europe/Berlin] SMTP Debug: CLIENT -> SERVER:                 }

[23-Apr-2025 10:11:02 Europe/Berlin] SMTP Debug: CLIENT -> SERVER:                 .footer {

[23-Apr-2025 10:11:02 Europe/Berlin] SMTP Debug: CLIENT -> SERVER:                     text-align: center;

[23-Apr-2025 10:11:02 Europe/Berlin] SMTP Debug: CLIENT -> SERVER:                     font-size: 12px;

[23-Apr-2025 10:11:02 Europe/Berlin] SMTP Debug: CLIENT -> SERVER:                     color: #777;

[23-Apr-2025 10:11:02 Europe/Berlin] SMTP Debug: CLIENT -> SERVER:                     padding: 20px;

[23-Apr-2025 10:11:02 Europe/Berlin] SMTP Debug: CLIENT -> SERVER:                     background-color: #fafafa;

[23-Apr-2025 10:11:02 Europe/Berlin] SMTP Debug: CLIENT -> SERVER:                 }

[23-Apr-2025 10:11:02 Europe/Berlin] SMTP Debug: CLIENT -> SERVER:             </style>

[23-Apr-2025 10:11:02 Europe/Berlin] SMTP Debug: CLIENT -> SERVER:         </head>

[23-Apr-2025 10:11:02 Europe/Berlin] SMTP Debug: CLIENT -> SERVER:         <body>

[23-Apr-2025 10:11:02 Europe/Berlin] SMTP Debug: CLIENT -> SERVER:             <div class='container'>

[23-Apr-2025 10:11:02 Europe/Berlin] SMTP Debug: CLIENT -> SERVER:                 <div class='header'>

[23-Apr-2025 10:11:02 Europe/Berlin] SMTP Debug: CLIENT -> SERVER:                     <h2>🔐 OTP for Login</h2>

[23-Apr-2025 10:11:02 Europe/Berlin] SMTP Debug: CLIENT -> SERVER:                 </div>

[23-Apr-2025 10:11:02 Europe/Berlin] SMTP Debug: CLIENT -> SERVER:                 <div class='content'>

[23-Apr-2025 10:11:02 Europe/Berlin] SMTP Debug: CLIENT -> SERVER:                     <p>Hello Shashank,</p>

[23-Apr-2025 10:11:02 Europe/Berlin] SMTP Debug: CLIENT -> SERVER:                     <p>Your OTP for login is:</p>

[23-Apr-2025 10:11:02 Europe/Berlin] SMTP Debug: CLIENT -> SERVER:                     <div class='otp-box'>

[23-Apr-2025 10:11:02 Europe/Berlin] SMTP Debug: CLIENT -> SERVER:                         635367

[23-Apr-2025 10:11:02 Europe/Berlin] SMTP Debug: CLIENT -> SERVER:                     </div>

[23-Apr-2025 10:11:02 Europe/Berlin] SMTP Debug: CLIENT -> SERVER:                     <p>This OTP will expire in 5 minutes.</p>

[23-Apr-2025 10:11:02 Europe/Berlin] SMTP Debug: CLIENT -> SERVER:                     <p>If you didn't request this OTP, please ignore this email.</p>

[23-Apr-2025 10:11:02 Europe/Berlin] SMTP Debug: CLIENT -> SERVER:                 </div>

[23-Apr-2025 10:11:02 Europe/Berlin] SMTP Debug: CLIENT -> SERVER:                 <div class='footer'>

[23-Apr-2025 10:11:02 Europe/Berlin] SMTP Debug: CLIENT -> SERVER:                     <p>This is an automated message, please do not reply.</p>

[23-Apr-2025 10:11:02 Europe/Berlin] SMTP Debug: CLIENT -> SERVER:                 </div>

[23-Apr-2025 10:11:02 Europe/Berlin] SMTP Debug: CLIENT -> SERVER:             </div>

[23-Apr-2025 10:11:02 Europe/Berlin] SMTP Debug: CLIENT -> SERVER:         </body>

[23-Apr-2025 10:11:02 Europe/Berlin] SMTP Debug: CLIENT -> SERVER:         </html>

[23-Apr-2025 10:11:02 Europe/Berlin] SMTP Debug: CLIENT -> SERVER: 

[23-Apr-2025 10:11:02 Europe/Berlin] SMTP Debug: CLIENT -> SERVER: 

[23-Apr-2025 10:11:02 Europe/Berlin] SMTP Debug: CLIENT -> SERVER: --b1=_BrrL54SfIr1AchMx9MgUMVHBwcViMCNUH1e50RYc--

[23-Apr-2025 10:11:02 Europe/Berlin] SMTP Debug: CLIENT -> SERVER: 

[23-Apr-2025 10:11:02 Europe/Berlin] SMTP Debug: CLIENT -> SERVER: .

[23-Apr-2025 10:11:03 Europe/Berlin] SMTP Debug: SERVER -> CLIENT: 250 2.0.0 OK  1745396000 d9443c01a7336-22c50eb4816sm97890215ad.131 - gsmtp

[23-Apr-2025 10:11:03 Europe/Berlin] SMTP Debug: CLIENT -> SERVER: QUIT

[23-Apr-2025 10:11:03 Europe/Berlin] SMTP Debug: SERVER -> CLIENT: 221 2.0.0 closing connection d9443c01a7336-22c50eb4816sm97890215ad.131 - gsmtp

[23-Apr-2025 10:12:32 Europe/Berlin] SMTP Debug: SERVER -> CLIENT: 220 smtp.gmail.com ESMTP d9443c01a7336-22c50ecec54sm98137615ad.168 - gsmtp

[23-Apr-2025 10:12:32 Europe/Berlin] SMTP Debug: CLIENT -> SERVER: EHLO localhost

[23-Apr-2025 10:12:32 Europe/Berlin] SMTP Debug: SERVER -> CLIENT: 250-smtp.gmail.com at your service, [2409:40d1:1026:7203:7497:7a7b:b374:5990]
250-SIZE 35882577
250-8BITMIME
250-STARTTLS
250-ENHANCEDSTATUSCODES
250-PIPELINING
250-CHUNKING
250 SMTPUTF8

[23-Apr-2025 10:12:32 Europe/Berlin] SMTP Debug: CLIENT -> SERVER: STARTTLS

[23-Apr-2025 10:12:33 Europe/Berlin] SMTP Debug: SERVER -> CLIENT: 220 2.0.0 Ready to start TLS

[23-Apr-2025 10:12:33 Europe/Berlin] SMTP Debug: CLIENT -> SERVER: EHLO localhost

[23-Apr-2025 10:12:33 Europe/Berlin] SMTP Debug: SERVER -> CLIENT: 250-smtp.gmail.com at your service, [2409:40d1:1026:7203:7497:7a7b:b374:5990]
250-SIZE 35882577
250-8BITMIME
250-AUTH LOGIN PLAIN XOAUTH2 PLAIN-CLIENTTOKEN OAUTHBEARER XOAUTH
250-ENHANCEDSTATUSCODES
250-PIPELINING
250-CHUNKING
250 SMTPUTF8

[23-Apr-2025 10:12:33 Europe/Berlin] SMTP Debug: CLIENT -> SERVER: AUTH LOGIN

[23-Apr-2025 10:12:33 Europe/Berlin] SMTP Debug: SERVER -> CLIENT: 334 VXNlcm5hbWU6

[23-Apr-2025 10:12:33 Europe/Berlin] SMTP Debug: CLIENT -> SERVER: [credentials hidden]
[23-Apr-2025 10:12:34 Europe/Berlin] SMTP Debug: SERVER -> CLIENT: 334 UGFzc3dvcmQ6

[23-Apr-2025 10:12:34 Europe/Berlin] SMTP Debug: CLIENT -> SERVER: [credentials hidden]
[23-Apr-2025 10:12:34 Europe/Berlin] SMTP Debug: SERVER -> CLIENT: 235 2.7.0 Accepted

[23-Apr-2025 10:12:34 Europe/Berlin] SMTP Debug: CLIENT -> SERVER: MAIL FROM:<shashanksaket9@gmail.com>

[23-Apr-2025 10:12:34 Europe/Berlin] SMTP Debug: SERVER -> CLIENT: 250 2.1.0 OK d9443c01a7336-22c50ecec54sm98137615ad.168 - gsmtp

[23-Apr-2025 10:12:34 Europe/Berlin] SMTP Debug: CLIENT -> SERVER: RCPT TO:<shashanksaket9@gmail.com>

[23-Apr-2025 10:12:35 Europe/Berlin] SMTP Debug: SERVER -> CLIENT: 250 2.1.5 OK d9443c01a7336-22c50ecec54sm98137615ad.168 - gsmtp

[23-Apr-2025 10:12:35 Europe/Berlin] SMTP Debug: CLIENT -> SERVER: DATA

[23-Apr-2025 10:12:35 Europe/Berlin] SMTP Debug: SERVER -> CLIENT: 354 Go ahead d9443c01a7336-22c50ecec54sm98137615ad.168 - gsmtp

[23-Apr-2025 10:12:35 Europe/Berlin] SMTP Debug: CLIENT -> SERVER: Date: Wed, 23 Apr 2025 10:12:32 +0200

[23-Apr-2025 10:12:35 Europe/Berlin] SMTP Debug: CLIENT -> SERVER: To: Shashank Singh <shashanksaket9@gmail.com>

[23-Apr-2025 10:12:35 Europe/Berlin] SMTP Debug: CLIENT -> SERVER: From: Ayndrome <shashanksaket9@gmail.com>

[23-Apr-2025 10:12:35 Europe/Berlin] SMTP Debug: CLIENT -> SERVER: Subject: Your OTP for Login - Ayndrome

[23-Apr-2025 10:12:35 Europe/Berlin] SMTP Debug: CLIENT -> SERVER: Message-ID: <y3zh120o8NgZOFXwNqOSEoAyxdFqYAxdo9XA3o4CDEQ@localhost>

[23-Apr-2025 10:12:35 Europe/Berlin] SMTP Debug: CLIENT -> SERVER: X-Mailer: PHPMailer 6.9.3 (https://github.com/PHPMailer/PHPMailer)

[23-Apr-2025 10:12:35 Europe/Berlin] SMTP Debug: CLIENT -> SERVER: MIME-Version: 1.0

[23-Apr-2025 10:12:35 Europe/Berlin] SMTP Debug: CLIENT -> SERVER: Content-Type: multipart/alternative;

[23-Apr-2025 10:12:35 Europe/Berlin] SMTP Debug: CLIENT -> SERVER:  boundary="b1=_y3zh120o8NgZOFXwNqOSEoAyxdFqYAxdo9XA3o4CDEQ"

[23-Apr-2025 10:12:35 Europe/Berlin] SMTP Debug: CLIENT -> SERVER: Content-Transfer-Encoding: 8bit

[23-Apr-2025 10:12:35 Europe/Berlin] SMTP Debug: CLIENT -> SERVER: 

[23-Apr-2025 10:12:35 Europe/Berlin] SMTP Debug: CLIENT -> SERVER: --b1=_y3zh120o8NgZOFXwNqOSEoAyxdFqYAxdo9XA3o4CDEQ

[23-Apr-2025 10:12:35 Europe/Berlin] SMTP Debug: CLIENT -> SERVER: Content-Type: text/plain; charset=iso-8859-1

[23-Apr-2025 10:12:35 Europe/Berlin] SMTP Debug: CLIENT -> SERVER: Content-Transfer-Encoding: 8bit

[23-Apr-2025 10:12:35 Europe/Berlin] SMTP Debug: CLIENT -> SERVER: 

[23-Apr-2025 10:12:35 Europe/Berlin] SMTP Debug: CLIENT -> SERVER: 

[23-Apr-2025 10:12:35 Europe/Berlin] SMTP Debug: CLIENT -> SERVER:         

[23-Apr-2025 10:12:35 Europe/Berlin] SMTP Debug: CLIENT -> SERVER:         

[23-Apr-2025 10:12:35 Europe/Berlin] SMTP Debug: CLIENT -> SERVER:             

[23-Apr-2025 10:12:35 Europe/Berlin] SMTP Debug: CLIENT -> SERVER:                 body {

[23-Apr-2025 10:12:35 Europe/Berlin] SMTP Debug: CLIENT -> SERVER:                     font-family: 'Segoe UI', Tahoma, Geneva, Verdana, sans-serif;

[23-Apr-2025 10:12:35 Europe/Berlin] SMTP Debug: CLIENT -> SERVER:                     background-color: #f4f4f4;

[23-Apr-2025 10:12:35 Europe/Berlin] SMTP Debug: CLIENT -> SERVER:                     margin: 0;

[23-Apr-2025 10:12:35 Europe/Berlin] SMTP Debug: CLIENT -> SERVER:                     padding: 0;

[23-Apr-2025 10:12:35 Europe/Berlin] SMTP Debug: CLIENT -> SERVER:                 }

[23-Apr-2025 10:12:35 Europe/Berlin] SMTP Debug: CLIENT -> SERVER:                 .container {

[23-Apr-2025 10:12:35 Europe/Berlin] SMTP Debug: CLIENT -> SERVER:                     max-width: 640px;

[23-Apr-2025 10:12:35 Europe/Berlin] SMTP Debug: CLIENT -> SERVER:                     margin: 40px auto;

[23-Apr-2025 10:12:35 Europe/Berlin] SMTP Debug: CLIENT -> SERVER:                     background: #ffffff;

[23-Apr-2025 10:12:35 Europe/Berlin] SMTP Debug: CLIENT -> SERVER:                     border-radius: 10px;

[23-Apr-2025 10:12:35 Europe/Berlin] SMTP Debug: CLIENT -> SERVER:                     box-shadow: 0 2px 8px rgba(0,0,0,0.1);

[23-Apr-2025 10:12:35 Europe/Berlin] SMTP Debug: CLIENT -> SERVER:                     overflow: hidden;

[23-Apr-2025 10:12:35 Europe/Berlin] SMTP Debug: CLIENT -> SERVER:                 }

[23-Apr-2025 10:12:35 Europe/Berlin] SMTP Debug: CLIENT -> SERVER:                 .header {

[23-Apr-2025 10:12:35 Europe/Berlin] SMTP Debug: CLIENT -> SERVER:                     background: rgb(0,51,102);

[23-Apr-2025 10:12:35 Europe/Berlin] SMTP Debug: CLIENT -> SERVER:                     background: linear-gradient(159deg, rgba(0,51,102,1) 0%, rgba(15,82,186,1) 100%);

[23-Apr-2025 10:12:35 Europe/Berlin] SMTP Debug: CLIENT -> SERVER:                     color: #fff;

[23-Apr-2025 10:12:35 Europe/Berlin] SMTP Debug: CLIENT -> SERVER:                     padding: 30px 20px;

[23-Apr-2025 10:12:35 Europe/Berlin] SMTP Debug: CLIENT -> SERVER:                     text-align: center;

[23-Apr-2025 10:12:35 Europe/Berlin] SMTP Debug: CLIENT -> SERVER:                 }

[23-Apr-2025 10:12:35 Europe/Berlin] SMTP Debug: CLIENT -> SERVER:                 .content {

[23-Apr-2025 10:12:35 Europe/Berlin] SMTP Debug: CLIENT -> SERVER:                     padding: 30px 20px;

[23-Apr-2025 10:12:35 Europe/Berlin] SMTP Debug: CLIENT -> SERVER:                     color: #333;

[23-Apr-2025 10:12:35 Europe/Berlin] SMTP Debug: CLIENT -> SERVER:                 }

[23-Apr-2025 10:12:35 Europe/Berlin] SMTP Debug: CLIENT -> SERVER:                 .otp-box {

[23-Apr-2025 10:12:35 Europe/Berlin] SMTP Debug: CLIENT -> SERVER:                     margin-top: 20px;

[23-Apr-2025 10:12:35 Europe/Berlin] SMTP Debug: CLIENT -> SERVER:                     background-color: #f9f9f9;

[23-Apr-2025 10:12:35 Europe/Berlin] SMTP Debug: CLIENT -> SERVER:                     padding: 20px;

[23-Apr-2025 10:12:35 Europe/Berlin] SMTP Debug: CLIENT -> SERVER:                     border-left: 4px solid #8E2DE2;

[23-Apr-2025 10:12:35 Europe/Berlin] SMTP Debug: CLIENT -> SERVER:                     border-radius: 5px;

[23-Apr-2025 10:12:35 Europe/Berlin] SMTP Debug: CLIENT -> SERVER:                     text-align: center;

[23-Apr-2025 10:12:35 Europe/Berlin] SMTP Debug: CLIENT -> SERVER:                     font-size: 24px;

[23-Apr-2025 10:12:35 Europe/Berlin] SMTP Debug: CLIENT -> SERVER:                     font-weight: bold;

[23-Apr-2025 10:12:35 Europe/Berlin] SMTP Debug: CLIENT -> SERVER:                     letter-spacing: 5px;

[23-Apr-2025 10:12:35 Europe/Berlin] SMTP Debug: CLIENT -> SERVER:                 }

[23-Apr-2025 10:12:35 Europe/Berlin] SMTP Debug: CLIENT -> SERVER:                 .footer {

[23-Apr-2025 10:12:35 Europe/Berlin] SMTP Debug: CLIENT -> SERVER:                     text-align: center;

[23-Apr-2025 10:12:35 Europe/Berlin] SMTP Debug: CLIENT -> SERVER:                     font-size: 12px;

[23-Apr-2025 10:12:35 Europe/Berlin] SMTP Debug: CLIENT -> SERVER:                     color: #777;

[23-Apr-2025 10:12:35 Europe/Berlin] SMTP Debug: CLIENT -> SERVER:                     padding: 20px;

[23-Apr-2025 10:12:35 Europe/Berlin] SMTP Debug: CLIENT -> SERVER:                     background-color: #fafafa;

[23-Apr-2025 10:12:35 Europe/Berlin] SMTP Debug: CLIENT -> SERVER:                 }

[23-Apr-2025 10:12:35 Europe/Berlin] SMTP Debug: CLIENT -> SERVER:             

[23-Apr-2025 10:12:35 Europe/Berlin] SMTP Debug: CLIENT -> SERVER:         

[23-Apr-2025 10:12:35 Europe/Berlin] SMTP Debug: CLIENT -> SERVER:         

[23-Apr-2025 10:12:35 Europe/Berlin] SMTP Debug: CLIENT -> SERVER:             

[23-Apr-2025 10:12:35 Europe/Berlin] SMTP Debug: CLIENT -> SERVER:                 

[23-Apr-2025 10:12:35 Europe/Berlin] SMTP Debug: CLIENT -> SERVER:                     🔐 OTP for Login

[23-Apr-2025 10:12:35 Europe/Berlin] SMTP Debug: CLIENT -> SERVER:                 

[23-Apr-2025 10:12:35 Europe/Berlin] SMTP Debug: CLIENT -> SERVER:                 

[23-Apr-2025 10:12:35 Europe/Berlin] SMTP Debug: CLIENT -> SERVER:                     Hello Shashank,

[23-Apr-2025 10:12:35 Europe/Berlin] SMTP Debug: CLIENT -> SERVER:                     Your OTP for login is:

[23-Apr-2025 10:12:35 Europe/Berlin] SMTP Debug: CLIENT -> SERVER:                     

[23-Apr-2025 10:12:35 Europe/Berlin] SMTP Debug: CLIENT -> SERVER:                         327959

[23-Apr-2025 10:12:35 Europe/Berlin] SMTP Debug: CLIENT -> SERVER:                     

[23-Apr-2025 10:12:35 Europe/Berlin] SMTP Debug: CLIENT -> SERVER:                     This OTP will expire in 5 minutes.

[23-Apr-2025 10:12:35 Europe/Berlin] SMTP Debug: CLIENT -> SERVER:                     If you didn't request this OTP, please ignore this email.

[23-Apr-2025 10:12:35 Europe/Berlin] SMTP Debug: CLIENT -> SERVER:                 

[23-Apr-2025 10:12:35 Europe/Berlin] SMTP Debug: CLIENT -> SERVER:                 

[23-Apr-2025 10:12:35 Europe/Berlin] SMTP Debug: CLIENT -> SERVER:                     This is an automated message, please do not reply.

[23-Apr-2025 10:12:35 Europe/Berlin] SMTP Debug: CLIENT -> SERVER:                 

[23-Apr-2025 10:12:35 Europe/Berlin] SMTP Debug: CLIENT -> SERVER:             

[23-Apr-2025 10:12:35 Europe/Berlin] SMTP Debug: CLIENT -> SERVER:         

[23-Apr-2025 10:12:35 Europe/Berlin] SMTP Debug: CLIENT -> SERVER:         

[23-Apr-2025 10:12:35 Europe/Berlin] SMTP Debug: CLIENT -> SERVER: 

[23-Apr-2025 10:12:35 Europe/Berlin] SMTP Debug: CLIENT -> SERVER: --b1=_y3zh120o8NgZOFXwNqOSEoAyxdFqYAxdo9XA3o4CDEQ

[23-Apr-2025 10:12:35 Europe/Berlin] SMTP Debug: CLIENT -> SERVER: Content-Type: text/html; charset=iso-8859-1

[23-Apr-2025 10:12:35 Europe/Berlin] SMTP Debug: CLIENT -> SERVER: Content-Transfer-Encoding: 8bit

[23-Apr-2025 10:12:35 Europe/Berlin] SMTP Debug: CLIENT -> SERVER: 

[23-Apr-2025 10:12:35 Europe/Berlin] SMTP Debug: CLIENT -> SERVER: 

[23-Apr-2025 10:12:35 Europe/Berlin] SMTP Debug: CLIENT -> SERVER:         <html>

[23-Apr-2025 10:12:35 Europe/Berlin] SMTP Debug: CLIENT -> SERVER:         <head>

[23-Apr-2025 10:12:35 Europe/Berlin] SMTP Debug: CLIENT -> SERVER:             <style>

[23-Apr-2025 10:12:35 Europe/Berlin] SMTP Debug: CLIENT -> SERVER:                 body {

[23-Apr-2025 10:12:35 Europe/Berlin] SMTP Debug: CLIENT -> SERVER:                     font-family: 'Segoe UI', Tahoma, Geneva, Verdana, sans-serif;

[23-Apr-2025 10:12:35 Europe/Berlin] SMTP Debug: CLIENT -> SERVER:                     background-color: #f4f4f4;

[23-Apr-2025 10:12:35 Europe/Berlin] SMTP Debug: CLIENT -> SERVER:                     margin: 0;

[23-Apr-2025 10:12:35 Europe/Berlin] SMTP Debug: CLIENT -> SERVER:                     padding: 0;

[23-Apr-2025 10:12:35 Europe/Berlin] SMTP Debug: CLIENT -> SERVER:                 }

[23-Apr-2025 10:12:35 Europe/Berlin] SMTP Debug: CLIENT -> SERVER:                 .container {

[23-Apr-2025 10:12:35 Europe/Berlin] SMTP Debug: CLIENT -> SERVER:                     max-width: 640px;

[23-Apr-2025 10:12:35 Europe/Berlin] SMTP Debug: CLIENT -> SERVER:                     margin: 40px auto;

[23-Apr-2025 10:12:35 Europe/Berlin] SMTP Debug: CLIENT -> SERVER:                     background: #ffffff;

[23-Apr-2025 10:12:35 Europe/Berlin] SMTP Debug: CLIENT -> SERVER:                     border-radius: 10px;

[23-Apr-2025 10:12:35 Europe/Berlin] SMTP Debug: CLIENT -> SERVER:                     box-shadow: 0 2px 8px rgba(0,0,0,0.1);

[23-Apr-2025 10:12:35 Europe/Berlin] SMTP Debug: CLIENT -> SERVER:                     overflow: hidden;

[23-Apr-2025 10:12:35 Europe/Berlin] SMTP Debug: CLIENT -> SERVER:                 }

[23-Apr-2025 10:12:35 Europe/Berlin] SMTP Debug: CLIENT -> SERVER:                 .header {

[23-Apr-2025 10:12:35 Europe/Berlin] SMTP Debug: CLIENT -> SERVER:                     background: rgb(0,51,102);

[23-Apr-2025 10:12:35 Europe/Berlin] SMTP Debug: CLIENT -> SERVER:                     background: linear-gradient(159deg, rgba(0,51,102,1) 0%, rgba(15,82,186,1) 100%);

[23-Apr-2025 10:12:35 Europe/Berlin] SMTP Debug: CLIENT -> SERVER:                     color: #fff;

[23-Apr-2025 10:12:35 Europe/Berlin] SMTP Debug: CLIENT -> SERVER:                     padding: 30px 20px;

[23-Apr-2025 10:12:35 Europe/Berlin] SMTP Debug: CLIENT -> SERVER:                     text-align: center;

[23-Apr-2025 10:12:35 Europe/Berlin] SMTP Debug: CLIENT -> SERVER:                 }

[23-Apr-2025 10:12:35 Europe/Berlin] SMTP Debug: CLIENT -> SERVER:                 .content {

[23-Apr-2025 10:12:35 Europe/Berlin] SMTP Debug: CLIENT -> SERVER:                     padding: 30px 20px;

[23-Apr-2025 10:12:35 Europe/Berlin] SMTP Debug: CLIENT -> SERVER:                     color: #333;

[23-Apr-2025 10:12:35 Europe/Berlin] SMTP Debug: CLIENT -> SERVER:                 }

[23-Apr-2025 10:12:35 Europe/Berlin] SMTP Debug: CLIENT -> SERVER:                 .otp-box {

[23-Apr-2025 10:12:35 Europe/Berlin] SMTP Debug: CLIENT -> SERVER:                     margin-top: 20px;

[23-Apr-2025 10:12:35 Europe/Berlin] SMTP Debug: CLIENT -> SERVER:                     background-color: #f9f9f9;

[23-Apr-2025 10:12:35 Europe/Berlin] SMTP Debug: CLIENT -> SERVER:                     padding: 20px;

[23-Apr-2025 10:12:35 Europe/Berlin] SMTP Debug: CLIENT -> SERVER:                     border-left: 4px solid #8E2DE2;

[23-Apr-2025 10:12:35 Europe/Berlin] SMTP Debug: CLIENT -> SERVER:                     border-radius: 5px;

[23-Apr-2025 10:12:35 Europe/Berlin] SMTP Debug: CLIENT -> SERVER:                     text-align: center;

[23-Apr-2025 10:12:35 Europe/Berlin] SMTP Debug: CLIENT -> SERVER:                     font-size: 24px;

[23-Apr-2025 10:12:35 Europe/Berlin] SMTP Debug: CLIENT -> SERVER:                     font-weight: bold;

[23-Apr-2025 10:12:35 Europe/Berlin] SMTP Debug: CLIENT -> SERVER:                     letter-spacing: 5px;

[23-Apr-2025 10:12:35 Europe/Berlin] SMTP Debug: CLIENT -> SERVER:                 }

[23-Apr-2025 10:12:35 Europe/Berlin] SMTP Debug: CLIENT -> SERVER:                 .footer {

[23-Apr-2025 10:12:35 Europe/Berlin] SMTP Debug: CLIENT -> SERVER:                     text-align: center;

[23-Apr-2025 10:12:35 Europe/Berlin] SMTP Debug: CLIENT -> SERVER:                     font-size: 12px;

[23-Apr-2025 10:12:35 Europe/Berlin] SMTP Debug: CLIENT -> SERVER:                     color: #777;

[23-Apr-2025 10:12:35 Europe/Berlin] SMTP Debug: CLIENT -> SERVER:                     padding: 20px;

[23-Apr-2025 10:12:35 Europe/Berlin] SMTP Debug: CLIENT -> SERVER:                     background-color: #fafafa;

[23-Apr-2025 10:12:35 Europe/Berlin] SMTP Debug: CLIENT -> SERVER:                 }

[23-Apr-2025 10:12:35 Europe/Berlin] SMTP Debug: CLIENT -> SERVER:             </style>

[23-Apr-2025 10:12:35 Europe/Berlin] SMTP Debug: CLIENT -> SERVER:         </head>

[23-Apr-2025 10:12:35 Europe/Berlin] SMTP Debug: CLIENT -> SERVER:         <body>

[23-Apr-2025 10:12:35 Europe/Berlin] SMTP Debug: CLIENT -> SERVER:             <div class='container'>

[23-Apr-2025 10:12:35 Europe/Berlin] SMTP Debug: CLIENT -> SERVER:                 <div class='header'>

[23-Apr-2025 10:12:35 Europe/Berlin] SMTP Debug: CLIENT -> SERVER:                     <h2>🔐 OTP for Login</h2>

[23-Apr-2025 10:12:35 Europe/Berlin] SMTP Debug: CLIENT -> SERVER:                 </div>

[23-Apr-2025 10:12:35 Europe/Berlin] SMTP Debug: CLIENT -> SERVER:                 <div class='content'>

[23-Apr-2025 10:12:35 Europe/Berlin] SMTP Debug: CLIENT -> SERVER:                     <p>Hello Shashank,</p>

[23-Apr-2025 10:12:35 Europe/Berlin] SMTP Debug: CLIENT -> SERVER:                     <p>Your OTP for login is:</p>

[23-Apr-2025 10:12:35 Europe/Berlin] SMTP Debug: CLIENT -> SERVER:                     <div class='otp-box'>

[23-Apr-2025 10:12:35 Europe/Berlin] SMTP Debug: CLIENT -> SERVER:                         327959

[23-Apr-2025 10:12:35 Europe/Berlin] SMTP Debug: CLIENT -> SERVER:                     </div>

[23-Apr-2025 10:12:35 Europe/Berlin] SMTP Debug: CLIENT -> SERVER:                     <p>This OTP will expire in 5 minutes.</p>

[23-Apr-2025 10:12:35 Europe/Berlin] SMTP Debug: CLIENT -> SERVER:                     <p>If you didn't request this OTP, please ignore this email.</p>

[23-Apr-2025 10:12:35 Europe/Berlin] SMTP Debug: CLIENT -> SERVER:                 </div>

[23-Apr-2025 10:12:35 Europe/Berlin] SMTP Debug: CLIENT -> SERVER:                 <div class='footer'>

[23-Apr-2025 10:12:35 Europe/Berlin] SMTP Debug: CLIENT -> SERVER:                     <p>This is an automated message, please do not reply.</p>

[23-Apr-2025 10:12:35 Europe/Berlin] SMTP Debug: CLIENT -> SERVER:                 </div>

[23-Apr-2025 10:12:35 Europe/Berlin] SMTP Debug: CLIENT -> SERVER:             </div>

[23-Apr-2025 10:12:35 Europe/Berlin] SMTP Debug: CLIENT -> SERVER:         </body>

[23-Apr-2025 10:12:35 Europe/Berlin] SMTP Debug: CLIENT -> SERVER:         </html>

[23-Apr-2025 10:12:35 Europe/Berlin] SMTP Debug: CLIENT -> SERVER: 

[23-Apr-2025 10:12:35 Europe/Berlin] SMTP Debug: CLIENT -> SERVER: 

[23-Apr-2025 10:12:35 Europe/Berlin] SMTP Debug: CLIENT -> SERVER: --b1=_y3zh120o8NgZOFXwNqOSEoAyxdFqYAxdo9XA3o4CDEQ--

[23-Apr-2025 10:12:35 Europe/Berlin] SMTP Debug: CLIENT -> SERVER: 

[23-Apr-2025 10:12:35 Europe/Berlin] SMTP Debug: CLIENT -> SERVER: .

[23-Apr-2025 10:12:36 Europe/Berlin] SMTP Debug: SERVER -> CLIENT: 250 2.0.0 OK  1745396093 d9443c01a7336-22c50ecec54sm98137615ad.168 - gsmtp

[23-Apr-2025 10:12:36 Europe/Berlin] SMTP Debug: CLIENT -> SERVER: QUIT

[23-Apr-2025 10:12:36 Europe/Berlin] SMTP Debug: SERVER -> CLIENT: 221 2.0.0 closing connection d9443c01a7336-22c50ecec54sm98137615ad.168 - gsmtp

[23-Apr-2025 10:18:14 Europe/Berlin] SMTP Debug: SERVER -> CLIENT: 220 smtp.gmail.com ESMTP d9443c01a7336-22c50bf31fasm98596625ad.61 - gsmtp

[23-Apr-2025 10:18:14 Europe/Berlin] SMTP Debug: CLIENT -> SERVER: EHLO localhost

[23-Apr-2025 10:18:14 Europe/Berlin] SMTP Debug: SERVER -> CLIENT: 250-smtp.gmail.com at your service, [2409:40d1:1026:7203:7497:7a7b:b374:5990]
250-SIZE 35882577
250-8BITMIME
250-STARTTLS
250-ENHANCEDSTATUSCODES
250-PIPELINING
250-CHUNKING
250 SMTPUTF8

[23-Apr-2025 10:18:14 Europe/Berlin] SMTP Debug: CLIENT -> SERVER: STARTTLS

[23-Apr-2025 10:18:15 Europe/Berlin] SMTP Debug: SERVER -> CLIENT: 220 2.0.0 Ready to start TLS

[23-Apr-2025 10:18:15 Europe/Berlin] SMTP Debug: CLIENT -> SERVER: EHLO localhost

[23-Apr-2025 10:18:15 Europe/Berlin] SMTP Debug: SERVER -> CLIENT: 250-smtp.gmail.com at your service, [2409:40d1:1026:7203:7497:7a7b:b374:5990]
250-SIZE 35882577
250-8BITMIME
250-AUTH LOGIN PLAIN XOAUTH2 PLAIN-CLIENTTOKEN OAUTHBEARER XOAUTH
250-ENHANCEDSTATUSCODES
250-PIPELINING
250-CHUNKING
250 SMTPUTF8

[23-Apr-2025 10:18:15 Europe/Berlin] SMTP Debug: CLIENT -> SERVER: AUTH LOGIN

[23-Apr-2025 10:18:16 Europe/Berlin] SMTP Debug: SERVER -> CLIENT: 334 VXNlcm5hbWU6

[23-Apr-2025 10:18:16 Europe/Berlin] SMTP Debug: CLIENT -> SERVER: [credentials hidden]
[23-Apr-2025 10:18:16 Europe/Berlin] SMTP Debug: SERVER -> CLIENT: 334 UGFzc3dvcmQ6

[23-Apr-2025 10:18:16 Europe/Berlin] SMTP Debug: CLIENT -> SERVER: [credentials hidden]
[23-Apr-2025 10:18:16 Europe/Berlin] SMTP Debug: SERVER -> CLIENT: 235 2.7.0 Accepted

[23-Apr-2025 10:18:16 Europe/Berlin] SMTP Debug: CLIENT -> SERVER: MAIL FROM:<shashanksaket9@gmail.com>

[23-Apr-2025 10:18:17 Europe/Berlin] SMTP Debug: SERVER -> CLIENT: 250 2.1.0 OK d9443c01a7336-22c50bf31fasm98596625ad.61 - gsmtp

[23-Apr-2025 10:18:17 Europe/Berlin] SMTP Debug: CLIENT -> SERVER: RCPT TO:<shashanksaket9@gmail.com>

[23-Apr-2025 10:18:17 Europe/Berlin] SMTP Debug: SERVER -> CLIENT: 250 2.1.5 OK d9443c01a7336-22c50bf31fasm98596625ad.61 - gsmtp

[23-Apr-2025 10:18:17 Europe/Berlin] SMTP Debug: CLIENT -> SERVER: DATA

[23-Apr-2025 10:18:17 Europe/Berlin] SMTP Debug: SERVER -> CLIENT: 354 Go ahead d9443c01a7336-22c50bf31fasm98596625ad.61 - gsmtp

[23-Apr-2025 10:18:17 Europe/Berlin] SMTP Debug: CLIENT -> SERVER: Date: Wed, 23 Apr 2025 10:18:14 +0200

[23-Apr-2025 10:18:17 Europe/Berlin] SMTP Debug: CLIENT -> SERVER: To: Shashank Singh <shashanksaket9@gmail.com>

[23-Apr-2025 10:18:17 Europe/Berlin] SMTP Debug: CLIENT -> SERVER: From: Ayndrome <shashanksaket9@gmail.com>

[23-Apr-2025 10:18:17 Europe/Berlin] SMTP Debug: CLIENT -> SERVER: Subject: Your OTP for Login - Ayndrome

[23-Apr-2025 10:18:17 Europe/Berlin] SMTP Debug: CLIENT -> SERVER: Message-ID: <eFfMkpTz7LjcHjo5iDpnQqIL1wGwdOPwvpLTPsL5go@localhost>

[23-Apr-2025 10:18:17 Europe/Berlin] SMTP Debug: CLIENT -> SERVER: X-Mailer: PHPMailer 6.9.3 (https://github.com/PHPMailer/PHPMailer)

[23-Apr-2025 10:18:17 Europe/Berlin] SMTP Debug: CLIENT -> SERVER: MIME-Version: 1.0

[23-Apr-2025 10:18:17 Europe/Berlin] SMTP Debug: CLIENT -> SERVER: Content-Type: multipart/alternative;

[23-Apr-2025 10:18:17 Europe/Berlin] SMTP Debug: CLIENT -> SERVER:  boundary="b1=_eFfMkpTz7LjcHjo5iDpnQqIL1wGwdOPwvpLTPsL5go"

[23-Apr-2025 10:18:17 Europe/Berlin] SMTP Debug: CLIENT -> SERVER: Content-Transfer-Encoding: 8bit

[23-Apr-2025 10:18:17 Europe/Berlin] SMTP Debug: CLIENT -> SERVER: 

[23-Apr-2025 10:18:17 Europe/Berlin] SMTP Debug: CLIENT -> SERVER: --b1=_eFfMkpTz7LjcHjo5iDpnQqIL1wGwdOPwvpLTPsL5go

[23-Apr-2025 10:18:17 Europe/Berlin] SMTP Debug: CLIENT -> SERVER: Content-Type: text/plain; charset=iso-8859-1

[23-Apr-2025 10:18:17 Europe/Berlin] SMTP Debug: CLIENT -> SERVER: Content-Transfer-Encoding: 8bit

[23-Apr-2025 10:18:17 Europe/Berlin] SMTP Debug: CLIENT -> SERVER: 

[23-Apr-2025 10:18:17 Europe/Berlin] SMTP Debug: CLIENT -> SERVER: 

[23-Apr-2025 10:18:17 Europe/Berlin] SMTP Debug: CLIENT -> SERVER:         

[23-Apr-2025 10:18:17 Europe/Berlin] SMTP Debug: CLIENT -> SERVER:         

[23-Apr-2025 10:18:17 Europe/Berlin] SMTP Debug: CLIENT -> SERVER:             

[23-Apr-2025 10:18:17 Europe/Berlin] SMTP Debug: CLIENT -> SERVER:                 body {

[23-Apr-2025 10:18:17 Europe/Berlin] SMTP Debug: CLIENT -> SERVER:                     font-family: 'Segoe UI', Tahoma, Geneva, Verdana, sans-serif;

[23-Apr-2025 10:18:17 Europe/Berlin] SMTP Debug: CLIENT -> SERVER:                     background-color: #f4f4f4;

[23-Apr-2025 10:18:17 Europe/Berlin] SMTP Debug: CLIENT -> SERVER:                     margin: 0;

[23-Apr-2025 10:18:17 Europe/Berlin] SMTP Debug: CLIENT -> SERVER:                     padding: 0;

[23-Apr-2025 10:18:17 Europe/Berlin] SMTP Debug: CLIENT -> SERVER:                 }

[23-Apr-2025 10:18:17 Europe/Berlin] SMTP Debug: CLIENT -> SERVER:                 .container {

[23-Apr-2025 10:18:17 Europe/Berlin] SMTP Debug: CLIENT -> SERVER:                     max-width: 640px;

[23-Apr-2025 10:18:17 Europe/Berlin] SMTP Debug: CLIENT -> SERVER:                     margin: 40px auto;

[23-Apr-2025 10:18:17 Europe/Berlin] SMTP Debug: CLIENT -> SERVER:                     background: #ffffff;

[23-Apr-2025 10:18:17 Europe/Berlin] SMTP Debug: CLIENT -> SERVER:                     border-radius: 10px;

[23-Apr-2025 10:18:17 Europe/Berlin] SMTP Debug: CLIENT -> SERVER:                     box-shadow: 0 2px 8px rgba(0,0,0,0.1);

[23-Apr-2025 10:18:17 Europe/Berlin] SMTP Debug: CLIENT -> SERVER:                     overflow: hidden;

[23-Apr-2025 10:18:17 Europe/Berlin] SMTP Debug: CLIENT -> SERVER:                 }

[23-Apr-2025 10:18:17 Europe/Berlin] SMTP Debug: CLIENT -> SERVER:                 .header {

[23-Apr-2025 10:18:17 Europe/Berlin] SMTP Debug: CLIENT -> SERVER:                     background: rgb(0,51,102);

[23-Apr-2025 10:18:17 Europe/Berlin] SMTP Debug: CLIENT -> SERVER:                     background: linear-gradient(159deg, rgba(0,51,102,1) 0%, rgba(15,82,186,1) 100%);

[23-Apr-2025 10:18:17 Europe/Berlin] SMTP Debug: CLIENT -> SERVER:                     color: #fff;

[23-Apr-2025 10:18:17 Europe/Berlin] SMTP Debug: CLIENT -> SERVER:                     padding: 30px 20px;

[23-Apr-2025 10:18:17 Europe/Berlin] SMTP Debug: CLIENT -> SERVER:                     text-align: center;

[23-Apr-2025 10:18:17 Europe/Berlin] SMTP Debug: CLIENT -> SERVER:                 }

[23-Apr-2025 10:18:17 Europe/Berlin] SMTP Debug: CLIENT -> SERVER:                 .content {

[23-Apr-2025 10:18:17 Europe/Berlin] SMTP Debug: CLIENT -> SERVER:                     padding: 30px 20px;

[23-Apr-2025 10:18:17 Europe/Berlin] SMTP Debug: CLIENT -> SERVER:                     color: #333;

[23-Apr-2025 10:18:17 Europe/Berlin] SMTP Debug: CLIENT -> SERVER:                 }

[23-Apr-2025 10:18:17 Europe/Berlin] SMTP Debug: CLIENT -> SERVER:                 .otp-box {

[23-Apr-2025 10:18:17 Europe/Berlin] SMTP Debug: CLIENT -> SERVER:                     margin-top: 20px;

[23-Apr-2025 10:18:17 Europe/Berlin] SMTP Debug: CLIENT -> SERVER:                     background-color: #f9f9f9;

[23-Apr-2025 10:18:17 Europe/Berlin] SMTP Debug: CLIENT -> SERVER:                     padding: 20px;

[23-Apr-2025 10:18:17 Europe/Berlin] SMTP Debug: CLIENT -> SERVER:                     border-left: 4px solid #8E2DE2;

[23-Apr-2025 10:18:17 Europe/Berlin] SMTP Debug: CLIENT -> SERVER:                     border-radius: 5px;

[23-Apr-2025 10:18:17 Europe/Berlin] SMTP Debug: CLIENT -> SERVER:                     text-align: center;

[23-Apr-2025 10:18:17 Europe/Berlin] SMTP Debug: CLIENT -> SERVER:                     font-size: 24px;

[23-Apr-2025 10:18:17 Europe/Berlin] SMTP Debug: CLIENT -> SERVER:                     font-weight: bold;

[23-Apr-2025 10:18:17 Europe/Berlin] SMTP Debug: CLIENT -> SERVER:                     letter-spacing: 5px;

[23-Apr-2025 10:18:17 Europe/Berlin] SMTP Debug: CLIENT -> SERVER:                 }

[23-Apr-2025 10:18:17 Europe/Berlin] SMTP Debug: CLIENT -> SERVER:                 .footer {

[23-Apr-2025 10:18:17 Europe/Berlin] SMTP Debug: CLIENT -> SERVER:                     text-align: center;

[23-Apr-2025 10:18:17 Europe/Berlin] SMTP Debug: CLIENT -> SERVER:                     font-size: 12px;

[23-Apr-2025 10:18:17 Europe/Berlin] SMTP Debug: CLIENT -> SERVER:                     color: #777;

[23-Apr-2025 10:18:17 Europe/Berlin] SMTP Debug: CLIENT -> SERVER:                     padding: 20px;

[23-Apr-2025 10:18:17 Europe/Berlin] SMTP Debug: CLIENT -> SERVER:                     background-color: #fafafa;

[23-Apr-2025 10:18:17 Europe/Berlin] SMTP Debug: CLIENT -> SERVER:                 }

[23-Apr-2025 10:18:17 Europe/Berlin] SMTP Debug: CLIENT -> SERVER:             

[23-Apr-2025 10:18:17 Europe/Berlin] SMTP Debug: CLIENT -> SERVER:         

[23-Apr-2025 10:18:17 Europe/Berlin] SMTP Debug: CLIENT -> SERVER:         

[23-Apr-2025 10:18:17 Europe/Berlin] SMTP Debug: CLIENT -> SERVER:             

[23-Apr-2025 10:18:17 Europe/Berlin] SMTP Debug: CLIENT -> SERVER:                 

[23-Apr-2025 10:18:17 Europe/Berlin] SMTP Debug: CLIENT -> SERVER:                     🔐 OTP for Login

[23-Apr-2025 10:18:17 Europe/Berlin] SMTP Debug: CLIENT -> SERVER:                 

[23-Apr-2025 10:18:17 Europe/Berlin] SMTP Debug: CLIENT -> SERVER:                 

[23-Apr-2025 10:18:17 Europe/Berlin] SMTP Debug: CLIENT -> SERVER:                     Hello Shashank,

[23-Apr-2025 10:18:17 Europe/Berlin] SMTP Debug: CLIENT -> SERVER:                     Your OTP for login is:

[23-Apr-2025 10:18:17 Europe/Berlin] SMTP Debug: CLIENT -> SERVER:                     

[23-Apr-2025 10:18:17 Europe/Berlin] SMTP Debug: CLIENT -> SERVER:                         952097

[23-Apr-2025 10:18:17 Europe/Berlin] SMTP Debug: CLIENT -> SERVER:                     

[23-Apr-2025 10:18:17 Europe/Berlin] SMTP Debug: CLIENT -> SERVER:                     This OTP will expire in 5 minutes.

[23-Apr-2025 10:18:17 Europe/Berlin] SMTP Debug: CLIENT -> SERVER:                     If you didn't request this OTP, please ignore this email.

[23-Apr-2025 10:18:17 Europe/Berlin] SMTP Debug: CLIENT -> SERVER:                 

[23-Apr-2025 10:18:17 Europe/Berlin] SMTP Debug: CLIENT -> SERVER:                 

[23-Apr-2025 10:18:17 Europe/Berlin] SMTP Debug: CLIENT -> SERVER:                     This is an automated message, please do not reply.

[23-Apr-2025 10:18:17 Europe/Berlin] SMTP Debug: CLIENT -> SERVER:                 

[23-Apr-2025 10:18:17 Europe/Berlin] SMTP Debug: CLIENT -> SERVER:             

[23-Apr-2025 10:18:17 Europe/Berlin] SMTP Debug: CLIENT -> SERVER:         

[23-Apr-2025 10:18:17 Europe/Berlin] SMTP Debug: CLIENT -> SERVER:         

[23-Apr-2025 10:18:17 Europe/Berlin] SMTP Debug: CLIENT -> SERVER: 

[23-Apr-2025 10:18:17 Europe/Berlin] SMTP Debug: CLIENT -> SERVER: --b1=_eFfMkpTz7LjcHjo5iDpnQqIL1wGwdOPwvpLTPsL5go

[23-Apr-2025 10:18:17 Europe/Berlin] SMTP Debug: CLIENT -> SERVER: Content-Type: text/html; charset=iso-8859-1

[23-Apr-2025 10:18:17 Europe/Berlin] SMTP Debug: CLIENT -> SERVER: Content-Transfer-Encoding: 8bit

[23-Apr-2025 10:18:17 Europe/Berlin] SMTP Debug: CLIENT -> SERVER: 

[23-Apr-2025 10:18:17 Europe/Berlin] SMTP Debug: CLIENT -> SERVER: 

[23-Apr-2025 10:18:17 Europe/Berlin] SMTP Debug: CLIENT -> SERVER:         <html>

[23-Apr-2025 10:18:17 Europe/Berlin] SMTP Debug: CLIENT -> SERVER:         <head>

[23-Apr-2025 10:18:17 Europe/Berlin] SMTP Debug: CLIENT -> SERVER:             <style>

[23-Apr-2025 10:18:17 Europe/Berlin] SMTP Debug: CLIENT -> SERVER:                 body {

[23-Apr-2025 10:18:17 Europe/Berlin] SMTP Debug: CLIENT -> SERVER:                     font-family: 'Segoe UI', Tahoma, Geneva, Verdana, sans-serif;

[23-Apr-2025 10:18:17 Europe/Berlin] SMTP Debug: CLIENT -> SERVER:                     background-color: #f4f4f4;

[23-Apr-2025 10:18:17 Europe/Berlin] SMTP Debug: CLIENT -> SERVER:                     margin: 0;

[23-Apr-2025 10:18:17 Europe/Berlin] SMTP Debug: CLIENT -> SERVER:                     padding: 0;

[23-Apr-2025 10:18:17 Europe/Berlin] SMTP Debug: CLIENT -> SERVER:                 }

[23-Apr-2025 10:18:17 Europe/Berlin] SMTP Debug: CLIENT -> SERVER:                 .container {

[23-Apr-2025 10:18:17 Europe/Berlin] SMTP Debug: CLIENT -> SERVER:                     max-width: 640px;

[23-Apr-2025 10:18:17 Europe/Berlin] SMTP Debug: CLIENT -> SERVER:                     margin: 40px auto;

[23-Apr-2025 10:18:17 Europe/Berlin] SMTP Debug: CLIENT -> SERVER:                     background: #ffffff;

[23-Apr-2025 10:18:17 Europe/Berlin] SMTP Debug: CLIENT -> SERVER:                     border-radius: 10px;

[23-Apr-2025 10:18:17 Europe/Berlin] SMTP Debug: CLIENT -> SERVER:                     box-shadow: 0 2px 8px rgba(0,0,0,0.1);

[23-Apr-2025 10:18:17 Europe/Berlin] SMTP Debug: CLIENT -> SERVER:                     overflow: hidden;

[23-Apr-2025 10:18:17 Europe/Berlin] SMTP Debug: CLIENT -> SERVER:                 }

[23-Apr-2025 10:18:17 Europe/Berlin] SMTP Debug: CLIENT -> SERVER:                 .header {

[23-Apr-2025 10:18:17 Europe/Berlin] SMTP Debug: CLIENT -> SERVER:                     background: rgb(0,51,102);

[23-Apr-2025 10:18:17 Europe/Berlin] SMTP Debug: CLIENT -> SERVER:                     background: linear-gradient(159deg, rgba(0,51,102,1) 0%, rgba(15,82,186,1) 100%);

[23-Apr-2025 10:18:17 Europe/Berlin] SMTP Debug: CLIENT -> SERVER:                     color: #fff;

[23-Apr-2025 10:18:17 Europe/Berlin] SMTP Debug: CLIENT -> SERVER:                     padding: 30px 20px;

[23-Apr-2025 10:18:17 Europe/Berlin] SMTP Debug: CLIENT -> SERVER:                     text-align: center;

[23-Apr-2025 10:18:17 Europe/Berlin] SMTP Debug: CLIENT -> SERVER:                 }

[23-Apr-2025 10:18:17 Europe/Berlin] SMTP Debug: CLIENT -> SERVER:                 .content {

[23-Apr-2025 10:18:17 Europe/Berlin] SMTP Debug: CLIENT -> SERVER:                     padding: 30px 20px;

[23-Apr-2025 10:18:17 Europe/Berlin] SMTP Debug: CLIENT -> SERVER:                     color: #333;

[23-Apr-2025 10:18:17 Europe/Berlin] SMTP Debug: CLIENT -> SERVER:                 }

[23-Apr-2025 10:18:17 Europe/Berlin] SMTP Debug: CLIENT -> SERVER:                 .otp-box {

[23-Apr-2025 10:18:17 Europe/Berlin] SMTP Debug: CLIENT -> SERVER:                     margin-top: 20px;

[23-Apr-2025 10:18:17 Europe/Berlin] SMTP Debug: CLIENT -> SERVER:                     background-color: #f9f9f9;

[23-Apr-2025 10:18:17 Europe/Berlin] SMTP Debug: CLIENT -> SERVER:                     padding: 20px;

[23-Apr-2025 10:18:17 Europe/Berlin] SMTP Debug: CLIENT -> SERVER:                     border-left: 4px solid #8E2DE2;

[23-Apr-2025 10:18:17 Europe/Berlin] SMTP Debug: CLIENT -> SERVER:                     border-radius: 5px;

[23-Apr-2025 10:18:17 Europe/Berlin] SMTP Debug: CLIENT -> SERVER:                     text-align: center;

[23-Apr-2025 10:18:17 Europe/Berlin] SMTP Debug: CLIENT -> SERVER:                     font-size: 24px;

[23-Apr-2025 10:18:17 Europe/Berlin] SMTP Debug: CLIENT -> SERVER:                     font-weight: bold;

[23-Apr-2025 10:18:17 Europe/Berlin] SMTP Debug: CLIENT -> SERVER:                     letter-spacing: 5px;

[23-Apr-2025 10:18:17 Europe/Berlin] SMTP Debug: CLIENT -> SERVER:                 }

[23-Apr-2025 10:18:17 Europe/Berlin] SMTP Debug: CLIENT -> SERVER:                 .footer {

[23-Apr-2025 10:18:17 Europe/Berlin] SMTP Debug: CLIENT -> SERVER:                     text-align: center;

[23-Apr-2025 10:18:17 Europe/Berlin] SMTP Debug: CLIENT -> SERVER:                     font-size: 12px;

[23-Apr-2025 10:18:17 Europe/Berlin] SMTP Debug: CLIENT -> SERVER:                     color: #777;

[23-Apr-2025 10:18:17 Europe/Berlin] SMTP Debug: CLIENT -> SERVER:                     padding: 20px;

[23-Apr-2025 10:18:17 Europe/Berlin] SMTP Debug: CLIENT -> SERVER:                     background-color: #fafafa;

[23-Apr-2025 10:18:17 Europe/Berlin] SMTP Debug: CLIENT -> SERVER:                 }

[23-Apr-2025 10:18:17 Europe/Berlin] SMTP Debug: CLIENT -> SERVER:             </style>

[23-Apr-2025 10:18:17 Europe/Berlin] SMTP Debug: CLIENT -> SERVER:         </head>

[23-Apr-2025 10:18:17 Europe/Berlin] SMTP Debug: CLIENT -> SERVER:         <body>

[23-Apr-2025 10:18:17 Europe/Berlin] SMTP Debug: CLIENT -> SERVER:             <div class='container'>

[23-Apr-2025 10:18:17 Europe/Berlin] SMTP Debug: CLIENT -> SERVER:                 <div class='header'>

[23-Apr-2025 10:18:17 Europe/Berlin] SMTP Debug: CLIENT -> SERVER:                     <h2>🔐 OTP for Login</h2>

[23-Apr-2025 10:18:17 Europe/Berlin] SMTP Debug: CLIENT -> SERVER:                 </div>

[23-Apr-2025 10:18:17 Europe/Berlin] SMTP Debug: CLIENT -> SERVER:                 <div class='content'>

[23-Apr-2025 10:18:17 Europe/Berlin] SMTP Debug: CLIENT -> SERVER:                     <p>Hello Shashank,</p>

[23-Apr-2025 10:18:17 Europe/Berlin] SMTP Debug: CLIENT -> SERVER:                     <p>Your OTP for login is:</p>

[23-Apr-2025 10:18:17 Europe/Berlin] SMTP Debug: CLIENT -> SERVER:                     <div class='otp-box'>

[23-Apr-2025 10:18:17 Europe/Berlin] SMTP Debug: CLIENT -> SERVER:                         952097

[23-Apr-2025 10:18:17 Europe/Berlin] SMTP Debug: CLIENT -> SERVER:                     </div>

[23-Apr-2025 10:18:17 Europe/Berlin] SMTP Debug: CLIENT -> SERVER:                     <p>This OTP will expire in 5 minutes.</p>

[23-Apr-2025 10:18:17 Europe/Berlin] SMTP Debug: CLIENT -> SERVER:                     <p>If you didn't request this OTP, please ignore this email.</p>

[23-Apr-2025 10:18:17 Europe/Berlin] SMTP Debug: CLIENT -> SERVER:                 </div>

[23-Apr-2025 10:18:17 Europe/Berlin] SMTP Debug: CLIENT -> SERVER:                 <div class='footer'>

[23-Apr-2025 10:18:17 Europe/Berlin] SMTP Debug: CLIENT -> SERVER:                     <p>This is an automated message, please do not reply.</p>

[23-Apr-2025 10:18:17 Europe/Berlin] SMTP Debug: CLIENT -> SERVER:                 </div>

[23-Apr-2025 10:18:17 Europe/Berlin] SMTP Debug: CLIENT -> SERVER:             </div>

[23-Apr-2025 10:18:17 Europe/Berlin] SMTP Debug: CLIENT -> SERVER:         </body>

[23-Apr-2025 10:18:17 Europe/Berlin] SMTP Debug: CLIENT -> SERVER:         </html>

[23-Apr-2025 10:18:17 Europe/Berlin] SMTP Debug: CLIENT -> SERVER: 

[23-Apr-2025 10:18:17 Europe/Berlin] SMTP Debug: CLIENT -> SERVER: 

[23-Apr-2025 10:18:17 Europe/Berlin] SMTP Debug: CLIENT -> SERVER: --b1=_eFfMkpTz7LjcHjo5iDpnQqIL1wGwdOPwvpLTPsL5go--

[23-Apr-2025 10:18:17 Europe/Berlin] SMTP Debug: CLIENT -> SERVER: 

[23-Apr-2025 10:18:17 Europe/Berlin] SMTP Debug: CLIENT -> SERVER: .

[23-Apr-2025 10:18:18 Europe/Berlin] SMTP Debug: SERVER -> CLIENT: 250 2.0.0 OK  1745396436 d9443c01a7336-22c50bf31fasm98596625ad.61 - gsmtp

[23-Apr-2025 10:18:18 Europe/Berlin] SMTP Debug: CLIENT -> SERVER: QUIT

[23-Apr-2025 10:18:19 Europe/Berlin] SMTP Debug: SERVER -> CLIENT: 221 2.0.0 closing connection d9443c01a7336-22c50bf31fasm98596625ad.61 - gsmtp

[23-Apr-2025 10:18:30 Europe/Berlin] Invalid OTP for email: shashanksaket9@gmail.com
[23-Apr-2025 10:23:41 Europe/Berlin] SMTP Debug: SERVER -> CLIENT: 220 smtp.gmail.com ESMTP d9443c01a7336-22c50bde283sm99247995ad.6 - gsmtp

[23-Apr-2025 10:23:41 Europe/Berlin] SMTP Debug: CLIENT -> SERVER: EHLO localhost

[23-Apr-2025 10:23:41 Europe/Berlin] SMTP Debug: SERVER -> CLIENT: 250-smtp.gmail.com at your service, [2409:40d1:1026:7203:7497:7a7b:b374:5990]
250-SIZE 35882577
250-8BITMIME
250-STARTTLS
250-ENHANCEDSTATUSCODES
250-PIPELINING
250-CHUNKING
250 SMTPUTF8

[23-Apr-2025 10:23:41 Europe/Berlin] SMTP Debug: CLIENT -> SERVER: STARTTLS

[23-Apr-2025 10:23:41 Europe/Berlin] SMTP Debug: SERVER -> CLIENT: 220 2.0.0 Ready to start TLS

[23-Apr-2025 10:23:41 Europe/Berlin] SMTP Debug: CLIENT -> SERVER: EHLO localhost

[23-Apr-2025 10:23:42 Europe/Berlin] SMTP Debug: SERVER -> CLIENT: 250-smtp.gmail.com at your service, [2409:40d1:1026:7203:7497:7a7b:b374:5990]
250-SIZE 35882577
250-8BITMIME
250-AUTH LOGIN PLAIN XOAUTH2 PLAIN-CLIENTTOKEN OAUTHBEARER XOAUTH
250-ENHANCEDSTATUSCODES
250-PIPELINING
250-CHUNKING
250 SMTPUTF8

[23-Apr-2025 10:23:42 Europe/Berlin] SMTP Debug: CLIENT -> SERVER: AUTH LOGIN

[23-Apr-2025 10:23:42 Europe/Berlin] SMTP Debug: SERVER -> CLIENT: 334 VXNlcm5hbWU6

[23-Apr-2025 10:23:42 Europe/Berlin] SMTP Debug: CLIENT -> SERVER: [credentials hidden]
[23-Apr-2025 10:23:42 Europe/Berlin] SMTP Debug: SERVER -> CLIENT: 334 UGFzc3dvcmQ6

[23-Apr-2025 10:23:42 Europe/Berlin] SMTP Debug: CLIENT -> SERVER: [credentials hidden]
[23-Apr-2025 10:23:43 Europe/Berlin] SMTP Debug: SERVER -> CLIENT: 235 2.7.0 Accepted

[23-Apr-2025 10:23:43 Europe/Berlin] SMTP Debug: CLIENT -> SERVER: MAIL FROM:<shashanksaket9@gmail.com>

[23-Apr-2025 10:23:43 Europe/Berlin] SMTP Debug: SERVER -> CLIENT: 250 2.1.0 OK d9443c01a7336-22c50bde283sm99247995ad.6 - gsmtp

[23-Apr-2025 10:23:43 Europe/Berlin] SMTP Debug: CLIENT -> SERVER: RCPT TO:<shashanksaket9@gmail.com>

[23-Apr-2025 10:23:43 Europe/Berlin] SMTP Debug: SERVER -> CLIENT: 250 2.1.5 OK d9443c01a7336-22c50bde283sm99247995ad.6 - gsmtp

[23-Apr-2025 10:23:43 Europe/Berlin] SMTP Debug: CLIENT -> SERVER: DATA

[23-Apr-2025 10:23:43 Europe/Berlin] SMTP Debug: SERVER -> CLIENT: 354 Go ahead d9443c01a7336-22c50bde283sm99247995ad.6 - gsmtp

[23-Apr-2025 10:23:43 Europe/Berlin] SMTP Debug: CLIENT -> SERVER: Date: Wed, 23 Apr 2025 10:23:40 +0200

[23-Apr-2025 10:23:43 Europe/Berlin] SMTP Debug: CLIENT -> SERVER: To: Shashank Singh <shashanksaket9@gmail.com>

[23-Apr-2025 10:23:43 Europe/Berlin] SMTP Debug: CLIENT -> SERVER: From: Ayndrome <shashanksaket9@gmail.com>

[23-Apr-2025 10:23:43 Europe/Berlin] SMTP Debug: CLIENT -> SERVER: Subject: Your OTP for Login - Ayndrome

[23-Apr-2025 10:23:43 Europe/Berlin] SMTP Debug: CLIENT -> SERVER: Message-ID: <xI26LLINTEwDtkvWuEBeiRA6RZGlxmqU0ZBoE3VJ41Y@localhost>

[23-Apr-2025 10:23:43 Europe/Berlin] SMTP Debug: CLIENT -> SERVER: X-Mailer: PHPMailer 6.9.3 (https://github.com/PHPMailer/PHPMailer)

[23-Apr-2025 10:23:43 Europe/Berlin] SMTP Debug: CLIENT -> SERVER: MIME-Version: 1.0

[23-Apr-2025 10:23:43 Europe/Berlin] SMTP Debug: CLIENT -> SERVER: Content-Type: multipart/alternative;

[23-Apr-2025 10:23:43 Europe/Berlin] SMTP Debug: CLIENT -> SERVER:  boundary="b1=_xI26LLINTEwDtkvWuEBeiRA6RZGlxmqU0ZBoE3VJ41Y"

[23-Apr-2025 10:23:43 Europe/Berlin] SMTP Debug: CLIENT -> SERVER: Content-Transfer-Encoding: 8bit

[23-Apr-2025 10:23:43 Europe/Berlin] SMTP Debug: CLIENT -> SERVER: 

[23-Apr-2025 10:23:43 Europe/Berlin] SMTP Debug: CLIENT -> SERVER: --b1=_xI26LLINTEwDtkvWuEBeiRA6RZGlxmqU0ZBoE3VJ41Y

[23-Apr-2025 10:23:43 Europe/Berlin] SMTP Debug: CLIENT -> SERVER: Content-Type: text/plain; charset=iso-8859-1

[23-Apr-2025 10:23:43 Europe/Berlin] SMTP Debug: CLIENT -> SERVER: Content-Transfer-Encoding: 8bit

[23-Apr-2025 10:23:43 Europe/Berlin] SMTP Debug: CLIENT -> SERVER: 

[23-Apr-2025 10:23:43 Europe/Berlin] SMTP Debug: CLIENT -> SERVER: 

[23-Apr-2025 10:23:43 Europe/Berlin] SMTP Debug: CLIENT -> SERVER:         

[23-Apr-2025 10:23:43 Europe/Berlin] SMTP Debug: CLIENT -> SERVER:         

[23-Apr-2025 10:23:43 Europe/Berlin] SMTP Debug: CLIENT -> SERVER:             

[23-Apr-2025 10:23:43 Europe/Berlin] SMTP Debug: CLIENT -> SERVER:                 body {

[23-Apr-2025 10:23:43 Europe/Berlin] SMTP Debug: CLIENT -> SERVER:                     font-family: 'Segoe UI', Tahoma, Geneva, Verdana, sans-serif;

[23-Apr-2025 10:23:43 Europe/Berlin] SMTP Debug: CLIENT -> SERVER:                     background-color: #f4f4f4;

[23-Apr-2025 10:23:43 Europe/Berlin] SMTP Debug: CLIENT -> SERVER:                     margin: 0;

[23-Apr-2025 10:23:43 Europe/Berlin] SMTP Debug: CLIENT -> SERVER:                     padding: 0;

[23-Apr-2025 10:23:43 Europe/Berlin] SMTP Debug: CLIENT -> SERVER:                 }

[23-Apr-2025 10:23:43 Europe/Berlin] SMTP Debug: CLIENT -> SERVER:                 .container {

[23-Apr-2025 10:23:43 Europe/Berlin] SMTP Debug: CLIENT -> SERVER:                     max-width: 640px;

[23-Apr-2025 10:23:43 Europe/Berlin] SMTP Debug: CLIENT -> SERVER:                     margin: 40px auto;

[23-Apr-2025 10:23:43 Europe/Berlin] SMTP Debug: CLIENT -> SERVER:                     background: #ffffff;

[23-Apr-2025 10:23:43 Europe/Berlin] SMTP Debug: CLIENT -> SERVER:                     border-radius: 10px;

[23-Apr-2025 10:23:43 Europe/Berlin] SMTP Debug: CLIENT -> SERVER:                     box-shadow: 0 2px 8px rgba(0,0,0,0.1);

[23-Apr-2025 10:23:43 Europe/Berlin] SMTP Debug: CLIENT -> SERVER:                     overflow: hidden;

[23-Apr-2025 10:23:43 Europe/Berlin] SMTP Debug: CLIENT -> SERVER:                 }

[23-Apr-2025 10:23:43 Europe/Berlin] SMTP Debug: CLIENT -> SERVER:                 .header {

[23-Apr-2025 10:23:43 Europe/Berlin] SMTP Debug: CLIENT -> SERVER:                     background: rgb(0,51,102);

[23-Apr-2025 10:23:43 Europe/Berlin] SMTP Debug: CLIENT -> SERVER:                     background: linear-gradient(159deg, rgba(0,51,102,1) 0%, rgba(15,82,186,1) 100%);

[23-Apr-2025 10:23:43 Europe/Berlin] SMTP Debug: CLIENT -> SERVER:                     color: #fff;

[23-Apr-2025 10:23:43 Europe/Berlin] SMTP Debug: CLIENT -> SERVER:                     padding: 30px 20px;

[23-Apr-2025 10:23:43 Europe/Berlin] SMTP Debug: CLIENT -> SERVER:                     text-align: center;

[23-Apr-2025 10:23:43 Europe/Berlin] SMTP Debug: CLIENT -> SERVER:                 }

[23-Apr-2025 10:23:43 Europe/Berlin] SMTP Debug: CLIENT -> SERVER:                 .content {

[23-Apr-2025 10:23:43 Europe/Berlin] SMTP Debug: CLIENT -> SERVER:                     padding: 30px 20px;

[23-Apr-2025 10:23:43 Europe/Berlin] SMTP Debug: CLIENT -> SERVER:                     color: #333;

[23-Apr-2025 10:23:43 Europe/Berlin] SMTP Debug: CLIENT -> SERVER:                 }

[23-Apr-2025 10:23:43 Europe/Berlin] SMTP Debug: CLIENT -> SERVER:                 .otp-box {

[23-Apr-2025 10:23:43 Europe/Berlin] SMTP Debug: CLIENT -> SERVER:                     margin-top: 20px;

[23-Apr-2025 10:23:43 Europe/Berlin] SMTP Debug: CLIENT -> SERVER:                     background-color: #f9f9f9;

[23-Apr-2025 10:23:43 Europe/Berlin] SMTP Debug: CLIENT -> SERVER:                     padding: 20px;

[23-Apr-2025 10:23:43 Europe/Berlin] SMTP Debug: CLIENT -> SERVER:                     border-left: 4px solid #8E2DE2;

[23-Apr-2025 10:23:43 Europe/Berlin] SMTP Debug: CLIENT -> SERVER:                     border-radius: 5px;

[23-Apr-2025 10:23:43 Europe/Berlin] SMTP Debug: CLIENT -> SERVER:                     text-align: center;

[23-Apr-2025 10:23:43 Europe/Berlin] SMTP Debug: CLIENT -> SERVER:                     font-size: 24px;

[23-Apr-2025 10:23:43 Europe/Berlin] SMTP Debug: CLIENT -> SERVER:                     font-weight: bold;

[23-Apr-2025 10:23:43 Europe/Berlin] SMTP Debug: CLIENT -> SERVER:                     letter-spacing: 5px;

[23-Apr-2025 10:23:43 Europe/Berlin] SMTP Debug: CLIENT -> SERVER:                 }

[23-Apr-2025 10:23:43 Europe/Berlin] SMTP Debug: CLIENT -> SERVER:                 .footer {

[23-Apr-2025 10:23:43 Europe/Berlin] SMTP Debug: CLIENT -> SERVER:                     text-align: center;

[23-Apr-2025 10:23:43 Europe/Berlin] SMTP Debug: CLIENT -> SERVER:                     font-size: 12px;

[23-Apr-2025 10:23:43 Europe/Berlin] SMTP Debug: CLIENT -> SERVER:                     color: #777;

[23-Apr-2025 10:23:43 Europe/Berlin] SMTP Debug: CLIENT -> SERVER:                     padding: 20px;

[23-Apr-2025 10:23:43 Europe/Berlin] SMTP Debug: CLIENT -> SERVER:                     background-color: #fafafa;

[23-Apr-2025 10:23:43 Europe/Berlin] SMTP Debug: CLIENT -> SERVER:                 }

[23-Apr-2025 10:23:43 Europe/Berlin] SMTP Debug: CLIENT -> SERVER:             

[23-Apr-2025 10:23:43 Europe/Berlin] SMTP Debug: CLIENT -> SERVER:         

[23-Apr-2025 10:23:43 Europe/Berlin] SMTP Debug: CLIENT -> SERVER:         

[23-Apr-2025 10:23:43 Europe/Berlin] SMTP Debug: CLIENT -> SERVER:             

[23-Apr-2025 10:23:43 Europe/Berlin] SMTP Debug: CLIENT -> SERVER:                 

[23-Apr-2025 10:23:43 Europe/Berlin] SMTP Debug: CLIENT -> SERVER:                     🔐 OTP for Login

[23-Apr-2025 10:23:43 Europe/Berlin] SMTP Debug: CLIENT -> SERVER:                 

[23-Apr-2025 10:23:43 Europe/Berlin] SMTP Debug: CLIENT -> SERVER:                 

[23-Apr-2025 10:23:43 Europe/Berlin] SMTP Debug: CLIENT -> SERVER:                     Hello Shashank,

[23-Apr-2025 10:23:43 Europe/Berlin] SMTP Debug: CLIENT -> SERVER:                     Your OTP for login is:

[23-Apr-2025 10:23:43 Europe/Berlin] SMTP Debug: CLIENT -> SERVER:                     

[23-Apr-2025 10:23:43 Europe/Berlin] SMTP Debug: CLIENT -> SERVER:                         817523

[23-Apr-2025 10:23:43 Europe/Berlin] SMTP Debug: CLIENT -> SERVER:                     

[23-Apr-2025 10:23:43 Europe/Berlin] SMTP Debug: CLIENT -> SERVER:                     This OTP will expire in 5 minutes.

[23-Apr-2025 10:23:43 Europe/Berlin] SMTP Debug: CLIENT -> SERVER:                     If you didn't request this OTP, please ignore this email.

[23-Apr-2025 10:23:43 Europe/Berlin] SMTP Debug: CLIENT -> SERVER:                 

[23-Apr-2025 10:23:44 Europe/Berlin] SMTP Debug: CLIENT -> SERVER:                 

[23-Apr-2025 10:23:44 Europe/Berlin] SMTP Debug: CLIENT -> SERVER:                     This is an automated message, please do not reply.

[23-Apr-2025 10:23:44 Europe/Berlin] SMTP Debug: CLIENT -> SERVER:                 

[23-Apr-2025 10:23:44 Europe/Berlin] SMTP Debug: CLIENT -> SERVER:             

[23-Apr-2025 10:23:44 Europe/Berlin] SMTP Debug: CLIENT -> SERVER:         

[23-Apr-2025 10:23:44 Europe/Berlin] SMTP Debug: CLIENT -> SERVER:         

[23-Apr-2025 10:23:44 Europe/Berlin] SMTP Debug: CLIENT -> SERVER: 

[23-Apr-2025 10:23:44 Europe/Berlin] SMTP Debug: CLIENT -> SERVER: --b1=_xI26LLINTEwDtkvWuEBeiRA6RZGlxmqU0ZBoE3VJ41Y

[23-Apr-2025 10:23:44 Europe/Berlin] SMTP Debug: CLIENT -> SERVER: Content-Type: text/html; charset=iso-8859-1

[23-Apr-2025 10:23:44 Europe/Berlin] SMTP Debug: CLIENT -> SERVER: Content-Transfer-Encoding: 8bit

[23-Apr-2025 10:23:44 Europe/Berlin] SMTP Debug: CLIENT -> SERVER: 

[23-Apr-2025 10:23:44 Europe/Berlin] SMTP Debug: CLIENT -> SERVER: 

[23-Apr-2025 10:23:44 Europe/Berlin] SMTP Debug: CLIENT -> SERVER:         <html>

[23-Apr-2025 10:23:44 Europe/Berlin] SMTP Debug: CLIENT -> SERVER:         <head>

[23-Apr-2025 10:23:44 Europe/Berlin] SMTP Debug: CLIENT -> SERVER:             <style>

[23-Apr-2025 10:23:44 Europe/Berlin] SMTP Debug: CLIENT -> SERVER:                 body {

[23-Apr-2025 10:23:44 Europe/Berlin] SMTP Debug: CLIENT -> SERVER:                     font-family: 'Segoe UI', Tahoma, Geneva, Verdana, sans-serif;

[23-Apr-2025 10:23:44 Europe/Berlin] SMTP Debug: CLIENT -> SERVER:                     background-color: #f4f4f4;

[23-Apr-2025 10:23:44 Europe/Berlin] SMTP Debug: CLIENT -> SERVER:                     margin: 0;

[23-Apr-2025 10:23:44 Europe/Berlin] SMTP Debug: CLIENT -> SERVER:                     padding: 0;

[23-Apr-2025 10:23:44 Europe/Berlin] SMTP Debug: CLIENT -> SERVER:                 }

[23-Apr-2025 10:23:44 Europe/Berlin] SMTP Debug: CLIENT -> SERVER:                 .container {

[23-Apr-2025 10:23:44 Europe/Berlin] SMTP Debug: CLIENT -> SERVER:                     max-width: 640px;

[23-Apr-2025 10:23:44 Europe/Berlin] SMTP Debug: CLIENT -> SERVER:                     margin: 40px auto;

[23-Apr-2025 10:23:44 Europe/Berlin] SMTP Debug: CLIENT -> SERVER:                     background: #ffffff;

[23-Apr-2025 10:23:44 Europe/Berlin] SMTP Debug: CLIENT -> SERVER:                     border-radius: 10px;

[23-Apr-2025 10:23:44 Europe/Berlin] SMTP Debug: CLIENT -> SERVER:                     box-shadow: 0 2px 8px rgba(0,0,0,0.1);

[23-Apr-2025 10:23:44 Europe/Berlin] SMTP Debug: CLIENT -> SERVER:                     overflow: hidden;

[23-Apr-2025 10:23:44 Europe/Berlin] SMTP Debug: CLIENT -> SERVER:                 }

[23-Apr-2025 10:23:44 Europe/Berlin] SMTP Debug: CLIENT -> SERVER:                 .header {

[23-Apr-2025 10:23:44 Europe/Berlin] SMTP Debug: CLIENT -> SERVER:                     background: rgb(0,51,102);

[23-Apr-2025 10:23:44 Europe/Berlin] SMTP Debug: CLIENT -> SERVER:                     background: linear-gradient(159deg, rgba(0,51,102,1) 0%, rgba(15,82,186,1) 100%);

[23-Apr-2025 10:23:44 Europe/Berlin] SMTP Debug: CLIENT -> SERVER:                     color: #fff;

[23-Apr-2025 10:23:44 Europe/Berlin] SMTP Debug: CLIENT -> SERVER:                     padding: 30px 20px;

[23-Apr-2025 10:23:44 Europe/Berlin] SMTP Debug: CLIENT -> SERVER:                     text-align: center;

[23-Apr-2025 10:23:44 Europe/Berlin] SMTP Debug: CLIENT -> SERVER:                 }

[23-Apr-2025 10:23:44 Europe/Berlin] SMTP Debug: CLIENT -> SERVER:                 .content {

[23-Apr-2025 10:23:44 Europe/Berlin] SMTP Debug: CLIENT -> SERVER:                     padding: 30px 20px;

[23-Apr-2025 10:23:44 Europe/Berlin] SMTP Debug: CLIENT -> SERVER:                     color: #333;

[23-Apr-2025 10:23:44 Europe/Berlin] SMTP Debug: CLIENT -> SERVER:                 }

[23-Apr-2025 10:23:44 Europe/Berlin] SMTP Debug: CLIENT -> SERVER:                 .otp-box {

[23-Apr-2025 10:23:44 Europe/Berlin] SMTP Debug: CLIENT -> SERVER:                     margin-top: 20px;

[23-Apr-2025 10:23:44 Europe/Berlin] SMTP Debug: CLIENT -> SERVER:                     background-color: #f9f9f9;

[23-Apr-2025 10:23:44 Europe/Berlin] SMTP Debug: CLIENT -> SERVER:                     padding: 20px;

[23-Apr-2025 10:23:44 Europe/Berlin] SMTP Debug: CLIENT -> SERVER:                     border-left: 4px solid #8E2DE2;

[23-Apr-2025 10:23:44 Europe/Berlin] SMTP Debug: CLIENT -> SERVER:                     border-radius: 5px;

[23-Apr-2025 10:23:44 Europe/Berlin] SMTP Debug: CLIENT -> SERVER:                     text-align: center;

[23-Apr-2025 10:23:44 Europe/Berlin] SMTP Debug: CLIENT -> SERVER:                     font-size: 24px;

[23-Apr-2025 10:23:44 Europe/Berlin] SMTP Debug: CLIENT -> SERVER:                     font-weight: bold;

[23-Apr-2025 10:23:44 Europe/Berlin] SMTP Debug: CLIENT -> SERVER:                     letter-spacing: 5px;

[23-Apr-2025 10:23:44 Europe/Berlin] SMTP Debug: CLIENT -> SERVER:                 }

[23-Apr-2025 10:23:44 Europe/Berlin] SMTP Debug: CLIENT -> SERVER:                 .footer {

[23-Apr-2025 10:23:44 Europe/Berlin] SMTP Debug: CLIENT -> SERVER:                     text-align: center;

[23-Apr-2025 10:23:44 Europe/Berlin] SMTP Debug: CLIENT -> SERVER:                     font-size: 12px;

[23-Apr-2025 10:23:44 Europe/Berlin] SMTP Debug: CLIENT -> SERVER:                     color: #777;

[23-Apr-2025 10:23:44 Europe/Berlin] SMTP Debug: CLIENT -> SERVER:                     padding: 20px;

[23-Apr-2025 10:23:44 Europe/Berlin] SMTP Debug: CLIENT -> SERVER:                     background-color: #fafafa;

[23-Apr-2025 10:23:44 Europe/Berlin] SMTP Debug: CLIENT -> SERVER:                 }

[23-Apr-2025 10:23:44 Europe/Berlin] SMTP Debug: CLIENT -> SERVER:             </style>

[23-Apr-2025 10:23:44 Europe/Berlin] SMTP Debug: CLIENT -> SERVER:         </head>

[23-Apr-2025 10:23:44 Europe/Berlin] SMTP Debug: CLIENT -> SERVER:         <body>

[23-Apr-2025 10:23:44 Europe/Berlin] SMTP Debug: CLIENT -> SERVER:             <div class='container'>

[23-Apr-2025 10:23:44 Europe/Berlin] SMTP Debug: CLIENT -> SERVER:                 <div class='header'>

[23-Apr-2025 10:23:44 Europe/Berlin] SMTP Debug: CLIENT -> SERVER:                     <h2>🔐 OTP for Login</h2>

[23-Apr-2025 10:23:44 Europe/Berlin] SMTP Debug: CLIENT -> SERVER:                 </div>

[23-Apr-2025 10:23:44 Europe/Berlin] SMTP Debug: CLIENT -> SERVER:                 <div class='content'>

[23-Apr-2025 10:23:44 Europe/Berlin] SMTP Debug: CLIENT -> SERVER:                     <p>Hello Shashank,</p>

[23-Apr-2025 10:23:44 Europe/Berlin] SMTP Debug: CLIENT -> SERVER:                     <p>Your OTP for login is:</p>

[23-Apr-2025 10:23:44 Europe/Berlin] SMTP Debug: CLIENT -> SERVER:                     <div class='otp-box'>

[23-Apr-2025 10:23:44 Europe/Berlin] SMTP Debug: CLIENT -> SERVER:                         817523

[23-Apr-2025 10:23:44 Europe/Berlin] SMTP Debug: CLIENT -> SERVER:                     </div>

[23-Apr-2025 10:23:44 Europe/Berlin] SMTP Debug: CLIENT -> SERVER:                     <p>This OTP will expire in 5 minutes.</p>

[23-Apr-2025 10:23:44 Europe/Berlin] SMTP Debug: CLIENT -> SERVER:                     <p>If you didn't request this OTP, please ignore this email.</p>

[23-Apr-2025 10:23:44 Europe/Berlin] SMTP Debug: CLIENT -> SERVER:                 </div>

[23-Apr-2025 10:23:44 Europe/Berlin] SMTP Debug: CLIENT -> SERVER:                 <div class='footer'>

[23-Apr-2025 10:23:44 Europe/Berlin] SMTP Debug: CLIENT -> SERVER:                     <p>This is an automated message, please do not reply.</p>

[23-Apr-2025 10:23:44 Europe/Berlin] SMTP Debug: CLIENT -> SERVER:                 </div>

[23-Apr-2025 10:23:44 Europe/Berlin] SMTP Debug: CLIENT -> SERVER:             </div>

[23-Apr-2025 10:23:44 Europe/Berlin] SMTP Debug: CLIENT -> SERVER:         </body>

[23-Apr-2025 10:23:44 Europe/Berlin] SMTP Debug: CLIENT -> SERVER:         </html>

[23-Apr-2025 10:23:44 Europe/Berlin] SMTP Debug: CLIENT -> SERVER: 

[23-Apr-2025 10:23:44 Europe/Berlin] SMTP Debug: CLIENT -> SERVER: 

[23-Apr-2025 10:23:44 Europe/Berlin] SMTP Debug: CLIENT -> SERVER: --b1=_xI26LLINTEwDtkvWuEBeiRA6RZGlxmqU0ZBoE3VJ41Y--

[23-Apr-2025 10:23:44 Europe/Berlin] SMTP Debug: CLIENT -> SERVER: 

[23-Apr-2025 10:23:44 Europe/Berlin] SMTP Debug: CLIENT -> SERVER: .

[23-Apr-2025 10:23:44 Europe/Berlin] SMTP Debug: SERVER -> CLIENT: 250 2.0.0 OK  1745396762 d9443c01a7336-22c50bde283sm99247995ad.6 - gsmtp

[23-Apr-2025 10:23:44 Europe/Berlin] SMTP Debug: CLIENT -> SERVER: QUIT

[23-Apr-2025 10:23:45 Europe/Berlin] SMTP Debug: SERVER -> CLIENT: 221 2.0.0 closing connection d9443c01a7336-22c50bde283sm99247995ad.6 - gsmtp

[23-Apr-2025 10:27:35 Europe/Berlin] SMTP Debug: SERVER -> CLIENT: 220 smtp.gmail.com ESMTP d9443c01a7336-22c50fdb805sm98905835ad.216 - gsmtp

[23-Apr-2025 10:27:35 Europe/Berlin] SMTP Debug: CLIENT -> SERVER: EHLO localhost

[23-Apr-2025 10:27:35 Europe/Berlin] SMTP Debug: SERVER -> CLIENT: 250-smtp.gmail.com at your service, [2409:40d1:1026:7203:7497:7a7b:b374:5990]
250-SIZE 35882577
250-8BITMIME
250-STARTTLS
250-ENHANCEDSTATUSCODES
250-PIPELINING
250-CHUNKING
250 SMTPUTF8

[23-Apr-2025 10:27:35 Europe/Berlin] SMTP Debug: CLIENT -> SERVER: STARTTLS

[23-Apr-2025 10:27:35 Europe/Berlin] SMTP Debug: SERVER -> CLIENT: 220 2.0.0 Ready to start TLS

[23-Apr-2025 10:27:35 Europe/Berlin] SMTP Debug: CLIENT -> SERVER: EHLO localhost

[23-Apr-2025 10:27:36 Europe/Berlin] SMTP Debug: SERVER -> CLIENT: 250-smtp.gmail.com at your service, [2409:40d1:1026:7203:7497:7a7b:b374:5990]
250-SIZE 35882577
250-8BITMIME
250-AUTH LOGIN PLAIN XOAUTH2 PLAIN-CLIENTTOKEN OAUTHBEARER XOAUTH
250-ENHANCEDSTATUSCODES
250-PIPELINING
250-CHUNKING
250 SMTPUTF8

[23-Apr-2025 10:27:36 Europe/Berlin] SMTP Debug: CLIENT -> SERVER: AUTH LOGIN

[23-Apr-2025 10:27:36 Europe/Berlin] SMTP Debug: SERVER -> CLIENT: 334 VXNlcm5hbWU6

[23-Apr-2025 10:27:36 Europe/Berlin] SMTP Debug: CLIENT -> SERVER: [credentials hidden]
[23-Apr-2025 10:27:36 Europe/Berlin] SMTP Debug: SERVER -> CLIENT: 334 UGFzc3dvcmQ6

[23-Apr-2025 10:27:36 Europe/Berlin] SMTP Debug: CLIENT -> SERVER: [credentials hidden]
[23-Apr-2025 10:27:37 Europe/Berlin] SMTP Debug: SERVER -> CLIENT: 235 2.7.0 Accepted

[23-Apr-2025 10:27:37 Europe/Berlin] SMTP Debug: CLIENT -> SERVER: MAIL FROM:<shashanksaket9@gmail.com>

[23-Apr-2025 10:27:37 Europe/Berlin] SMTP Debug: SERVER -> CLIENT: 250 2.1.0 OK d9443c01a7336-22c50fdb805sm98905835ad.216 - gsmtp

[23-Apr-2025 10:27:37 Europe/Berlin] SMTP Debug: CLIENT -> SERVER: RCPT TO:<shashanksaket9@gmail.com>

[23-Apr-2025 10:27:37 Europe/Berlin] SMTP Debug: SERVER -> CLIENT: 250 2.1.5 OK d9443c01a7336-22c50fdb805sm98905835ad.216 - gsmtp

[23-Apr-2025 10:27:37 Europe/Berlin] SMTP Debug: CLIENT -> SERVER: DATA

[23-Apr-2025 10:27:38 Europe/Berlin] SMTP Debug: SERVER -> CLIENT: 354 Go ahead d9443c01a7336-22c50fdb805sm98905835ad.216 - gsmtp

[23-Apr-2025 10:27:38 Europe/Berlin] SMTP Debug: CLIENT -> SERVER: Date: Wed, 23 Apr 2025 10:27:34 +0200

[23-Apr-2025 10:27:38 Europe/Berlin] SMTP Debug: CLIENT -> SERVER: To: Shashank Singh <shashanksaket9@gmail.com>

[23-Apr-2025 10:27:38 Europe/Berlin] SMTP Debug: CLIENT -> SERVER: From: Ayndrome <shashanksaket9@gmail.com>

[23-Apr-2025 10:27:38 Europe/Berlin] SMTP Debug: CLIENT -> SERVER: Subject: Your OTP for Login - Ayndrome

[23-Apr-2025 10:27:38 Europe/Berlin] SMTP Debug: CLIENT -> SERVER: Message-ID: <gBBNFpAA01FhOVUv5oXsLuFR3tmA6HD45unLtdljU@localhost>

[23-Apr-2025 10:27:38 Europe/Berlin] SMTP Debug: CLIENT -> SERVER: X-Mailer: PHPMailer 6.9.3 (https://github.com/PHPMailer/PHPMailer)

[23-Apr-2025 10:27:38 Europe/Berlin] SMTP Debug: CLIENT -> SERVER: MIME-Version: 1.0

[23-Apr-2025 10:27:38 Europe/Berlin] SMTP Debug: CLIENT -> SERVER: Content-Type: multipart/alternative;

[23-Apr-2025 10:27:38 Europe/Berlin] SMTP Debug: CLIENT -> SERVER:  boundary="b1=_gBBNFpAA01FhOVUv5oXsLuFR3tmA6HD45unLtdljU"

[23-Apr-2025 10:27:38 Europe/Berlin] SMTP Debug: CLIENT -> SERVER: Content-Transfer-Encoding: 8bit

[23-Apr-2025 10:27:38 Europe/Berlin] SMTP Debug: CLIENT -> SERVER: 

[23-Apr-2025 10:27:38 Europe/Berlin] SMTP Debug: CLIENT -> SERVER: --b1=_gBBNFpAA01FhOVUv5oXsLuFR3tmA6HD45unLtdljU

[23-Apr-2025 10:27:38 Europe/Berlin] SMTP Debug: CLIENT -> SERVER: Content-Type: text/plain; charset=iso-8859-1

[23-Apr-2025 10:27:38 Europe/Berlin] SMTP Debug: CLIENT -> SERVER: Content-Transfer-Encoding: 8bit

[23-Apr-2025 10:27:38 Europe/Berlin] SMTP Debug: CLIENT -> SERVER: 

[23-Apr-2025 10:27:38 Europe/Berlin] SMTP Debug: CLIENT -> SERVER: 

[23-Apr-2025 10:27:38 Europe/Berlin] SMTP Debug: CLIENT -> SERVER:         

[23-Apr-2025 10:27:38 Europe/Berlin] SMTP Debug: CLIENT -> SERVER:         

[23-Apr-2025 10:27:38 Europe/Berlin] SMTP Debug: CLIENT -> SERVER:             

[23-Apr-2025 10:27:38 Europe/Berlin] SMTP Debug: CLIENT -> SERVER:                 body {

[23-Apr-2025 10:27:38 Europe/Berlin] SMTP Debug: CLIENT -> SERVER:                     font-family: 'Segoe UI', Tahoma, Geneva, Verdana, sans-serif;

[23-Apr-2025 10:27:38 Europe/Berlin] SMTP Debug: CLIENT -> SERVER:                     background-color: #f4f4f4;

[23-Apr-2025 10:27:38 Europe/Berlin] SMTP Debug: CLIENT -> SERVER:                     margin: 0;

[23-Apr-2025 10:27:38 Europe/Berlin] SMTP Debug: CLIENT -> SERVER:                     padding: 0;

[23-Apr-2025 10:27:38 Europe/Berlin] SMTP Debug: CLIENT -> SERVER:                 }

[23-Apr-2025 10:27:38 Europe/Berlin] SMTP Debug: CLIENT -> SERVER:                 .container {

[23-Apr-2025 10:27:38 Europe/Berlin] SMTP Debug: CLIENT -> SERVER:                     max-width: 640px;

[23-Apr-2025 10:27:38 Europe/Berlin] SMTP Debug: CLIENT -> SERVER:                     margin: 40px auto;

[23-Apr-2025 10:27:38 Europe/Berlin] SMTP Debug: CLIENT -> SERVER:                     background: #ffffff;

[23-Apr-2025 10:27:38 Europe/Berlin] SMTP Debug: CLIENT -> SERVER:                     border-radius: 10px;

[23-Apr-2025 10:27:38 Europe/Berlin] SMTP Debug: CLIENT -> SERVER:                     box-shadow: 0 2px 8px rgba(0,0,0,0.1);

[23-Apr-2025 10:27:38 Europe/Berlin] SMTP Debug: CLIENT -> SERVER:                     overflow: hidden;

[23-Apr-2025 10:27:38 Europe/Berlin] SMTP Debug: CLIENT -> SERVER:                 }

[23-Apr-2025 10:27:38 Europe/Berlin] SMTP Debug: CLIENT -> SERVER:                 .header {

[23-Apr-2025 10:27:38 Europe/Berlin] SMTP Debug: CLIENT -> SERVER:                     background: rgb(0,51,102);

[23-Apr-2025 10:27:38 Europe/Berlin] SMTP Debug: CLIENT -> SERVER:                     background: linear-gradient(159deg, rgba(0,51,102,1) 0%, rgba(15,82,186,1) 100%);

[23-Apr-2025 10:27:38 Europe/Berlin] SMTP Debug: CLIENT -> SERVER:                     color: #fff;

[23-Apr-2025 10:27:38 Europe/Berlin] SMTP Debug: CLIENT -> SERVER:                     padding: 30px 20px;

[23-Apr-2025 10:27:38 Europe/Berlin] SMTP Debug: CLIENT -> SERVER:                     text-align: center;

[23-Apr-2025 10:27:38 Europe/Berlin] SMTP Debug: CLIENT -> SERVER:                 }

[23-Apr-2025 10:27:38 Europe/Berlin] SMTP Debug: CLIENT -> SERVER:                 .content {

[23-Apr-2025 10:27:38 Europe/Berlin] SMTP Debug: CLIENT -> SERVER:                     padding: 30px 20px;

[23-Apr-2025 10:27:38 Europe/Berlin] SMTP Debug: CLIENT -> SERVER:                     color: #333;

[23-Apr-2025 10:27:38 Europe/Berlin] SMTP Debug: CLIENT -> SERVER:                 }

[23-Apr-2025 10:27:38 Europe/Berlin] SMTP Debug: CLIENT -> SERVER:                 .otp-box {

[23-Apr-2025 10:27:38 Europe/Berlin] SMTP Debug: CLIENT -> SERVER:                     margin-top: 20px;

[23-Apr-2025 10:27:38 Europe/Berlin] SMTP Debug: CLIENT -> SERVER:                     background-color: #f9f9f9;

[23-Apr-2025 10:27:38 Europe/Berlin] SMTP Debug: CLIENT -> SERVER:                     padding: 20px;

[23-Apr-2025 10:27:38 Europe/Berlin] SMTP Debug: CLIENT -> SERVER:                     border-left: 4px solid #8E2DE2;

[23-Apr-2025 10:27:38 Europe/Berlin] SMTP Debug: CLIENT -> SERVER:                     border-radius: 5px;

[23-Apr-2025 10:27:38 Europe/Berlin] SMTP Debug: CLIENT -> SERVER:                     text-align: center;

[23-Apr-2025 10:27:38 Europe/Berlin] SMTP Debug: CLIENT -> SERVER:                     font-size: 24px;

[23-Apr-2025 10:27:38 Europe/Berlin] SMTP Debug: CLIENT -> SERVER:                     font-weight: bold;

[23-Apr-2025 10:27:38 Europe/Berlin] SMTP Debug: CLIENT -> SERVER:                     letter-spacing: 5px;

[23-Apr-2025 10:27:38 Europe/Berlin] SMTP Debug: CLIENT -> SERVER:                 }

[23-Apr-2025 10:27:38 Europe/Berlin] SMTP Debug: CLIENT -> SERVER:                 .footer {

[23-Apr-2025 10:27:38 Europe/Berlin] SMTP Debug: CLIENT -> SERVER:                     text-align: center;

[23-Apr-2025 10:27:38 Europe/Berlin] SMTP Debug: CLIENT -> SERVER:                     font-size: 12px;

[23-Apr-2025 10:27:38 Europe/Berlin] SMTP Debug: CLIENT -> SERVER:                     color: #777;

[23-Apr-2025 10:27:38 Europe/Berlin] SMTP Debug: CLIENT -> SERVER:                     padding: 20px;

[23-Apr-2025 10:27:38 Europe/Berlin] SMTP Debug: CLIENT -> SERVER:                     background-color: #fafafa;

[23-Apr-2025 10:27:38 Europe/Berlin] SMTP Debug: CLIENT -> SERVER:                 }

[23-Apr-2025 10:27:38 Europe/Berlin] SMTP Debug: CLIENT -> SERVER:             

[23-Apr-2025 10:27:38 Europe/Berlin] SMTP Debug: CLIENT -> SERVER:         

[23-Apr-2025 10:27:38 Europe/Berlin] SMTP Debug: CLIENT -> SERVER:         

[23-Apr-2025 10:27:38 Europe/Berlin] SMTP Debug: CLIENT -> SERVER:             

[23-Apr-2025 10:27:38 Europe/Berlin] SMTP Debug: CLIENT -> SERVER:                 

[23-Apr-2025 10:27:38 Europe/Berlin] SMTP Debug: CLIENT -> SERVER:                     🔐 OTP for Login

[23-Apr-2025 10:27:38 Europe/Berlin] SMTP Debug: CLIENT -> SERVER:                 

[23-Apr-2025 10:27:38 Europe/Berlin] SMTP Debug: CLIENT -> SERVER:                 

[23-Apr-2025 10:27:38 Europe/Berlin] SMTP Debug: CLIENT -> SERVER:                     Hello Shashank,

[23-Apr-2025 10:27:38 Europe/Berlin] SMTP Debug: CLIENT -> SERVER:                     Your OTP for login is:

[23-Apr-2025 10:27:38 Europe/Berlin] SMTP Debug: CLIENT -> SERVER:                     

[23-Apr-2025 10:27:38 Europe/Berlin] SMTP Debug: CLIENT -> SERVER:                         673454

[23-Apr-2025 10:27:38 Europe/Berlin] SMTP Debug: CLIENT -> SERVER:                     

[23-Apr-2025 10:27:38 Europe/Berlin] SMTP Debug: CLIENT -> SERVER:                     This OTP will expire in 5 minutes.

[23-Apr-2025 10:27:38 Europe/Berlin] SMTP Debug: CLIENT -> SERVER:                     If you didn't request this OTP, please ignore this email.

[23-Apr-2025 10:27:38 Europe/Berlin] SMTP Debug: CLIENT -> SERVER:                 

[23-Apr-2025 10:27:38 Europe/Berlin] SMTP Debug: CLIENT -> SERVER:                 

[23-Apr-2025 10:27:38 Europe/Berlin] SMTP Debug: CLIENT -> SERVER:                     This is an automated message, please do not reply.

[23-Apr-2025 10:27:38 Europe/Berlin] SMTP Debug: CLIENT -> SERVER:                 

[23-Apr-2025 10:27:38 Europe/Berlin] SMTP Debug: CLIENT -> SERVER:             

[23-Apr-2025 10:27:38 Europe/Berlin] SMTP Debug: CLIENT -> SERVER:         

[23-Apr-2025 10:27:38 Europe/Berlin] SMTP Debug: CLIENT -> SERVER:         

[23-Apr-2025 10:27:38 Europe/Berlin] SMTP Debug: CLIENT -> SERVER: 

[23-Apr-2025 10:27:38 Europe/Berlin] SMTP Debug: CLIENT -> SERVER: --b1=_gBBNFpAA01FhOVUv5oXsLuFR3tmA6HD45unLtdljU

[23-Apr-2025 10:27:38 Europe/Berlin] SMTP Debug: CLIENT -> SERVER: Content-Type: text/html; charset=iso-8859-1

[23-Apr-2025 10:27:38 Europe/Berlin] SMTP Debug: CLIENT -> SERVER: Content-Transfer-Encoding: 8bit

[23-Apr-2025 10:27:38 Europe/Berlin] SMTP Debug: CLIENT -> SERVER: 

[23-Apr-2025 10:27:38 Europe/Berlin] SMTP Debug: CLIENT -> SERVER: 

[23-Apr-2025 10:27:38 Europe/Berlin] SMTP Debug: CLIENT -> SERVER:         <html>

[23-Apr-2025 10:27:38 Europe/Berlin] SMTP Debug: CLIENT -> SERVER:         <head>

[23-Apr-2025 10:27:38 Europe/Berlin] SMTP Debug: CLIENT -> SERVER:             <style>

[23-Apr-2025 10:27:38 Europe/Berlin] SMTP Debug: CLIENT -> SERVER:                 body {

[23-Apr-2025 10:27:38 Europe/Berlin] SMTP Debug: CLIENT -> SERVER:                     font-family: 'Segoe UI', Tahoma, Geneva, Verdana, sans-serif;

[23-Apr-2025 10:27:38 Europe/Berlin] SMTP Debug: CLIENT -> SERVER:                     background-color: #f4f4f4;

[23-Apr-2025 10:27:38 Europe/Berlin] SMTP Debug: CLIENT -> SERVER:                     margin: 0;

[23-Apr-2025 10:27:38 Europe/Berlin] SMTP Debug: CLIENT -> SERVER:                     padding: 0;

[23-Apr-2025 10:27:38 Europe/Berlin] SMTP Debug: CLIENT -> SERVER:                 }

[23-Apr-2025 10:27:38 Europe/Berlin] SMTP Debug: CLIENT -> SERVER:                 .container {

[23-Apr-2025 10:27:38 Europe/Berlin] SMTP Debug: CLIENT -> SERVER:                     max-width: 640px;

[23-Apr-2025 10:27:38 Europe/Berlin] SMTP Debug: CLIENT -> SERVER:                     margin: 40px auto;

[23-Apr-2025 10:27:38 Europe/Berlin] SMTP Debug: CLIENT -> SERVER:                     background: #ffffff;

[23-Apr-2025 10:27:38 Europe/Berlin] SMTP Debug: CLIENT -> SERVER:                     border-radius: 10px;

[23-Apr-2025 10:27:38 Europe/Berlin] SMTP Debug: CLIENT -> SERVER:                     box-shadow: 0 2px 8px rgba(0,0,0,0.1);

[23-Apr-2025 10:27:38 Europe/Berlin] SMTP Debug: CLIENT -> SERVER:                     overflow: hidden;

[23-Apr-2025 10:27:38 Europe/Berlin] SMTP Debug: CLIENT -> SERVER:                 }

[23-Apr-2025 10:27:38 Europe/Berlin] SMTP Debug: CLIENT -> SERVER:                 .header {

[23-Apr-2025 10:27:38 Europe/Berlin] SMTP Debug: CLIENT -> SERVER:                     background: rgb(0,51,102);

[23-Apr-2025 10:27:38 Europe/Berlin] SMTP Debug: CLIENT -> SERVER:                     background: linear-gradient(159deg, rgba(0,51,102,1) 0%, rgba(15,82,186,1) 100%);

[23-Apr-2025 10:27:38 Europe/Berlin] SMTP Debug: CLIENT -> SERVER:                     color: #fff;

[23-Apr-2025 10:27:38 Europe/Berlin] SMTP Debug: CLIENT -> SERVER:                     padding: 30px 20px;

[23-Apr-2025 10:27:38 Europe/Berlin] SMTP Debug: CLIENT -> SERVER:                     text-align: center;

[23-Apr-2025 10:27:38 Europe/Berlin] SMTP Debug: CLIENT -> SERVER:                 }

[23-Apr-2025 10:27:38 Europe/Berlin] SMTP Debug: CLIENT -> SERVER:                 .content {

[23-Apr-2025 10:27:38 Europe/Berlin] SMTP Debug: CLIENT -> SERVER:                     padding: 30px 20px;

[23-Apr-2025 10:27:38 Europe/Berlin] SMTP Debug: CLIENT -> SERVER:                     color: #333;

[23-Apr-2025 10:27:38 Europe/Berlin] SMTP Debug: CLIENT -> SERVER:                 }

[23-Apr-2025 10:27:38 Europe/Berlin] SMTP Debug: CLIENT -> SERVER:                 .otp-box {

[23-Apr-2025 10:27:38 Europe/Berlin] SMTP Debug: CLIENT -> SERVER:                     margin-top: 20px;

[23-Apr-2025 10:27:38 Europe/Berlin] SMTP Debug: CLIENT -> SERVER:                     background-color: #f9f9f9;

[23-Apr-2025 10:27:38 Europe/Berlin] SMTP Debug: CLIENT -> SERVER:                     padding: 20px;

[23-Apr-2025 10:27:38 Europe/Berlin] SMTP Debug: CLIENT -> SERVER:                     border-left: 4px solid #8E2DE2;

[23-Apr-2025 10:27:38 Europe/Berlin] SMTP Debug: CLIENT -> SERVER:                     border-radius: 5px;

[23-Apr-2025 10:27:38 Europe/Berlin] SMTP Debug: CLIENT -> SERVER:                     text-align: center;

[23-Apr-2025 10:27:38 Europe/Berlin] SMTP Debug: CLIENT -> SERVER:                     font-size: 24px;

[23-Apr-2025 10:27:38 Europe/Berlin] SMTP Debug: CLIENT -> SERVER:                     font-weight: bold;

[23-Apr-2025 10:27:38 Europe/Berlin] SMTP Debug: CLIENT -> SERVER:                     letter-spacing: 5px;

[23-Apr-2025 10:27:38 Europe/Berlin] SMTP Debug: CLIENT -> SERVER:                 }

[23-Apr-2025 10:27:38 Europe/Berlin] SMTP Debug: CLIENT -> SERVER:                 .footer {

[23-Apr-2025 10:27:38 Europe/Berlin] SMTP Debug: CLIENT -> SERVER:                     text-align: center;

[23-Apr-2025 10:27:38 Europe/Berlin] SMTP Debug: CLIENT -> SERVER:                     font-size: 12px;

[23-Apr-2025 10:27:38 Europe/Berlin] SMTP Debug: CLIENT -> SERVER:                     color: #777;

[23-Apr-2025 10:27:38 Europe/Berlin] SMTP Debug: CLIENT -> SERVER:                     padding: 20px;

[23-Apr-2025 10:27:38 Europe/Berlin] SMTP Debug: CLIENT -> SERVER:                     background-color: #fafafa;

[23-Apr-2025 10:27:38 Europe/Berlin] SMTP Debug: CLIENT -> SERVER:                 }

[23-Apr-2025 10:27:38 Europe/Berlin] SMTP Debug: CLIENT -> SERVER:             </style>

[23-Apr-2025 10:27:38 Europe/Berlin] SMTP Debug: CLIENT -> SERVER:         </head>

[23-Apr-2025 10:27:38 Europe/Berlin] SMTP Debug: CLIENT -> SERVER:         <body>

[23-Apr-2025 10:27:38 Europe/Berlin] SMTP Debug: CLIENT -> SERVER:             <div class='container'>

[23-Apr-2025 10:27:38 Europe/Berlin] SMTP Debug: CLIENT -> SERVER:                 <div class='header'>

[23-Apr-2025 10:27:38 Europe/Berlin] SMTP Debug: CLIENT -> SERVER:                     <h2>🔐 OTP for Login</h2>

[23-Apr-2025 10:27:38 Europe/Berlin] SMTP Debug: CLIENT -> SERVER:                 </div>

[23-Apr-2025 10:27:38 Europe/Berlin] SMTP Debug: CLIENT -> SERVER:                 <div class='content'>

[23-Apr-2025 10:27:38 Europe/Berlin] SMTP Debug: CLIENT -> SERVER:                     <p>Hello Shashank,</p>

[23-Apr-2025 10:27:38 Europe/Berlin] SMTP Debug: CLIENT -> SERVER:                     <p>Your OTP for login is:</p>

[23-Apr-2025 10:27:38 Europe/Berlin] SMTP Debug: CLIENT -> SERVER:                     <div class='otp-box'>

[23-Apr-2025 10:27:38 Europe/Berlin] SMTP Debug: CLIENT -> SERVER:                         673454

[23-Apr-2025 10:27:38 Europe/Berlin] SMTP Debug: CLIENT -> SERVER:                     </div>

[23-Apr-2025 10:27:38 Europe/Berlin] SMTP Debug: CLIENT -> SERVER:                     <p>This OTP will expire in 5 minutes.</p>

[23-Apr-2025 10:27:38 Europe/Berlin] SMTP Debug: CLIENT -> SERVER:                     <p>If you didn't request this OTP, please ignore this email.</p>

[23-Apr-2025 10:27:38 Europe/Berlin] SMTP Debug: CLIENT -> SERVER:                 </div>

[23-Apr-2025 10:27:38 Europe/Berlin] SMTP Debug: CLIENT -> SERVER:                 <div class='footer'>

[23-Apr-2025 10:27:38 Europe/Berlin] SMTP Debug: CLIENT -> SERVER:                     <p>This is an automated message, please do not reply.</p>

[23-Apr-2025 10:27:38 Europe/Berlin] SMTP Debug: CLIENT -> SERVER:                 </div>

[23-Apr-2025 10:27:38 Europe/Berlin] SMTP Debug: CLIENT -> SERVER:             </div>

[23-Apr-2025 10:27:38 Europe/Berlin] SMTP Debug: CLIENT -> SERVER:         </body>

[23-Apr-2025 10:27:38 Europe/Berlin] SMTP Debug: CLIENT -> SERVER:         </html>

[23-Apr-2025 10:27:38 Europe/Berlin] SMTP Debug: CLIENT -> SERVER: 

[23-Apr-2025 10:27:38 Europe/Berlin] SMTP Debug: CLIENT -> SERVER: 

[23-Apr-2025 10:27:38 Europe/Berlin] SMTP Debug: CLIENT -> SERVER: --b1=_gBBNFpAA01FhOVUv5oXsLuFR3tmA6HD45unLtdljU--

[23-Apr-2025 10:27:38 Europe/Berlin] SMTP Debug: CLIENT -> SERVER: 

[23-Apr-2025 10:27:38 Europe/Berlin] SMTP Debug: CLIENT -> SERVER: .

[23-Apr-2025 10:27:39 Europe/Berlin] SMTP Debug: SERVER -> CLIENT: 250 2.0.0 OK  1745396996 d9443c01a7336-22c50fdb805sm98905835ad.216 - gsmtp

[23-Apr-2025 10:27:39 Europe/Berlin] SMTP Debug: CLIENT -> SERVER: QUIT

[23-Apr-2025 10:27:39 Europe/Berlin] SMTP Debug: SERVER -> CLIENT: 221 2.0.0 closing connection d9443c01a7336-22c50fdb805sm98905835ad.216 - gsmtp

[23-Apr-2025 10:27:58 Europe/Berlin] PHP Notice:  session_start(): Ignoring session_start() because a session is already active in C:\xampp\htdocs\ayndrome-api\api\user_activity.php on line 21
[23-Apr-2025 10:27:58 Europe/Berlin] Error in user_activity.php: Not logged in
[23-Apr-2025 10:27:58 Europe/Berlin] Stack trace: #0 {main}
[23-Apr-2025 10:28:01 Europe/Berlin] PHP Notice:  session_start(): Ignoring session_start() because a session is already active in C:\xampp\htdocs\ayndrome-api\api\delivery_history.php on line 22
[23-Apr-2025 10:28:01 Europe/Berlin] Error in delivery_history.php: Not logged in
[23-Apr-2025 10:28:01 Europe/Berlin] Stack trace: #0 {main}
[23-Apr-2025 10:28:02 Europe/Berlin] PHP Notice:  session_start(): Ignoring session_start() because a session is already active in C:\xampp\htdocs\ayndrome-api\api\get_track_parcels.php on line 21
[23-Apr-2025 10:28:02 Europe/Berlin] Error in get_track_parcels.php: Not logged in
[23-Apr-2025 10:28:02 Europe/Berlin] Stack trace: #0 {main}
[23-Apr-2025 10:28:04 Europe/Berlin] PHP Notice:  session_start(): Ignoring session_start() because a session is already active in C:\xampp\htdocs\ayndrome-api\api\user_activity.php on line 21
[23-Apr-2025 10:28:04 Europe/Berlin] Error in user_activity.php: Not logged in
[23-Apr-2025 10:28:04 Europe/Berlin] Stack trace: #0 {main}
[23-Apr-2025 10:29:14 Europe/Berlin] PHP Notice:  session_start(): Ignoring session_start() because a session is already active in C:\xampp\htdocs\ayndrome-api\api\user_activity.php on line 21
[23-Apr-2025 10:29:14 Europe/Berlin] Error in user_activity.php: Not logged in
[23-Apr-2025 10:29:14 Europe/Berlin] Stack trace: #0 {main}
[23-Apr-2025 10:29:16 Europe/Berlin] PHP Notice:  session_start(): Ignoring session_start() because a session is already active in C:\xampp\htdocs\ayndrome-api\api\get_track_parcels.php on line 21
[23-Apr-2025 10:29:16 Europe/Berlin] Error in get_track_parcels.php: Not logged in
[23-Apr-2025 10:29:16 Europe/Berlin] Stack trace: #0 {main}
[23-Apr-2025 10:29:17 Europe/Berlin] PHP Notice:  session_start(): Ignoring session_start() because a session is already active in C:\xampp\htdocs\ayndrome-api\api\delivery_history.php on line 22
[23-Apr-2025 10:29:17 Europe/Berlin] Error in delivery_history.php: Not logged in
[23-Apr-2025 10:29:17 Europe/Berlin] Stack trace: #0 {main}
[23-Apr-2025 10:29:33 Europe/Berlin] SMTP Debug: SERVER -> CLIENT: 220 smtp.gmail.com ESMTP d2e1a72fcca58-73dbf8e46eesm10286521b3a.65 - gsmtp

[23-Apr-2025 10:29:33 Europe/Berlin] SMTP Debug: CLIENT -> SERVER: EHLO localhost

[23-Apr-2025 10:29:33 Europe/Berlin] SMTP Debug: SERVER -> CLIENT: 250-smtp.gmail.com at your service, [2409:40d1:1026:7203:7497:7a7b:b374:5990]
250-SIZE 35882577
250-8BITMIME
250-STARTTLS
250-ENHANCEDSTATUSCODES
250-PIPELINING
250-CHUNKING
250 SMTPUTF8

[23-Apr-2025 10:29:33 Europe/Berlin] SMTP Debug: CLIENT -> SERVER: STARTTLS

[23-Apr-2025 10:29:34 Europe/Berlin] SMTP Debug: SERVER -> CLIENT: 220 2.0.0 Ready to start TLS

[23-Apr-2025 10:29:34 Europe/Berlin] SMTP Debug: CLIENT -> SERVER: EHLO localhost

[23-Apr-2025 10:29:34 Europe/Berlin] SMTP Debug: SERVER -> CLIENT: 250-smtp.gmail.com at your service, [2409:40d1:1026:7203:7497:7a7b:b374:5990]
250-SIZE 35882577
250-8BITMIME
250-AUTH LOGIN PLAIN XOAUTH2 PLAIN-CLIENTTOKEN OAUTHBEARER XOAUTH
250-ENHANCEDSTATUSCODES
250-PIPELINING
250-CHUNKING
250 SMTPUTF8

[23-Apr-2025 10:29:34 Europe/Berlin] SMTP Debug: CLIENT -> SERVER: AUTH LOGIN

[23-Apr-2025 10:29:34 Europe/Berlin] SMTP Debug: SERVER -> CLIENT: 334 VXNlcm5hbWU6

[23-Apr-2025 10:29:34 Europe/Berlin] SMTP Debug: CLIENT -> SERVER: [credentials hidden]
[23-Apr-2025 10:29:35 Europe/Berlin] SMTP Debug: SERVER -> CLIENT: 334 UGFzc3dvcmQ6

[23-Apr-2025 10:29:35 Europe/Berlin] SMTP Debug: CLIENT -> SERVER: [credentials hidden]
[23-Apr-2025 10:29:35 Europe/Berlin] SMTP Debug: SERVER -> CLIENT: 235 2.7.0 Accepted

[23-Apr-2025 10:29:35 Europe/Berlin] SMTP Debug: CLIENT -> SERVER: MAIL FROM:<shashanksaket9@gmail.com>

[23-Apr-2025 10:29:35 Europe/Berlin] SMTP Debug: SERVER -> CLIENT: 250 2.1.0 OK d2e1a72fcca58-73dbf8e46eesm10286521b3a.65 - gsmtp

[23-Apr-2025 10:29:35 Europe/Berlin] SMTP Debug: CLIENT -> SERVER: RCPT TO:<shashanksaket9@gmail.com>

[23-Apr-2025 10:29:36 Europe/Berlin] SMTP Debug: SERVER -> CLIENT: 250 2.1.5 OK d2e1a72fcca58-73dbf8e46eesm10286521b3a.65 - gsmtp

[23-Apr-2025 10:29:36 Europe/Berlin] SMTP Debug: CLIENT -> SERVER: DATA

[23-Apr-2025 10:29:36 Europe/Berlin] SMTP Debug: SERVER -> CLIENT: 354 Go ahead d2e1a72fcca58-73dbf8e46eesm10286521b3a.65 - gsmtp

[23-Apr-2025 10:29:36 Europe/Berlin] SMTP Debug: CLIENT -> SERVER: Date: Wed, 23 Apr 2025 10:29:32 +0200

[23-Apr-2025 10:29:36 Europe/Berlin] SMTP Debug: CLIENT -> SERVER: To: Shashank Singh <shashanksaket9@gmail.com>

[23-Apr-2025 10:29:36 Europe/Berlin] SMTP Debug: CLIENT -> SERVER: From: Ayndrome <shashanksaket9@gmail.com>

[23-Apr-2025 10:29:36 Europe/Berlin] SMTP Debug: CLIENT -> SERVER: Subject: Your OTP for Login - Ayndrome

[23-Apr-2025 10:29:36 Europe/Berlin] SMTP Debug: CLIENT -> SERVER: Message-ID: <ipUMZUfWu6IonKjqPdwZ8G43uMxGbSOv9sQeArM@localhost>

[23-Apr-2025 10:29:36 Europe/Berlin] SMTP Debug: CLIENT -> SERVER: X-Mailer: PHPMailer 6.9.3 (https://github.com/PHPMailer/PHPMailer)

[23-Apr-2025 10:29:36 Europe/Berlin] SMTP Debug: CLIENT -> SERVER: MIME-Version: 1.0

[23-Apr-2025 10:29:36 Europe/Berlin] SMTP Debug: CLIENT -> SERVER: Content-Type: multipart/alternative;

[23-Apr-2025 10:29:36 Europe/Berlin] SMTP Debug: CLIENT -> SERVER:  boundary="b1=_ipUMZUfWu6IonKjqPdwZ8G43uMxGbSOv9sQeArM"

[23-Apr-2025 10:29:36 Europe/Berlin] SMTP Debug: CLIENT -> SERVER: Content-Transfer-Encoding: 8bit

[23-Apr-2025 10:29:36 Europe/Berlin] SMTP Debug: CLIENT -> SERVER: 

[23-Apr-2025 10:29:36 Europe/Berlin] SMTP Debug: CLIENT -> SERVER: --b1=_ipUMZUfWu6IonKjqPdwZ8G43uMxGbSOv9sQeArM

[23-Apr-2025 10:29:36 Europe/Berlin] SMTP Debug: CLIENT -> SERVER: Content-Type: text/plain; charset=iso-8859-1

[23-Apr-2025 10:29:36 Europe/Berlin] SMTP Debug: CLIENT -> SERVER: Content-Transfer-Encoding: 8bit

[23-Apr-2025 10:29:36 Europe/Berlin] SMTP Debug: CLIENT -> SERVER: 

[23-Apr-2025 10:29:36 Europe/Berlin] SMTP Debug: CLIENT -> SERVER: 

[23-Apr-2025 10:29:36 Europe/Berlin] SMTP Debug: CLIENT -> SERVER:         

[23-Apr-2025 10:29:36 Europe/Berlin] SMTP Debug: CLIENT -> SERVER:         

[23-Apr-2025 10:29:36 Europe/Berlin] SMTP Debug: CLIENT -> SERVER:             

[23-Apr-2025 10:29:36 Europe/Berlin] SMTP Debug: CLIENT -> SERVER:                 body {

[23-Apr-2025 10:29:36 Europe/Berlin] SMTP Debug: CLIENT -> SERVER:                     font-family: 'Segoe UI', Tahoma, Geneva, Verdana, sans-serif;

[23-Apr-2025 10:29:36 Europe/Berlin] SMTP Debug: CLIENT -> SERVER:                     background-color: #f4f4f4;

[23-Apr-2025 10:29:36 Europe/Berlin] SMTP Debug: CLIENT -> SERVER:                     margin: 0;

[23-Apr-2025 10:29:36 Europe/Berlin] SMTP Debug: CLIENT -> SERVER:                     padding: 0;

[23-Apr-2025 10:29:36 Europe/Berlin] SMTP Debug: CLIENT -> SERVER:                 }

[23-Apr-2025 10:29:36 Europe/Berlin] SMTP Debug: CLIENT -> SERVER:                 .container {

[23-Apr-2025 10:29:36 Europe/Berlin] SMTP Debug: CLIENT -> SERVER:                     max-width: 640px;

[23-Apr-2025 10:29:36 Europe/Berlin] SMTP Debug: CLIENT -> SERVER:                     margin: 40px auto;

[23-Apr-2025 10:29:36 Europe/Berlin] SMTP Debug: CLIENT -> SERVER:                     background: #ffffff;

[23-Apr-2025 10:29:36 Europe/Berlin] SMTP Debug: CLIENT -> SERVER:                     border-radius: 10px;

[23-Apr-2025 10:29:36 Europe/Berlin] SMTP Debug: CLIENT -> SERVER:                     box-shadow: 0 2px 8px rgba(0,0,0,0.1);

[23-Apr-2025 10:29:36 Europe/Berlin] SMTP Debug: CLIENT -> SERVER:                     overflow: hidden;

[23-Apr-2025 10:29:36 Europe/Berlin] SMTP Debug: CLIENT -> SERVER:                 }

[23-Apr-2025 10:29:36 Europe/Berlin] SMTP Debug: CLIENT -> SERVER:                 .header {

[23-Apr-2025 10:29:36 Europe/Berlin] SMTP Debug: CLIENT -> SERVER:                     background: rgb(0,51,102);

[23-Apr-2025 10:29:36 Europe/Berlin] SMTP Debug: CLIENT -> SERVER:                     background: linear-gradient(159deg, rgba(0,51,102,1) 0%, rgba(15,82,186,1) 100%);

[23-Apr-2025 10:29:36 Europe/Berlin] SMTP Debug: CLIENT -> SERVER:                     color: #fff;

[23-Apr-2025 10:29:36 Europe/Berlin] SMTP Debug: CLIENT -> SERVER:                     padding: 30px 20px;

[23-Apr-2025 10:29:36 Europe/Berlin] SMTP Debug: CLIENT -> SERVER:                     text-align: center;

[23-Apr-2025 10:29:36 Europe/Berlin] SMTP Debug: CLIENT -> SERVER:                 }

[23-Apr-2025 10:29:36 Europe/Berlin] SMTP Debug: CLIENT -> SERVER:                 .content {

[23-Apr-2025 10:29:36 Europe/Berlin] SMTP Debug: CLIENT -> SERVER:                     padding: 30px 20px;

[23-Apr-2025 10:29:36 Europe/Berlin] SMTP Debug: CLIENT -> SERVER:                     color: #333;

[23-Apr-2025 10:29:36 Europe/Berlin] SMTP Debug: CLIENT -> SERVER:                 }

[23-Apr-2025 10:29:36 Europe/Berlin] SMTP Debug: CLIENT -> SERVER:                 .otp-box {

[23-Apr-2025 10:29:36 Europe/Berlin] SMTP Debug: CLIENT -> SERVER:                     margin-top: 20px;

[23-Apr-2025 10:29:36 Europe/Berlin] SMTP Debug: CLIENT -> SERVER:                     background-color: #f9f9f9;

[23-Apr-2025 10:29:36 Europe/Berlin] SMTP Debug: CLIENT -> SERVER:                     padding: 20px;

[23-Apr-2025 10:29:36 Europe/Berlin] SMTP Debug: CLIENT -> SERVER:                     border-left: 4px solid #8E2DE2;

[23-Apr-2025 10:29:36 Europe/Berlin] SMTP Debug: CLIENT -> SERVER:                     border-radius: 5px;

[23-Apr-2025 10:29:36 Europe/Berlin] SMTP Debug: CLIENT -> SERVER:                     text-align: center;

[23-Apr-2025 10:29:36 Europe/Berlin] SMTP Debug: CLIENT -> SERVER:                     font-size: 24px;

[23-Apr-2025 10:29:36 Europe/Berlin] SMTP Debug: CLIENT -> SERVER:                     font-weight: bold;

[23-Apr-2025 10:29:36 Europe/Berlin] SMTP Debug: CLIENT -> SERVER:                     letter-spacing: 5px;

[23-Apr-2025 10:29:36 Europe/Berlin] SMTP Debug: CLIENT -> SERVER:                 }

[23-Apr-2025 10:29:36 Europe/Berlin] SMTP Debug: CLIENT -> SERVER:                 .footer {

[23-Apr-2025 10:29:36 Europe/Berlin] SMTP Debug: CLIENT -> SERVER:                     text-align: center;

[23-Apr-2025 10:29:36 Europe/Berlin] SMTP Debug: CLIENT -> SERVER:                     font-size: 12px;

[23-Apr-2025 10:29:36 Europe/Berlin] SMTP Debug: CLIENT -> SERVER:                     color: #777;

[23-Apr-2025 10:29:36 Europe/Berlin] SMTP Debug: CLIENT -> SERVER:                     padding: 20px;

[23-Apr-2025 10:29:36 Europe/Berlin] SMTP Debug: CLIENT -> SERVER:                     background-color: #fafafa;

[23-Apr-2025 10:29:36 Europe/Berlin] SMTP Debug: CLIENT -> SERVER:                 }

[23-Apr-2025 10:29:36 Europe/Berlin] SMTP Debug: CLIENT -> SERVER:             

[23-Apr-2025 10:29:36 Europe/Berlin] SMTP Debug: CLIENT -> SERVER:         

[23-Apr-2025 10:29:36 Europe/Berlin] SMTP Debug: CLIENT -> SERVER:         

[23-Apr-2025 10:29:36 Europe/Berlin] SMTP Debug: CLIENT -> SERVER:             

[23-Apr-2025 10:29:36 Europe/Berlin] SMTP Debug: CLIENT -> SERVER:                 

[23-Apr-2025 10:29:36 Europe/Berlin] SMTP Debug: CLIENT -> SERVER:                     🔐 OTP for Login

[23-Apr-2025 10:29:36 Europe/Berlin] SMTP Debug: CLIENT -> SERVER:                 

[23-Apr-2025 10:29:36 Europe/Berlin] SMTP Debug: CLIENT -> SERVER:                 

[23-Apr-2025 10:29:36 Europe/Berlin] SMTP Debug: CLIENT -> SERVER:                     Hello Shashank,

[23-Apr-2025 10:29:36 Europe/Berlin] SMTP Debug: CLIENT -> SERVER:                     Your OTP for login is:

[23-Apr-2025 10:29:36 Europe/Berlin] SMTP Debug: CLIENT -> SERVER:                     

[23-Apr-2025 10:29:36 Europe/Berlin] SMTP Debug: CLIENT -> SERVER:                         749112

[23-Apr-2025 10:29:36 Europe/Berlin] SMTP Debug: CLIENT -> SERVER:                     

[23-Apr-2025 10:29:36 Europe/Berlin] SMTP Debug: CLIENT -> SERVER:                     This OTP will expire in 5 minutes.

[23-Apr-2025 10:29:36 Europe/Berlin] SMTP Debug: CLIENT -> SERVER:                     If you didn't request this OTP, please ignore this email.

[23-Apr-2025 10:29:36 Europe/Berlin] SMTP Debug: CLIENT -> SERVER:                 

[23-Apr-2025 10:29:36 Europe/Berlin] SMTP Debug: CLIENT -> SERVER:                 

[23-Apr-2025 10:29:36 Europe/Berlin] SMTP Debug: CLIENT -> SERVER:                     This is an automated message, please do not reply.

[23-Apr-2025 10:29:36 Europe/Berlin] SMTP Debug: CLIENT -> SERVER:                 

[23-Apr-2025 10:29:36 Europe/Berlin] SMTP Debug: CLIENT -> SERVER:             

[23-Apr-2025 10:29:36 Europe/Berlin] SMTP Debug: CLIENT -> SERVER:         

[23-Apr-2025 10:29:36 Europe/Berlin] SMTP Debug: CLIENT -> SERVER:         

[23-Apr-2025 10:29:36 Europe/Berlin] SMTP Debug: CLIENT -> SERVER: 

[23-Apr-2025 10:29:36 Europe/Berlin] SMTP Debug: CLIENT -> SERVER: --b1=_ipUMZUfWu6IonKjqPdwZ8G43uMxGbSOv9sQeArM

[23-Apr-2025 10:29:36 Europe/Berlin] SMTP Debug: CLIENT -> SERVER: Content-Type: text/html; charset=iso-8859-1

[23-Apr-2025 10:29:36 Europe/Berlin] SMTP Debug: CLIENT -> SERVER: Content-Transfer-Encoding: 8bit

[23-Apr-2025 10:29:36 Europe/Berlin] SMTP Debug: CLIENT -> SERVER: 

[23-Apr-2025 10:29:36 Europe/Berlin] SMTP Debug: CLIENT -> SERVER: 

[23-Apr-2025 10:29:36 Europe/Berlin] SMTP Debug: CLIENT -> SERVER:         <html>

[23-Apr-2025 10:29:36 Europe/Berlin] SMTP Debug: CLIENT -> SERVER:         <head>

[23-Apr-2025 10:29:36 Europe/Berlin] SMTP Debug: CLIENT -> SERVER:             <style>

[23-Apr-2025 10:29:36 Europe/Berlin] SMTP Debug: CLIENT -> SERVER:                 body {

[23-Apr-2025 10:29:36 Europe/Berlin] SMTP Debug: CLIENT -> SERVER:                     font-family: 'Segoe UI', Tahoma, Geneva, Verdana, sans-serif;

[23-Apr-2025 10:29:36 Europe/Berlin] SMTP Debug: CLIENT -> SERVER:                     background-color: #f4f4f4;

[23-Apr-2025 10:29:36 Europe/Berlin] SMTP Debug: CLIENT -> SERVER:                     margin: 0;

[23-Apr-2025 10:29:36 Europe/Berlin] SMTP Debug: CLIENT -> SERVER:                     padding: 0;

[23-Apr-2025 10:29:36 Europe/Berlin] SMTP Debug: CLIENT -> SERVER:                 }

[23-Apr-2025 10:29:36 Europe/Berlin] SMTP Debug: CLIENT -> SERVER:                 .container {

[23-Apr-2025 10:29:36 Europe/Berlin] SMTP Debug: CLIENT -> SERVER:                     max-width: 640px;

[23-Apr-2025 10:29:36 Europe/Berlin] SMTP Debug: CLIENT -> SERVER:                     margin: 40px auto;

[23-Apr-2025 10:29:36 Europe/Berlin] SMTP Debug: CLIENT -> SERVER:                     background: #ffffff;

[23-Apr-2025 10:29:36 Europe/Berlin] SMTP Debug: CLIENT -> SERVER:                     border-radius: 10px;

[23-Apr-2025 10:29:36 Europe/Berlin] SMTP Debug: CLIENT -> SERVER:                     box-shadow: 0 2px 8px rgba(0,0,0,0.1);

[23-Apr-2025 10:29:36 Europe/Berlin] SMTP Debug: CLIENT -> SERVER:                     overflow: hidden;

[23-Apr-2025 10:29:36 Europe/Berlin] SMTP Debug: CLIENT -> SERVER:                 }

[23-Apr-2025 10:29:36 Europe/Berlin] SMTP Debug: CLIENT -> SERVER:                 .header {

[23-Apr-2025 10:29:36 Europe/Berlin] SMTP Debug: CLIENT -> SERVER:                     background: rgb(0,51,102);

[23-Apr-2025 10:29:36 Europe/Berlin] SMTP Debug: CLIENT -> SERVER:                     background: linear-gradient(159deg, rgba(0,51,102,1) 0%, rgba(15,82,186,1) 100%);

[23-Apr-2025 10:29:36 Europe/Berlin] SMTP Debug: CLIENT -> SERVER:                     color: #fff;

[23-Apr-2025 10:29:36 Europe/Berlin] SMTP Debug: CLIENT -> SERVER:                     padding: 30px 20px;

[23-Apr-2025 10:29:36 Europe/Berlin] SMTP Debug: CLIENT -> SERVER:                     text-align: center;

[23-Apr-2025 10:29:36 Europe/Berlin] SMTP Debug: CLIENT -> SERVER:                 }

[23-Apr-2025 10:29:36 Europe/Berlin] SMTP Debug: CLIENT -> SERVER:                 .content {

[23-Apr-2025 10:29:36 Europe/Berlin] SMTP Debug: CLIENT -> SERVER:                     padding: 30px 20px;

[23-Apr-2025 10:29:36 Europe/Berlin] SMTP Debug: CLIENT -> SERVER:                     color: #333;

[23-Apr-2025 10:29:36 Europe/Berlin] SMTP Debug: CLIENT -> SERVER:                 }

[23-Apr-2025 10:29:36 Europe/Berlin] SMTP Debug: CLIENT -> SERVER:                 .otp-box {

[23-Apr-2025 10:29:36 Europe/Berlin] SMTP Debug: CLIENT -> SERVER:                     margin-top: 20px;

[23-Apr-2025 10:29:36 Europe/Berlin] SMTP Debug: CLIENT -> SERVER:                     background-color: #f9f9f9;

[23-Apr-2025 10:29:36 Europe/Berlin] SMTP Debug: CLIENT -> SERVER:                     padding: 20px;

[23-Apr-2025 10:29:36 Europe/Berlin] SMTP Debug: CLIENT -> SERVER:                     border-left: 4px solid #8E2DE2;

[23-Apr-2025 10:29:36 Europe/Berlin] SMTP Debug: CLIENT -> SERVER:                     border-radius: 5px;

[23-Apr-2025 10:29:36 Europe/Berlin] SMTP Debug: CLIENT -> SERVER:                     text-align: center;

[23-Apr-2025 10:29:36 Europe/Berlin] SMTP Debug: CLIENT -> SERVER:                     font-size: 24px;

[23-Apr-2025 10:29:36 Europe/Berlin] SMTP Debug: CLIENT -> SERVER:                     font-weight: bold;

[23-Apr-2025 10:29:36 Europe/Berlin] SMTP Debug: CLIENT -> SERVER:                     letter-spacing: 5px;

[23-Apr-2025 10:29:36 Europe/Berlin] SMTP Debug: CLIENT -> SERVER:                 }

[23-Apr-2025 10:29:36 Europe/Berlin] SMTP Debug: CLIENT -> SERVER:                 .footer {

[23-Apr-2025 10:29:36 Europe/Berlin] SMTP Debug: CLIENT -> SERVER:                     text-align: center;

[23-Apr-2025 10:29:36 Europe/Berlin] SMTP Debug: CLIENT -> SERVER:                     font-size: 12px;

[23-Apr-2025 10:29:36 Europe/Berlin] SMTP Debug: CLIENT -> SERVER:                     color: #777;

[23-Apr-2025 10:29:36 Europe/Berlin] SMTP Debug: CLIENT -> SERVER:                     padding: 20px;

[23-Apr-2025 10:29:36 Europe/Berlin] SMTP Debug: CLIENT -> SERVER:                     background-color: #fafafa;

[23-Apr-2025 10:29:36 Europe/Berlin] SMTP Debug: CLIENT -> SERVER:                 }

[23-Apr-2025 10:29:36 Europe/Berlin] SMTP Debug: CLIENT -> SERVER:             </style>

[23-Apr-2025 10:29:36 Europe/Berlin] SMTP Debug: CLIENT -> SERVER:         </head>

[23-Apr-2025 10:29:36 Europe/Berlin] SMTP Debug: CLIENT -> SERVER:         <body>

[23-Apr-2025 10:29:36 Europe/Berlin] SMTP Debug: CLIENT -> SERVER:             <div class='container'>

[23-Apr-2025 10:29:36 Europe/Berlin] SMTP Debug: CLIENT -> SERVER:                 <div class='header'>

[23-Apr-2025 10:29:36 Europe/Berlin] SMTP Debug: CLIENT -> SERVER:                     <h2>🔐 OTP for Login</h2>

[23-Apr-2025 10:29:36 Europe/Berlin] SMTP Debug: CLIENT -> SERVER:                 </div>

[23-Apr-2025 10:29:36 Europe/Berlin] SMTP Debug: CLIENT -> SERVER:                 <div class='content'>

[23-Apr-2025 10:29:36 Europe/Berlin] SMTP Debug: CLIENT -> SERVER:                     <p>Hello Shashank,</p>

[23-Apr-2025 10:29:36 Europe/Berlin] SMTP Debug: CLIENT -> SERVER:                     <p>Your OTP for login is:</p>

[23-Apr-2025 10:29:36 Europe/Berlin] SMTP Debug: CLIENT -> SERVER:                     <div class='otp-box'>

[23-Apr-2025 10:29:36 Europe/Berlin] SMTP Debug: CLIENT -> SERVER:                         749112

[23-Apr-2025 10:29:36 Europe/Berlin] SMTP Debug: CLIENT -> SERVER:                     </div>

[23-Apr-2025 10:29:36 Europe/Berlin] SMTP Debug: CLIENT -> SERVER:                     <p>This OTP will expire in 5 minutes.</p>

[23-Apr-2025 10:29:36 Europe/Berlin] SMTP Debug: CLIENT -> SERVER:                     <p>If you didn't request this OTP, please ignore this email.</p>

[23-Apr-2025 10:29:36 Europe/Berlin] SMTP Debug: CLIENT -> SERVER:                 </div>

[23-Apr-2025 10:29:36 Europe/Berlin] SMTP Debug: CLIENT -> SERVER:                 <div class='footer'>

[23-Apr-2025 10:29:36 Europe/Berlin] SMTP Debug: CLIENT -> SERVER:                     <p>This is an automated message, please do not reply.</p>

[23-Apr-2025 10:29:36 Europe/Berlin] SMTP Debug: CLIENT -> SERVER:                 </div>

[23-Apr-2025 10:29:36 Europe/Berlin] SMTP Debug: CLIENT -> SERVER:             </div>

[23-Apr-2025 10:29:36 Europe/Berlin] SMTP Debug: CLIENT -> SERVER:         </body>

[23-Apr-2025 10:29:36 Europe/Berlin] SMTP Debug: CLIENT -> SERVER:         </html>

[23-Apr-2025 10:29:36 Europe/Berlin] SMTP Debug: CLIENT -> SERVER: 

[23-Apr-2025 10:29:36 Europe/Berlin] SMTP Debug: CLIENT -> SERVER: 

[23-Apr-2025 10:29:36 Europe/Berlin] SMTP Debug: CLIENT -> SERVER: --b1=_ipUMZUfWu6IonKjqPdwZ8G43uMxGbSOv9sQeArM--

[23-Apr-2025 10:29:36 Europe/Berlin] SMTP Debug: CLIENT -> SERVER: 

[23-Apr-2025 10:29:36 Europe/Berlin] SMTP Debug: CLIENT -> SERVER: .

[23-Apr-2025 10:29:37 Europe/Berlin] SMTP Debug: SERVER -> CLIENT: 250 2.0.0 OK  1745397114 d2e1a72fcca58-73dbf8e46eesm10286521b3a.65 - gsmtp

[23-Apr-2025 10:29:37 Europe/Berlin] SMTP Debug: CLIENT -> SERVER: QUIT

[23-Apr-2025 10:29:37 Europe/Berlin] SMTP Debug: SERVER -> CLIENT: 221 2.0.0 closing connection d2e1a72fcca58-73dbf8e46eesm10286521b3a.65 - gsmtp

[23-Apr-2025 10:29:54 Europe/Berlin] PHP Notice:  session_start(): Ignoring session_start() because a session is already active in C:\xampp\htdocs\ayndrome-api\api\user_activity.php on line 21
[23-Apr-2025 10:29:54 Europe/Berlin] Error in user_activity.php: Not logged in
[23-Apr-2025 10:29:54 Europe/Berlin] Stack trace: #0 {main}
[23-Apr-2025 10:29:55 Europe/Berlin] PHP Notice:  session_start(): Ignoring session_start() because a session is already active in C:\xampp\htdocs\ayndrome-api\api\delivery_history.php on line 22
[23-Apr-2025 10:29:55 Europe/Berlin] Error in delivery_history.php: Not logged in
[23-Apr-2025 10:29:55 Europe/Berlin] Stack trace: #0 {main}
[23-Apr-2025 10:29:56 Europe/Berlin] PHP Notice:  session_start(): Ignoring session_start() because a session is already active in C:\xampp\htdocs\ayndrome-api\api\get_track_parcels.php on line 21
[23-Apr-2025 10:29:56 Europe/Berlin] Error in get_track_parcels.php: Not logged in
[23-Apr-2025 10:29:56 Europe/Berlin] Stack trace: #0 {main}
[23-Apr-2025 10:29:59 Europe/Berlin] PHP Notice:  session_start(): Ignoring session_start() because a session is already active in C:\xampp\htdocs\ayndrome-api\api\user_activity.php on line 21
[23-Apr-2025 10:29:59 Europe/Berlin] Error in user_activity.php: Not logged in
[23-Apr-2025 10:29:59 Europe/Berlin] Stack trace: #0 {main}
[23-Apr-2025 10:32:52 Europe/Berlin] SMTP Debug: SERVER -> CLIENT: 220 smtp.gmail.com ESMTP d9443c01a7336-22c50eb4839sm98796565ad.127 - gsmtp

[23-Apr-2025 10:32:52 Europe/Berlin] SMTP Debug: CLIENT -> SERVER: EHLO localhost

[23-Apr-2025 10:32:53 Europe/Berlin] SMTP Debug: SERVER -> CLIENT: 250-smtp.gmail.com at your service, [2409:40d1:1026:7203:7497:7a7b:b374:5990]
250-SIZE 35882577
250-8BITMIME
250-STARTTLS
250-ENHANCEDSTATUSCODES
250-PIPELINING
250-CHUNKING
250 SMTPUTF8

[23-Apr-2025 10:32:53 Europe/Berlin] SMTP Debug: CLIENT -> SERVER: STARTTLS

[23-Apr-2025 10:32:53 Europe/Berlin] SMTP Debug: SERVER -> CLIENT: 220 2.0.0 Ready to start TLS

[23-Apr-2025 10:32:53 Europe/Berlin] SMTP Debug: CLIENT -> SERVER: EHLO localhost

[23-Apr-2025 10:32:54 Europe/Berlin] SMTP Debug: SERVER -> CLIENT: 250-smtp.gmail.com at your service, [2409:40d1:1026:7203:7497:7a7b:b374:5990]
250-SIZE 35882577
250-8BITMIME
250-AUTH LOGIN PLAIN XOAUTH2 PLAIN-CLIENTTOKEN OAUTHBEARER XOAUTH
250-ENHANCEDSTATUSCODES
250-PIPELINING
250-CHUNKING
250 SMTPUTF8

[23-Apr-2025 10:32:54 Europe/Berlin] SMTP Debug: CLIENT -> SERVER: AUTH LOGIN

[23-Apr-2025 10:32:54 Europe/Berlin] SMTP Debug: SERVER -> CLIENT: 334 VXNlcm5hbWU6

[23-Apr-2025 10:32:54 Europe/Berlin] SMTP Debug: CLIENT -> SERVER: [credentials hidden]
[23-Apr-2025 10:32:54 Europe/Berlin] SMTP Debug: SERVER -> CLIENT: 334 UGFzc3dvcmQ6

[23-Apr-2025 10:32:54 Europe/Berlin] SMTP Debug: CLIENT -> SERVER: [credentials hidden]
[23-Apr-2025 10:32:54 Europe/Berlin] SMTP Debug: SERVER -> CLIENT: 235 2.7.0 Accepted

[23-Apr-2025 10:32:54 Europe/Berlin] SMTP Debug: CLIENT -> SERVER: MAIL FROM:<shashanksaket9@gmail.com>

[23-Apr-2025 10:32:55 Europe/Berlin] SMTP Debug: SERVER -> CLIENT: 250 2.1.0 OK d9443c01a7336-22c50eb4839sm98796565ad.127 - gsmtp

[23-Apr-2025 10:32:55 Europe/Berlin] SMTP Debug: CLIENT -> SERVER: RCPT TO:<shashanksaket9@gmail.com>

[23-Apr-2025 10:32:55 Europe/Berlin] SMTP Debug: SERVER -> CLIENT: 250 2.1.5 OK d9443c01a7336-22c50eb4839sm98796565ad.127 - gsmtp

[23-Apr-2025 10:32:55 Europe/Berlin] SMTP Debug: CLIENT -> SERVER: DATA

[23-Apr-2025 10:32:55 Europe/Berlin] SMTP Debug: SERVER -> CLIENT: 354 Go ahead d9443c01a7336-22c50eb4839sm98796565ad.127 - gsmtp

[23-Apr-2025 10:32:55 Europe/Berlin] SMTP Debug: CLIENT -> SERVER: Date: Wed, 23 Apr 2025 10:32:52 +0200

[23-Apr-2025 10:32:55 Europe/Berlin] SMTP Debug: CLIENT -> SERVER: To: Shashank Singh <shashanksaket9@gmail.com>

[23-Apr-2025 10:32:55 Europe/Berlin] SMTP Debug: CLIENT -> SERVER: From: Ayndrome <shashanksaket9@gmail.com>

[23-Apr-2025 10:32:55 Europe/Berlin] SMTP Debug: CLIENT -> SERVER: Subject: Your OTP for Login - Ayndrome

[23-Apr-2025 10:32:55 Europe/Berlin] SMTP Debug: CLIENT -> SERVER: Message-ID: <T2cAGBdQ8VuRFqbyM4MuvrmYjEDqajkAeAn98uGhgU@localhost>

[23-Apr-2025 10:32:55 Europe/Berlin] SMTP Debug: CLIENT -> SERVER: X-Mailer: PHPMailer 6.9.3 (https://github.com/PHPMailer/PHPMailer)

[23-Apr-2025 10:32:55 Europe/Berlin] SMTP Debug: CLIENT -> SERVER: MIME-Version: 1.0

[23-Apr-2025 10:32:55 Europe/Berlin] SMTP Debug: CLIENT -> SERVER: Content-Type: multipart/alternative;

[23-Apr-2025 10:32:55 Europe/Berlin] SMTP Debug: CLIENT -> SERVER:  boundary="b1=_T2cAGBdQ8VuRFqbyM4MuvrmYjEDqajkAeAn98uGhgU"

[23-Apr-2025 10:32:55 Europe/Berlin] SMTP Debug: CLIENT -> SERVER: Content-Transfer-Encoding: 8bit

[23-Apr-2025 10:32:55 Europe/Berlin] SMTP Debug: CLIENT -> SERVER: 

[23-Apr-2025 10:32:55 Europe/Berlin] SMTP Debug: CLIENT -> SERVER: --b1=_T2cAGBdQ8VuRFqbyM4MuvrmYjEDqajkAeAn98uGhgU

[23-Apr-2025 10:32:55 Europe/Berlin] SMTP Debug: CLIENT -> SERVER: Content-Type: text/plain; charset=iso-8859-1

[23-Apr-2025 10:32:55 Europe/Berlin] SMTP Debug: CLIENT -> SERVER: Content-Transfer-Encoding: 8bit

[23-Apr-2025 10:32:55 Europe/Berlin] SMTP Debug: CLIENT -> SERVER: 

[23-Apr-2025 10:32:55 Europe/Berlin] SMTP Debug: CLIENT -> SERVER: 

[23-Apr-2025 10:32:55 Europe/Berlin] SMTP Debug: CLIENT -> SERVER:         

[23-Apr-2025 10:32:55 Europe/Berlin] SMTP Debug: CLIENT -> SERVER:         

[23-Apr-2025 10:32:55 Europe/Berlin] SMTP Debug: CLIENT -> SERVER:             

[23-Apr-2025 10:32:55 Europe/Berlin] SMTP Debug: CLIENT -> SERVER:                 body {

[23-Apr-2025 10:32:55 Europe/Berlin] SMTP Debug: CLIENT -> SERVER:                     font-family: 'Segoe UI', Tahoma, Geneva, Verdana, sans-serif;

[23-Apr-2025 10:32:55 Europe/Berlin] SMTP Debug: CLIENT -> SERVER:                     background-color: #f4f4f4;

[23-Apr-2025 10:32:55 Europe/Berlin] SMTP Debug: CLIENT -> SERVER:                     margin: 0;

[23-Apr-2025 10:32:55 Europe/Berlin] SMTP Debug: CLIENT -> SERVER:                     padding: 0;

[23-Apr-2025 10:32:55 Europe/Berlin] SMTP Debug: CLIENT -> SERVER:                 }

[23-Apr-2025 10:32:55 Europe/Berlin] SMTP Debug: CLIENT -> SERVER:                 .container {

[23-Apr-2025 10:32:55 Europe/Berlin] SMTP Debug: CLIENT -> SERVER:                     max-width: 640px;

[23-Apr-2025 10:32:55 Europe/Berlin] SMTP Debug: CLIENT -> SERVER:                     margin: 40px auto;

[23-Apr-2025 10:32:55 Europe/Berlin] SMTP Debug: CLIENT -> SERVER:                     background: #ffffff;

[23-Apr-2025 10:32:55 Europe/Berlin] SMTP Debug: CLIENT -> SERVER:                     border-radius: 10px;

[23-Apr-2025 10:32:55 Europe/Berlin] SMTP Debug: CLIENT -> SERVER:                     box-shadow: 0 2px 8px rgba(0,0,0,0.1);

[23-Apr-2025 10:32:55 Europe/Berlin] SMTP Debug: CLIENT -> SERVER:                     overflow: hidden;

[23-Apr-2025 10:32:55 Europe/Berlin] SMTP Debug: CLIENT -> SERVER:                 }

[23-Apr-2025 10:32:55 Europe/Berlin] SMTP Debug: CLIENT -> SERVER:                 .header {

[23-Apr-2025 10:32:55 Europe/Berlin] SMTP Debug: CLIENT -> SERVER:                     background: rgb(0,51,102);

[23-Apr-2025 10:32:55 Europe/Berlin] SMTP Debug: CLIENT -> SERVER:                     background: linear-gradient(159deg, rgba(0,51,102,1) 0%, rgba(15,82,186,1) 100%);

[23-Apr-2025 10:32:55 Europe/Berlin] SMTP Debug: CLIENT -> SERVER:                     color: #fff;

[23-Apr-2025 10:32:55 Europe/Berlin] SMTP Debug: CLIENT -> SERVER:                     padding: 30px 20px;

[23-Apr-2025 10:32:55 Europe/Berlin] SMTP Debug: CLIENT -> SERVER:                     text-align: center;

[23-Apr-2025 10:32:55 Europe/Berlin] SMTP Debug: CLIENT -> SERVER:                 }

[23-Apr-2025 10:32:55 Europe/Berlin] SMTP Debug: CLIENT -> SERVER:                 .content {

[23-Apr-2025 10:32:55 Europe/Berlin] SMTP Debug: CLIENT -> SERVER:                     padding: 30px 20px;

[23-Apr-2025 10:32:55 Europe/Berlin] SMTP Debug: CLIENT -> SERVER:                     color: #333;

[23-Apr-2025 10:32:55 Europe/Berlin] SMTP Debug: CLIENT -> SERVER:                 }

[23-Apr-2025 10:32:55 Europe/Berlin] SMTP Debug: CLIENT -> SERVER:                 .otp-box {

[23-Apr-2025 10:32:55 Europe/Berlin] SMTP Debug: CLIENT -> SERVER:                     margin-top: 20px;

[23-Apr-2025 10:32:55 Europe/Berlin] SMTP Debug: CLIENT -> SERVER:                     background-color: #f9f9f9;

[23-Apr-2025 10:32:55 Europe/Berlin] SMTP Debug: CLIENT -> SERVER:                     padding: 20px;

[23-Apr-2025 10:32:55 Europe/Berlin] SMTP Debug: CLIENT -> SERVER:                     border-left: 4px solid #8E2DE2;

[23-Apr-2025 10:32:55 Europe/Berlin] SMTP Debug: CLIENT -> SERVER:                     border-radius: 5px;

[23-Apr-2025 10:32:55 Europe/Berlin] SMTP Debug: CLIENT -> SERVER:                     text-align: center;

[23-Apr-2025 10:32:55 Europe/Berlin] SMTP Debug: CLIENT -> SERVER:                     font-size: 24px;

[23-Apr-2025 10:32:55 Europe/Berlin] SMTP Debug: CLIENT -> SERVER:                     font-weight: bold;

[23-Apr-2025 10:32:55 Europe/Berlin] SMTP Debug: CLIENT -> SERVER:                     letter-spacing: 5px;

[23-Apr-2025 10:32:55 Europe/Berlin] SMTP Debug: CLIENT -> SERVER:                 }

[23-Apr-2025 10:32:55 Europe/Berlin] SMTP Debug: CLIENT -> SERVER:                 .footer {

[23-Apr-2025 10:32:55 Europe/Berlin] SMTP Debug: CLIENT -> SERVER:                     text-align: center;

[23-Apr-2025 10:32:55 Europe/Berlin] SMTP Debug: CLIENT -> SERVER:                     font-size: 12px;

[23-Apr-2025 10:32:55 Europe/Berlin] SMTP Debug: CLIENT -> SERVER:                     color: #777;

[23-Apr-2025 10:32:55 Europe/Berlin] SMTP Debug: CLIENT -> SERVER:                     padding: 20px;

[23-Apr-2025 10:32:55 Europe/Berlin] SMTP Debug: CLIENT -> SERVER:                     background-color: #fafafa;

[23-Apr-2025 10:32:55 Europe/Berlin] SMTP Debug: CLIENT -> SERVER:                 }

[23-Apr-2025 10:32:55 Europe/Berlin] SMTP Debug: CLIENT -> SERVER:             

[23-Apr-2025 10:32:55 Europe/Berlin] SMTP Debug: CLIENT -> SERVER:         

[23-Apr-2025 10:32:55 Europe/Berlin] SMTP Debug: CLIENT -> SERVER:         

[23-Apr-2025 10:32:55 Europe/Berlin] SMTP Debug: CLIENT -> SERVER:             

[23-Apr-2025 10:32:55 Europe/Berlin] SMTP Debug: CLIENT -> SERVER:                 

[23-Apr-2025 10:32:55 Europe/Berlin] SMTP Debug: CLIENT -> SERVER:                     🔐 OTP for Login

[23-Apr-2025 10:32:55 Europe/Berlin] SMTP Debug: CLIENT -> SERVER:                 

[23-Apr-2025 10:32:55 Europe/Berlin] SMTP Debug: CLIENT -> SERVER:                 

[23-Apr-2025 10:32:55 Europe/Berlin] SMTP Debug: CLIENT -> SERVER:                     Hello Shashank,

[23-Apr-2025 10:32:55 Europe/Berlin] SMTP Debug: CLIENT -> SERVER:                     Your OTP for login is:

[23-Apr-2025 10:32:55 Europe/Berlin] SMTP Debug: CLIENT -> SERVER:                     

[23-Apr-2025 10:32:55 Europe/Berlin] SMTP Debug: CLIENT -> SERVER:                         515155

[23-Apr-2025 10:32:55 Europe/Berlin] SMTP Debug: CLIENT -> SERVER:                     

[23-Apr-2025 10:32:55 Europe/Berlin] SMTP Debug: CLIENT -> SERVER:                     This OTP will expire in 5 minutes.

[23-Apr-2025 10:32:55 Europe/Berlin] SMTP Debug: CLIENT -> SERVER:                     If you didn't request this OTP, please ignore this email.

[23-Apr-2025 10:32:55 Europe/Berlin] SMTP Debug: CLIENT -> SERVER:                 

[23-Apr-2025 10:32:55 Europe/Berlin] SMTP Debug: CLIENT -> SERVER:                 

[23-Apr-2025 10:32:55 Europe/Berlin] SMTP Debug: CLIENT -> SERVER:                     This is an automated message, please do not reply.

[23-Apr-2025 10:32:55 Europe/Berlin] SMTP Debug: CLIENT -> SERVER:                 

[23-Apr-2025 10:32:55 Europe/Berlin] SMTP Debug: CLIENT -> SERVER:             

[23-Apr-2025 10:32:55 Europe/Berlin] SMTP Debug: CLIENT -> SERVER:         

[23-Apr-2025 10:32:55 Europe/Berlin] SMTP Debug: CLIENT -> SERVER:         

[23-Apr-2025 10:32:55 Europe/Berlin] SMTP Debug: CLIENT -> SERVER: 

[23-Apr-2025 10:32:55 Europe/Berlin] SMTP Debug: CLIENT -> SERVER: --b1=_T2cAGBdQ8VuRFqbyM4MuvrmYjEDqajkAeAn98uGhgU

[23-Apr-2025 10:32:55 Europe/Berlin] SMTP Debug: CLIENT -> SERVER: Content-Type: text/html; charset=iso-8859-1

[23-Apr-2025 10:32:55 Europe/Berlin] SMTP Debug: CLIENT -> SERVER: Content-Transfer-Encoding: 8bit

[23-Apr-2025 10:32:55 Europe/Berlin] SMTP Debug: CLIENT -> SERVER: 

[23-Apr-2025 10:32:55 Europe/Berlin] SMTP Debug: CLIENT -> SERVER: 

[23-Apr-2025 10:32:55 Europe/Berlin] SMTP Debug: CLIENT -> SERVER:         <html>

[23-Apr-2025 10:32:55 Europe/Berlin] SMTP Debug: CLIENT -> SERVER:         <head>

[23-Apr-2025 10:32:55 Europe/Berlin] SMTP Debug: CLIENT -> SERVER:             <style>

[23-Apr-2025 10:32:55 Europe/Berlin] SMTP Debug: CLIENT -> SERVER:                 body {

[23-Apr-2025 10:32:55 Europe/Berlin] SMTP Debug: CLIENT -> SERVER:                     font-family: 'Segoe UI', Tahoma, Geneva, Verdana, sans-serif;

[23-Apr-2025 10:32:55 Europe/Berlin] SMTP Debug: CLIENT -> SERVER:                     background-color: #f4f4f4;

[23-Apr-2025 10:32:55 Europe/Berlin] SMTP Debug: CLIENT -> SERVER:                     margin: 0;

[23-Apr-2025 10:32:55 Europe/Berlin] SMTP Debug: CLIENT -> SERVER:                     padding: 0;

[23-Apr-2025 10:32:55 Europe/Berlin] SMTP Debug: CLIENT -> SERVER:                 }

[23-Apr-2025 10:32:55 Europe/Berlin] SMTP Debug: CLIENT -> SERVER:                 .container {

[23-Apr-2025 10:32:55 Europe/Berlin] SMTP Debug: CLIENT -> SERVER:                     max-width: 640px;

[23-Apr-2025 10:32:55 Europe/Berlin] SMTP Debug: CLIENT -> SERVER:                     margin: 40px auto;

[23-Apr-2025 10:32:55 Europe/Berlin] SMTP Debug: CLIENT -> SERVER:                     background: #ffffff;

[23-Apr-2025 10:32:55 Europe/Berlin] SMTP Debug: CLIENT -> SERVER:                     border-radius: 10px;

[23-Apr-2025 10:32:55 Europe/Berlin] SMTP Debug: CLIENT -> SERVER:                     box-shadow: 0 2px 8px rgba(0,0,0,0.1);

[23-Apr-2025 10:32:55 Europe/Berlin] SMTP Debug: CLIENT -> SERVER:                     overflow: hidden;

[23-Apr-2025 10:32:55 Europe/Berlin] SMTP Debug: CLIENT -> SERVER:                 }

[23-Apr-2025 10:32:55 Europe/Berlin] SMTP Debug: CLIENT -> SERVER:                 .header {

[23-Apr-2025 10:32:55 Europe/Berlin] SMTP Debug: CLIENT -> SERVER:                     background: rgb(0,51,102);

[23-Apr-2025 10:32:55 Europe/Berlin] SMTP Debug: CLIENT -> SERVER:                     background: linear-gradient(159deg, rgba(0,51,102,1) 0%, rgba(15,82,186,1) 100%);

[23-Apr-2025 10:32:55 Europe/Berlin] SMTP Debug: CLIENT -> SERVER:                     color: #fff;

[23-Apr-2025 10:32:55 Europe/Berlin] SMTP Debug: CLIENT -> SERVER:                     padding: 30px 20px;

[23-Apr-2025 10:32:55 Europe/Berlin] SMTP Debug: CLIENT -> SERVER:                     text-align: center;

[23-Apr-2025 10:32:55 Europe/Berlin] SMTP Debug: CLIENT -> SERVER:                 }

[23-Apr-2025 10:32:55 Europe/Berlin] SMTP Debug: CLIENT -> SERVER:                 .content {

[23-Apr-2025 10:32:55 Europe/Berlin] SMTP Debug: CLIENT -> SERVER:                     padding: 30px 20px;

[23-Apr-2025 10:32:55 Europe/Berlin] SMTP Debug: CLIENT -> SERVER:                     color: #333;

[23-Apr-2025 10:32:55 Europe/Berlin] SMTP Debug: CLIENT -> SERVER:                 }

[23-Apr-2025 10:32:55 Europe/Berlin] SMTP Debug: CLIENT -> SERVER:                 .otp-box {

[23-Apr-2025 10:32:55 Europe/Berlin] SMTP Debug: CLIENT -> SERVER:                     margin-top: 20px;

[23-Apr-2025 10:32:55 Europe/Berlin] SMTP Debug: CLIENT -> SERVER:                     background-color: #f9f9f9;

[23-Apr-2025 10:32:55 Europe/Berlin] SMTP Debug: CLIENT -> SERVER:                     padding: 20px;

[23-Apr-2025 10:32:55 Europe/Berlin] SMTP Debug: CLIENT -> SERVER:                     border-left: 4px solid #8E2DE2;

[23-Apr-2025 10:32:55 Europe/Berlin] SMTP Debug: CLIENT -> SERVER:                     border-radius: 5px;

[23-Apr-2025 10:32:55 Europe/Berlin] SMTP Debug: CLIENT -> SERVER:                     text-align: center;

[23-Apr-2025 10:32:55 Europe/Berlin] SMTP Debug: CLIENT -> SERVER:                     font-size: 24px;

[23-Apr-2025 10:32:55 Europe/Berlin] SMTP Debug: CLIENT -> SERVER:                     font-weight: bold;

[23-Apr-2025 10:32:55 Europe/Berlin] SMTP Debug: CLIENT -> SERVER:                     letter-spacing: 5px;

[23-Apr-2025 10:32:55 Europe/Berlin] SMTP Debug: CLIENT -> SERVER:                 }

[23-Apr-2025 10:32:55 Europe/Berlin] SMTP Debug: CLIENT -> SERVER:                 .footer {

[23-Apr-2025 10:32:55 Europe/Berlin] SMTP Debug: CLIENT -> SERVER:                     text-align: center;

[23-Apr-2025 10:32:55 Europe/Berlin] SMTP Debug: CLIENT -> SERVER:                     font-size: 12px;

[23-Apr-2025 10:32:55 Europe/Berlin] SMTP Debug: CLIENT -> SERVER:                     color: #777;

[23-Apr-2025 10:32:55 Europe/Berlin] SMTP Debug: CLIENT -> SERVER:                     padding: 20px;

[23-Apr-2025 10:32:55 Europe/Berlin] SMTP Debug: CLIENT -> SERVER:                     background-color: #fafafa;

[23-Apr-2025 10:32:55 Europe/Berlin] SMTP Debug: CLIENT -> SERVER:                 }

[23-Apr-2025 10:32:55 Europe/Berlin] SMTP Debug: CLIENT -> SERVER:             </style>

[23-Apr-2025 10:32:55 Europe/Berlin] SMTP Debug: CLIENT -> SERVER:         </head>

[23-Apr-2025 10:32:55 Europe/Berlin] SMTP Debug: CLIENT -> SERVER:         <body>

[23-Apr-2025 10:32:55 Europe/Berlin] SMTP Debug: CLIENT -> SERVER:             <div class='container'>

[23-Apr-2025 10:32:55 Europe/Berlin] SMTP Debug: CLIENT -> SERVER:                 <div class='header'>

[23-Apr-2025 10:32:55 Europe/Berlin] SMTP Debug: CLIENT -> SERVER:                     <h2>🔐 OTP for Login</h2>

[23-Apr-2025 10:32:55 Europe/Berlin] SMTP Debug: CLIENT -> SERVER:                 </div>

[23-Apr-2025 10:32:55 Europe/Berlin] SMTP Debug: CLIENT -> SERVER:                 <div class='content'>

[23-Apr-2025 10:32:55 Europe/Berlin] SMTP Debug: CLIENT -> SERVER:                     <p>Hello Shashank,</p>

[23-Apr-2025 10:32:55 Europe/Berlin] SMTP Debug: CLIENT -> SERVER:                     <p>Your OTP for login is:</p>

[23-Apr-2025 10:32:55 Europe/Berlin] SMTP Debug: CLIENT -> SERVER:                     <div class='otp-box'>

[23-Apr-2025 10:32:55 Europe/Berlin] SMTP Debug: CLIENT -> SERVER:                         515155

[23-Apr-2025 10:32:55 Europe/Berlin] SMTP Debug: CLIENT -> SERVER:                     </div>

[23-Apr-2025 10:32:55 Europe/Berlin] SMTP Debug: CLIENT -> SERVER:                     <p>This OTP will expire in 5 minutes.</p>

[23-Apr-2025 10:32:55 Europe/Berlin] SMTP Debug: CLIENT -> SERVER:                     <p>If you didn't request this OTP, please ignore this email.</p>

[23-Apr-2025 10:32:55 Europe/Berlin] SMTP Debug: CLIENT -> SERVER:                 </div>

[23-Apr-2025 10:32:55 Europe/Berlin] SMTP Debug: CLIENT -> SERVER:                 <div class='footer'>

[23-Apr-2025 10:32:55 Europe/Berlin] SMTP Debug: CLIENT -> SERVER:                     <p>This is an automated message, please do not reply.</p>

[23-Apr-2025 10:32:55 Europe/Berlin] SMTP Debug: CLIENT -> SERVER:                 </div>

[23-Apr-2025 10:32:55 Europe/Berlin] SMTP Debug: CLIENT -> SERVER:             </div>

[23-Apr-2025 10:32:55 Europe/Berlin] SMTP Debug: CLIENT -> SERVER:         </body>

[23-Apr-2025 10:32:55 Europe/Berlin] SMTP Debug: CLIENT -> SERVER:         </html>

[23-Apr-2025 10:32:55 Europe/Berlin] SMTP Debug: CLIENT -> SERVER: 

[23-Apr-2025 10:32:55 Europe/Berlin] SMTP Debug: CLIENT -> SERVER: 

[23-Apr-2025 10:32:55 Europe/Berlin] SMTP Debug: CLIENT -> SERVER: --b1=_T2cAGBdQ8VuRFqbyM4MuvrmYjEDqajkAeAn98uGhgU--

[23-Apr-2025 10:32:55 Europe/Berlin] SMTP Debug: CLIENT -> SERVER: 

[23-Apr-2025 10:32:55 Europe/Berlin] SMTP Debug: CLIENT -> SERVER: .

[23-Apr-2025 10:32:56 Europe/Berlin] SMTP Debug: SERVER -> CLIENT: 250 2.0.0 OK  1745397313 d9443c01a7336-22c50eb4839sm98796565ad.127 - gsmtp

[23-Apr-2025 10:32:56 Europe/Berlin] SMTP Debug: CLIENT -> SERVER: QUIT

[23-Apr-2025 10:32:56 Europe/Berlin] SMTP Debug: SERVER -> CLIENT: 221 2.0.0 closing connection d9443c01a7336-22c50eb4839sm98796565ad.127 - gsmtp

[23-Apr-2025 10:33:02 Europe/Berlin] PHP Notice:  session_start(): Ignoring session_start() because a session is already active in C:\xampp\htdocs\ayndrome-api\api\verify_otp.php on line 100
[23-Apr-2025 10:33:02 Europe/Berlin] Database error: SQLSTATE[42S22]: Column not found: 1054 Unknown column 'last_login' in 'field list'
[23-Apr-2025 10:33:08 Europe/Berlin] No OTP found for email: shashanksaket9@gmail.com
[23-Apr-2025 10:36:55 Europe/Berlin] No OTP found for email: shashanksaket9@gmail.com
[23-Apr-2025 10:37:55 Europe/Berlin] No OTP found for email: shashanksaket9@gmail.com
[23-Apr-2025 10:37:56 Europe/Berlin] No OTP found for email: shashanksaket9@gmail.com
[23-Apr-2025 10:37:56 Europe/Berlin] No OTP found for email: shashanksaket9@gmail.com
[23-Apr-2025 10:38:08 Europe/Berlin] SMTP Debug: SERVER -> CLIENT: 220 smtp.gmail.com ESMTP 41be03b00d2f7-b0fd23599cesm5595780a12.59 - gsmtp

[23-Apr-2025 10:38:08 Europe/Berlin] SMTP Debug: CLIENT -> SERVER: EHLO localhost

[23-Apr-2025 10:38:08 Europe/Berlin] SMTP Debug: SERVER -> CLIENT: 250-smtp.gmail.com at your service, [2409:40d1:1026:7203:7497:7a7b:b374:5990]
250-SIZE 35882577
250-8BITMIME
250-STARTTLS
250-ENHANCEDSTATUSCODES
250-PIPELINING
250-CHUNKING
250 SMTPUTF8

[23-Apr-2025 10:38:08 Europe/Berlin] SMTP Debug: CLIENT -> SERVER: STARTTLS

[23-Apr-2025 10:38:09 Europe/Berlin] SMTP Debug: SERVER -> CLIENT: 220 2.0.0 Ready to start TLS

[23-Apr-2025 10:38:09 Europe/Berlin] SMTP Debug: CLIENT -> SERVER: EHLO localhost

[23-Apr-2025 10:38:09 Europe/Berlin] SMTP Debug: SERVER -> CLIENT: 250-smtp.gmail.com at your service, [2409:40d1:1026:7203:7497:7a7b:b374:5990]
250-SIZE 35882577
250-8BITMIME
250-AUTH LOGIN PLAIN XOAUTH2 PLAIN-CLIENTTOKEN OAUTHBEARER XOAUTH
250-ENHANCEDSTATUSCODES
250-PIPELINING
250-CHUNKING
250 SMTPUTF8

[23-Apr-2025 10:38:09 Europe/Berlin] SMTP Debug: CLIENT -> SERVER: AUTH LOGIN

[23-Apr-2025 10:38:09 Europe/Berlin] SMTP Debug: SERVER -> CLIENT: 334 VXNlcm5hbWU6

[23-Apr-2025 10:38:09 Europe/Berlin] SMTP Debug: CLIENT -> SERVER: [credentials hidden]
[23-Apr-2025 10:38:10 Europe/Berlin] SMTP Debug: SERVER -> CLIENT: 334 UGFzc3dvcmQ6

[23-Apr-2025 10:38:10 Europe/Berlin] SMTP Debug: CLIENT -> SERVER: [credentials hidden]
[23-Apr-2025 10:38:10 Europe/Berlin] SMTP Debug: SERVER -> CLIENT: 235 2.7.0 Accepted

[23-Apr-2025 10:38:10 Europe/Berlin] SMTP Debug: CLIENT -> SERVER: MAIL FROM:<shashanksaket9@gmail.com>

[23-Apr-2025 10:38:10 Europe/Berlin] SMTP Debug: SERVER -> CLIENT: 250 2.1.0 OK 41be03b00d2f7-b0fd23599cesm5595780a12.59 - gsmtp

[23-Apr-2025 10:38:10 Europe/Berlin] SMTP Debug: CLIENT -> SERVER: RCPT TO:<shashanksaket9@gmail.com>

[23-Apr-2025 10:38:11 Europe/Berlin] SMTP Debug: SERVER -> CLIENT: 250 2.1.5 OK 41be03b00d2f7-b0fd23599cesm5595780a12.59 - gsmtp

[23-Apr-2025 10:38:11 Europe/Berlin] SMTP Debug: CLIENT -> SERVER: DATA

[23-Apr-2025 10:38:11 Europe/Berlin] SMTP Debug: SERVER -> CLIENT: 354 Go ahead 41be03b00d2f7-b0fd23599cesm5595780a12.59 - gsmtp

[23-Apr-2025 10:38:11 Europe/Berlin] SMTP Debug: CLIENT -> SERVER: Date: Wed, 23 Apr 2025 10:38:07 +0200

[23-Apr-2025 10:38:11 Europe/Berlin] SMTP Debug: CLIENT -> SERVER: To: Shashank Singh <shashanksaket9@gmail.com>

[23-Apr-2025 10:38:11 Europe/Berlin] SMTP Debug: CLIENT -> SERVER: From: Ayndrome <shashanksaket9@gmail.com>

[23-Apr-2025 10:38:11 Europe/Berlin] SMTP Debug: CLIENT -> SERVER: Subject: Your OTP for Login - Ayndrome

[23-Apr-2025 10:38:11 Europe/Berlin] SMTP Debug: CLIENT -> SERVER: Message-ID: <XGZhqzdSrcz6z1xkQtcW5pdidxA4252GOTA3jqtUBcA@localhost>

[23-Apr-2025 10:38:11 Europe/Berlin] SMTP Debug: CLIENT -> SERVER: X-Mailer: PHPMailer 6.9.3 (https://github.com/PHPMailer/PHPMailer)

[23-Apr-2025 10:38:11 Europe/Berlin] SMTP Debug: CLIENT -> SERVER: MIME-Version: 1.0

[23-Apr-2025 10:38:11 Europe/Berlin] SMTP Debug: CLIENT -> SERVER: Content-Type: multipart/alternative;

[23-Apr-2025 10:38:11 Europe/Berlin] SMTP Debug: CLIENT -> SERVER:  boundary="b1=_XGZhqzdSrcz6z1xkQtcW5pdidxA4252GOTA3jqtUBcA"

[23-Apr-2025 10:38:11 Europe/Berlin] SMTP Debug: CLIENT -> SERVER: Content-Transfer-Encoding: 8bit

[23-Apr-2025 10:38:11 Europe/Berlin] SMTP Debug: CLIENT -> SERVER: 

[23-Apr-2025 10:38:11 Europe/Berlin] SMTP Debug: CLIENT -> SERVER: --b1=_XGZhqzdSrcz6z1xkQtcW5pdidxA4252GOTA3jqtUBcA

[23-Apr-2025 10:38:11 Europe/Berlin] SMTP Debug: CLIENT -> SERVER: Content-Type: text/plain; charset=iso-8859-1

[23-Apr-2025 10:38:11 Europe/Berlin] SMTP Debug: CLIENT -> SERVER: Content-Transfer-Encoding: 8bit

[23-Apr-2025 10:38:11 Europe/Berlin] SMTP Debug: CLIENT -> SERVER: 

[23-Apr-2025 10:38:11 Europe/Berlin] SMTP Debug: CLIENT -> SERVER: 

[23-Apr-2025 10:38:11 Europe/Berlin] SMTP Debug: CLIENT -> SERVER:         

[23-Apr-2025 10:38:11 Europe/Berlin] SMTP Debug: CLIENT -> SERVER:         

[23-Apr-2025 10:38:11 Europe/Berlin] SMTP Debug: CLIENT -> SERVER:             

[23-Apr-2025 10:38:11 Europe/Berlin] SMTP Debug: CLIENT -> SERVER:                 body {

[23-Apr-2025 10:38:11 Europe/Berlin] SMTP Debug: CLIENT -> SERVER:                     font-family: 'Segoe UI', Tahoma, Geneva, Verdana, sans-serif;

[23-Apr-2025 10:38:11 Europe/Berlin] SMTP Debug: CLIENT -> SERVER:                     background-color: #f4f4f4;

[23-Apr-2025 10:38:11 Europe/Berlin] SMTP Debug: CLIENT -> SERVER:                     margin: 0;

[23-Apr-2025 10:38:11 Europe/Berlin] SMTP Debug: CLIENT -> SERVER:                     padding: 0;

[23-Apr-2025 10:38:11 Europe/Berlin] SMTP Debug: CLIENT -> SERVER:                 }

[23-Apr-2025 10:38:11 Europe/Berlin] SMTP Debug: CLIENT -> SERVER:                 .container {

[23-Apr-2025 10:38:11 Europe/Berlin] SMTP Debug: CLIENT -> SERVER:                     max-width: 640px;

[23-Apr-2025 10:38:11 Europe/Berlin] SMTP Debug: CLIENT -> SERVER:                     margin: 40px auto;

[23-Apr-2025 10:38:11 Europe/Berlin] SMTP Debug: CLIENT -> SERVER:                     background: #ffffff;

[23-Apr-2025 10:38:11 Europe/Berlin] SMTP Debug: CLIENT -> SERVER:                     border-radius: 10px;

[23-Apr-2025 10:38:11 Europe/Berlin] SMTP Debug: CLIENT -> SERVER:                     box-shadow: 0 2px 8px rgba(0,0,0,0.1);

[23-Apr-2025 10:38:11 Europe/Berlin] SMTP Debug: CLIENT -> SERVER:                     overflow: hidden;

[23-Apr-2025 10:38:11 Europe/Berlin] SMTP Debug: CLIENT -> SERVER:                 }

[23-Apr-2025 10:38:11 Europe/Berlin] SMTP Debug: CLIENT -> SERVER:                 .header {

[23-Apr-2025 10:38:11 Europe/Berlin] SMTP Debug: CLIENT -> SERVER:                     background: rgb(0,51,102);

[23-Apr-2025 10:38:11 Europe/Berlin] SMTP Debug: CLIENT -> SERVER:                     background: linear-gradient(159deg, rgba(0,51,102,1) 0%, rgba(15,82,186,1) 100%);

[23-Apr-2025 10:38:11 Europe/Berlin] SMTP Debug: CLIENT -> SERVER:                     color: #fff;

[23-Apr-2025 10:38:11 Europe/Berlin] SMTP Debug: CLIENT -> SERVER:                     padding: 30px 20px;

[23-Apr-2025 10:38:11 Europe/Berlin] SMTP Debug: CLIENT -> SERVER:                     text-align: center;

[23-Apr-2025 10:38:11 Europe/Berlin] SMTP Debug: CLIENT -> SERVER:                 }

[23-Apr-2025 10:38:11 Europe/Berlin] SMTP Debug: CLIENT -> SERVER:                 .content {

[23-Apr-2025 10:38:11 Europe/Berlin] SMTP Debug: CLIENT -> SERVER:                     padding: 30px 20px;

[23-Apr-2025 10:38:11 Europe/Berlin] SMTP Debug: CLIENT -> SERVER:                     color: #333;

[23-Apr-2025 10:38:11 Europe/Berlin] SMTP Debug: CLIENT -> SERVER:                 }

[23-Apr-2025 10:38:11 Europe/Berlin] SMTP Debug: CLIENT -> SERVER:                 .otp-box {

[23-Apr-2025 10:38:11 Europe/Berlin] SMTP Debug: CLIENT -> SERVER:                     margin-top: 20px;

[23-Apr-2025 10:38:11 Europe/Berlin] SMTP Debug: CLIENT -> SERVER:                     background-color: #f9f9f9;

[23-Apr-2025 10:38:11 Europe/Berlin] SMTP Debug: CLIENT -> SERVER:                     padding: 20px;

[23-Apr-2025 10:38:11 Europe/Berlin] SMTP Debug: CLIENT -> SERVER:                     border-left: 4px solid #8E2DE2;

[23-Apr-2025 10:38:11 Europe/Berlin] SMTP Debug: CLIENT -> SERVER:                     border-radius: 5px;

[23-Apr-2025 10:38:11 Europe/Berlin] SMTP Debug: CLIENT -> SERVER:                     text-align: center;

[23-Apr-2025 10:38:11 Europe/Berlin] SMTP Debug: CLIENT -> SERVER:                     font-size: 24px;

[23-Apr-2025 10:38:11 Europe/Berlin] SMTP Debug: CLIENT -> SERVER:                     font-weight: bold;

[23-Apr-2025 10:38:11 Europe/Berlin] SMTP Debug: CLIENT -> SERVER:                     letter-spacing: 5px;

[23-Apr-2025 10:38:11 Europe/Berlin] SMTP Debug: CLIENT -> SERVER:                 }

[23-Apr-2025 10:38:11 Europe/Berlin] SMTP Debug: CLIENT -> SERVER:                 .footer {

[23-Apr-2025 10:38:11 Europe/Berlin] SMTP Debug: CLIENT -> SERVER:                     text-align: center;

[23-Apr-2025 10:38:11 Europe/Berlin] SMTP Debug: CLIENT -> SERVER:                     font-size: 12px;

[23-Apr-2025 10:38:11 Europe/Berlin] SMTP Debug: CLIENT -> SERVER:                     color: #777;

[23-Apr-2025 10:38:11 Europe/Berlin] SMTP Debug: CLIENT -> SERVER:                     padding: 20px;

[23-Apr-2025 10:38:11 Europe/Berlin] SMTP Debug: CLIENT -> SERVER:                     background-color: #fafafa;

[23-Apr-2025 10:38:11 Europe/Berlin] SMTP Debug: CLIENT -> SERVER:                 }

[23-Apr-2025 10:38:11 Europe/Berlin] SMTP Debug: CLIENT -> SERVER:             

[23-Apr-2025 10:38:11 Europe/Berlin] SMTP Debug: CLIENT -> SERVER:         

[23-Apr-2025 10:38:11 Europe/Berlin] SMTP Debug: CLIENT -> SERVER:         

[23-Apr-2025 10:38:11 Europe/Berlin] SMTP Debug: CLIENT -> SERVER:             

[23-Apr-2025 10:38:11 Europe/Berlin] SMTP Debug: CLIENT -> SERVER:                 

[23-Apr-2025 10:38:11 Europe/Berlin] SMTP Debug: CLIENT -> SERVER:                     🔐 OTP for Login

[23-Apr-2025 10:38:11 Europe/Berlin] SMTP Debug: CLIENT -> SERVER:                 

[23-Apr-2025 10:38:11 Europe/Berlin] SMTP Debug: CLIENT -> SERVER:                 

[23-Apr-2025 10:38:11 Europe/Berlin] SMTP Debug: CLIENT -> SERVER:                     Hello Shashank,

[23-Apr-2025 10:38:11 Europe/Berlin] SMTP Debug: CLIENT -> SERVER:                     Your OTP for login is:

[23-Apr-2025 10:38:11 Europe/Berlin] SMTP Debug: CLIENT -> SERVER:                     

[23-Apr-2025 10:38:11 Europe/Berlin] SMTP Debug: CLIENT -> SERVER:                         871716

[23-Apr-2025 10:38:11 Europe/Berlin] SMTP Debug: CLIENT -> SERVER:                     

[23-Apr-2025 10:38:11 Europe/Berlin] SMTP Debug: CLIENT -> SERVER:                     This OTP will expire in 5 minutes.

[23-Apr-2025 10:38:11 Europe/Berlin] SMTP Debug: CLIENT -> SERVER:                     If you didn't request this OTP, please ignore this email.

[23-Apr-2025 10:38:11 Europe/Berlin] SMTP Debug: CLIENT -> SERVER:                 

[23-Apr-2025 10:38:11 Europe/Berlin] SMTP Debug: CLIENT -> SERVER:                 

[23-Apr-2025 10:38:11 Europe/Berlin] SMTP Debug: CLIENT -> SERVER:                     This is an automated message, please do not reply.

[23-Apr-2025 10:38:11 Europe/Berlin] SMTP Debug: CLIENT -> SERVER:                 

[23-Apr-2025 10:38:11 Europe/Berlin] SMTP Debug: CLIENT -> SERVER:             

[23-Apr-2025 10:38:11 Europe/Berlin] SMTP Debug: CLIENT -> SERVER:         

[23-Apr-2025 10:38:11 Europe/Berlin] SMTP Debug: CLIENT -> SERVER:         

[23-Apr-2025 10:38:11 Europe/Berlin] SMTP Debug: CLIENT -> SERVER: 

[23-Apr-2025 10:38:11 Europe/Berlin] SMTP Debug: CLIENT -> SERVER: --b1=_XGZhqzdSrcz6z1xkQtcW5pdidxA4252GOTA3jqtUBcA

[23-Apr-2025 10:38:11 Europe/Berlin] SMTP Debug: CLIENT -> SERVER: Content-Type: text/html; charset=iso-8859-1

[23-Apr-2025 10:38:11 Europe/Berlin] SMTP Debug: CLIENT -> SERVER: Content-Transfer-Encoding: 8bit

[23-Apr-2025 10:38:11 Europe/Berlin] SMTP Debug: CLIENT -> SERVER: 

[23-Apr-2025 10:38:11 Europe/Berlin] SMTP Debug: CLIENT -> SERVER: 

[23-Apr-2025 10:38:11 Europe/Berlin] SMTP Debug: CLIENT -> SERVER:         <html>

[23-Apr-2025 10:38:11 Europe/Berlin] SMTP Debug: CLIENT -> SERVER:         <head>

[23-Apr-2025 10:38:11 Europe/Berlin] SMTP Debug: CLIENT -> SERVER:             <style>

[23-Apr-2025 10:38:11 Europe/Berlin] SMTP Debug: CLIENT -> SERVER:                 body {

[23-Apr-2025 10:38:11 Europe/Berlin] SMTP Debug: CLIENT -> SERVER:                     font-family: 'Segoe UI', Tahoma, Geneva, Verdana, sans-serif;

[23-Apr-2025 10:38:11 Europe/Berlin] SMTP Debug: CLIENT -> SERVER:                     background-color: #f4f4f4;

[23-Apr-2025 10:38:11 Europe/Berlin] SMTP Debug: CLIENT -> SERVER:                     margin: 0;

[23-Apr-2025 10:38:11 Europe/Berlin] SMTP Debug: CLIENT -> SERVER:                     padding: 0;

[23-Apr-2025 10:38:11 Europe/Berlin] SMTP Debug: CLIENT -> SERVER:                 }

[23-Apr-2025 10:38:11 Europe/Berlin] SMTP Debug: CLIENT -> SERVER:                 .container {

[23-Apr-2025 10:38:11 Europe/Berlin] SMTP Debug: CLIENT -> SERVER:                     max-width: 640px;

[23-Apr-2025 10:38:11 Europe/Berlin] SMTP Debug: CLIENT -> SERVER:                     margin: 40px auto;

[23-Apr-2025 10:38:11 Europe/Berlin] SMTP Debug: CLIENT -> SERVER:                     background: #ffffff;

[23-Apr-2025 10:38:11 Europe/Berlin] SMTP Debug: CLIENT -> SERVER:                     border-radius: 10px;

[23-Apr-2025 10:38:11 Europe/Berlin] SMTP Debug: CLIENT -> SERVER:                     box-shadow: 0 2px 8px rgba(0,0,0,0.1);

[23-Apr-2025 10:38:11 Europe/Berlin] SMTP Debug: CLIENT -> SERVER:                     overflow: hidden;

[23-Apr-2025 10:38:11 Europe/Berlin] SMTP Debug: CLIENT -> SERVER:                 }

[23-Apr-2025 10:38:11 Europe/Berlin] SMTP Debug: CLIENT -> SERVER:                 .header {

[23-Apr-2025 10:38:11 Europe/Berlin] SMTP Debug: CLIENT -> SERVER:                     background: rgb(0,51,102);

[23-Apr-2025 10:38:11 Europe/Berlin] SMTP Debug: CLIENT -> SERVER:                     background: linear-gradient(159deg, rgba(0,51,102,1) 0%, rgba(15,82,186,1) 100%);

[23-Apr-2025 10:38:11 Europe/Berlin] SMTP Debug: CLIENT -> SERVER:                     color: #fff;

[23-Apr-2025 10:38:11 Europe/Berlin] SMTP Debug: CLIENT -> SERVER:                     padding: 30px 20px;

[23-Apr-2025 10:38:11 Europe/Berlin] SMTP Debug: CLIENT -> SERVER:                     text-align: center;

[23-Apr-2025 10:38:11 Europe/Berlin] SMTP Debug: CLIENT -> SERVER:                 }

[23-Apr-2025 10:38:11 Europe/Berlin] SMTP Debug: CLIENT -> SERVER:                 .content {

[23-Apr-2025 10:38:11 Europe/Berlin] SMTP Debug: CLIENT -> SERVER:                     padding: 30px 20px;

[23-Apr-2025 10:38:11 Europe/Berlin] SMTP Debug: CLIENT -> SERVER:                     color: #333;

[23-Apr-2025 10:38:11 Europe/Berlin] SMTP Debug: CLIENT -> SERVER:                 }

[23-Apr-2025 10:38:11 Europe/Berlin] SMTP Debug: CLIENT -> SERVER:                 .otp-box {

[23-Apr-2025 10:38:11 Europe/Berlin] SMTP Debug: CLIENT -> SERVER:                     margin-top: 20px;

[23-Apr-2025 10:38:11 Europe/Berlin] SMTP Debug: CLIENT -> SERVER:                     background-color: #f9f9f9;

[23-Apr-2025 10:38:11 Europe/Berlin] SMTP Debug: CLIENT -> SERVER:                     padding: 20px;

[23-Apr-2025 10:38:11 Europe/Berlin] SMTP Debug: CLIENT -> SERVER:                     border-left: 4px solid #8E2DE2;

[23-Apr-2025 10:38:11 Europe/Berlin] SMTP Debug: CLIENT -> SERVER:                     border-radius: 5px;

[23-Apr-2025 10:38:11 Europe/Berlin] SMTP Debug: CLIENT -> SERVER:                     text-align: center;

[23-Apr-2025 10:38:11 Europe/Berlin] SMTP Debug: CLIENT -> SERVER:                     font-size: 24px;

[23-Apr-2025 10:38:11 Europe/Berlin] SMTP Debug: CLIENT -> SERVER:                     font-weight: bold;

[23-Apr-2025 10:38:11 Europe/Berlin] SMTP Debug: CLIENT -> SERVER:                     letter-spacing: 5px;

[23-Apr-2025 10:38:11 Europe/Berlin] SMTP Debug: CLIENT -> SERVER:                 }

[23-Apr-2025 10:38:11 Europe/Berlin] SMTP Debug: CLIENT -> SERVER:                 .footer {

[23-Apr-2025 10:38:11 Europe/Berlin] SMTP Debug: CLIENT -> SERVER:                     text-align: center;

[23-Apr-2025 10:38:11 Europe/Berlin] SMTP Debug: CLIENT -> SERVER:                     font-size: 12px;

[23-Apr-2025 10:38:11 Europe/Berlin] SMTP Debug: CLIENT -> SERVER:                     color: #777;

[23-Apr-2025 10:38:11 Europe/Berlin] SMTP Debug: CLIENT -> SERVER:                     padding: 20px;

[23-Apr-2025 10:38:11 Europe/Berlin] SMTP Debug: CLIENT -> SERVER:                     background-color: #fafafa;

[23-Apr-2025 10:38:11 Europe/Berlin] SMTP Debug: CLIENT -> SERVER:                 }

[23-Apr-2025 10:38:11 Europe/Berlin] SMTP Debug: CLIENT -> SERVER:             </style>

[23-Apr-2025 10:38:11 Europe/Berlin] SMTP Debug: CLIENT -> SERVER:         </head>

[23-Apr-2025 10:38:11 Europe/Berlin] SMTP Debug: CLIENT -> SERVER:         <body>

[23-Apr-2025 10:38:11 Europe/Berlin] SMTP Debug: CLIENT -> SERVER:             <div class='container'>

[23-Apr-2025 10:38:11 Europe/Berlin] SMTP Debug: CLIENT -> SERVER:                 <div class='header'>

[23-Apr-2025 10:38:11 Europe/Berlin] SMTP Debug: CLIENT -> SERVER:                     <h2>🔐 OTP for Login</h2>

[23-Apr-2025 10:38:11 Europe/Berlin] SMTP Debug: CLIENT -> SERVER:                 </div>

[23-Apr-2025 10:38:11 Europe/Berlin] SMTP Debug: CLIENT -> SERVER:                 <div class='content'>

[23-Apr-2025 10:38:11 Europe/Berlin] SMTP Debug: CLIENT -> SERVER:                     <p>Hello Shashank,</p>

[23-Apr-2025 10:38:11 Europe/Berlin] SMTP Debug: CLIENT -> SERVER:                     <p>Your OTP for login is:</p>

[23-Apr-2025 10:38:11 Europe/Berlin] SMTP Debug: CLIENT -> SERVER:                     <div class='otp-box'>

[23-Apr-2025 10:38:11 Europe/Berlin] SMTP Debug: CLIENT -> SERVER:                         871716

[23-Apr-2025 10:38:11 Europe/Berlin] SMTP Debug: CLIENT -> SERVER:                     </div>

[23-Apr-2025 10:38:11 Europe/Berlin] SMTP Debug: CLIENT -> SERVER:                     <p>This OTP will expire in 5 minutes.</p>

[23-Apr-2025 10:38:11 Europe/Berlin] SMTP Debug: CLIENT -> SERVER:                     <p>If you didn't request this OTP, please ignore this email.</p>

[23-Apr-2025 10:38:11 Europe/Berlin] SMTP Debug: CLIENT -> SERVER:                 </div>

[23-Apr-2025 10:38:11 Europe/Berlin] SMTP Debug: CLIENT -> SERVER:                 <div class='footer'>

[23-Apr-2025 10:38:11 Europe/Berlin] SMTP Debug: CLIENT -> SERVER:                     <p>This is an automated message, please do not reply.</p>

[23-Apr-2025 10:38:11 Europe/Berlin] SMTP Debug: CLIENT -> SERVER:                 </div>

[23-Apr-2025 10:38:11 Europe/Berlin] SMTP Debug: CLIENT -> SERVER:             </div>

[23-Apr-2025 10:38:11 Europe/Berlin] SMTP Debug: CLIENT -> SERVER:         </body>

[23-Apr-2025 10:38:11 Europe/Berlin] SMTP Debug: CLIENT -> SERVER:         </html>

[23-Apr-2025 10:38:11 Europe/Berlin] SMTP Debug: CLIENT -> SERVER: 

[23-Apr-2025 10:38:11 Europe/Berlin] SMTP Debug: CLIENT -> SERVER: 

[23-Apr-2025 10:38:11 Europe/Berlin] SMTP Debug: CLIENT -> SERVER: --b1=_XGZhqzdSrcz6z1xkQtcW5pdidxA4252GOTA3jqtUBcA--

[23-Apr-2025 10:38:11 Europe/Berlin] SMTP Debug: CLIENT -> SERVER: 

[23-Apr-2025 10:38:11 Europe/Berlin] SMTP Debug: CLIENT -> SERVER: .

[23-Apr-2025 10:38:12 Europe/Berlin] SMTP Debug: SERVER -> CLIENT: 250 2.0.0 OK  1745397629 41be03b00d2f7-b0fd23599cesm5595780a12.59 - gsmtp

[23-Apr-2025 10:38:12 Europe/Berlin] SMTP Debug: CLIENT -> SERVER: QUIT

[23-Apr-2025 10:38:12 Europe/Berlin] SMTP Debug: SERVER -> CLIENT: 221 2.0.0 closing connection 41be03b00d2f7-b0fd23599cesm5595780a12.59 - gsmtp

[23-Apr-2025 10:38:39 Europe/Berlin] PHP Notice:  session_start(): Ignoring session_start() because a session is already active in C:\xampp\htdocs\ayndrome-api\api\verify_otp.php on line 100
[23-Apr-2025 10:38:39 Europe/Berlin] Database error: SQLSTATE[42S22]: Column not found: 1054 Unknown column 'last_login' in 'field list'
[23-Apr-2025 10:38:40 Europe/Berlin] No OTP found for email: shashanksaket9@gmail.com
[23-Apr-2025 10:42:36 Europe/Berlin] PHP Notice:  session_start(): Ignoring session_start() because a session is already active in C:\xampp\htdocs\ayndrome-api\api\login.php on line 78
[23-Apr-2025 10:42:55 Europe/Berlin] PHP Notice:  session_start(): Ignoring session_start() because a session is already active in C:\xampp\htdocs\ayndrome-api\api\verify_otp.php on line 100
[23-Apr-2025 10:42:55 Europe/Berlin] Database error: SQLSTATE[42S22]: Column not found: 1054 Unknown column 'last_login' in 'field list'
[23-Apr-2025 10:46:44 Europe/Berlin] PHP Notice:  session_start(): Ignoring session_start() because a session is already active in C:\xampp\htdocs\ayndrome-api\api\login.php on line 78
[23-Apr-2025 10:47:09 Europe/Berlin] PHP Notice:  session_start(): Ignoring session_start() because a session is already active in C:\xampp\htdocs\ayndrome-api\api\verify_otp.php on line 89
[23-Apr-2025 10:47:09 Europe/Berlin] Database error: SQLSTATE[42S22]: Column not found: 1054 Unknown column 'last_login' in 'field list'
[23-Apr-2025 10:49:33 Europe/Berlin] Invalid OTP for email: shashanksaket9@gmail.com. Stored OTP: , Provided OTP: 723952
[23-Apr-2025 10:49:33 Europe/Berlin] Invalid OTP for email: shashanksaket9@gmail.com. Stored OTP: , Provided OTP: 723952
[23-Apr-2025 10:49:34 Europe/Berlin] Invalid OTP for email: shashanksaket9@gmail.com. Stored OTP: , Provided OTP: 723952
[23-Apr-2025 10:51:26 Europe/Berlin] PHP Notice:  session_start(): Ignoring session_start() because a session is already active in C:\xampp\htdocs\ayndrome-api\api\login.php on line 78
[23-Apr-2025 10:51:44 Europe/Berlin] Database error in verify_otp.php: SQLSTATE[42S22]: Column not found: 1054 Unknown column 'last_login' in 'field list'
[23-Apr-2025 10:56:04 Europe/Berlin] PHP Notice:  session_start(): Ignoring session_start() because a session is already active in C:\xampp\htdocs\ayndrome-api\api\login.php on line 78
[23-Apr-2025 11:48:36 Europe/Berlin] PHP Notice:  session_start(): Ignoring session_start() because a session is already active in C:\xampp\htdocs\ayndrome-api\api\login.php on line 78
[23-Apr-2025 11:48:36 Europe/Berlin] PHP Warning:  session_set_cookie_params(): Session cookie parameters cannot be changed when a session is active in C:\xampp\htdocs\ayndrome-api\api\login.php on line 89
[23-Apr-2025 11:49:32 Europe/Berlin] PHP Notice:  session_start(): Ignoring session_start() because a session is already active in C:\xampp\htdocs\ayndrome-api\api\login.php on line 18
[23-Apr-2025 11:49:38 Europe/Berlin] PHP Notice:  session_start(): Ignoring session_start() because a session is already active in C:\xampp\htdocs\ayndrome-api\api\user_activity.php on line 21
[23-Apr-2025 11:49:40 Europe/Berlin] PHP Notice:  session_start(): Ignoring session_start() because a session is already active in C:\xampp\htdocs\ayndrome-api\api\delivery_history.php on line 22
[23-Apr-2025 11:49:40 Europe/Berlin] PHP Notice:  session_start(): Ignoring session_start() because a session is already active in C:\xampp\htdocs\ayndrome-api\api\get_track_parcels.php on line 21
[23-Apr-2025 11:49:42 Europe/Berlin] PHP Notice:  session_start(): Ignoring session_start() because a session is already active in C:\xampp\htdocs\ayndrome-api\api\get_track_parcels.php on line 21
[23-Apr-2025 11:49:44 Europe/Berlin] PHP Notice:  session_start(): Ignoring session_start() because a session is already active in C:\xampp\htdocs\ayndrome-api\api\delivery_history.php on line 22
[23-Apr-2025 11:49:50 Europe/Berlin] PHP Notice:  session_start(): Ignoring session_start() because a session is already active in C:\xampp\htdocs\ayndrome-api\api\user_activity.php on line 21
[23-Apr-2025 11:50:55 Europe/Berlin] {"type":8,"message":"session_start(): Ignoring session_start() because a session is already active","file":"C:\\xampp\\htdocs\\ayndrome-api\\api\\create_order.php","line":70}
[23-Apr-2025 11:50:55 Europe/Berlin] PHP Notice:  session_start(): Ignoring session_start() because a session is already active in C:\xampp\htdocs\ayndrome-api\api\create_order.php on line 70
[23-Apr-2025 11:51:21 Europe/Berlin] PHP Notice:  session_start(): Ignoring session_start() because a session is already active in C:\xampp\htdocs\ayndrome-api\api\user_activity.php on line 21
[23-Apr-2025 12:26:34 Europe/Berlin] PHP Notice:  session_start(): Ignoring session_start() because a session is already active in C:\xampp\htdocs\ayndrome-api\api\login.php on line 18
[23-Apr-2025 12:26:34 Europe/Berlin] PHP Fatal error:  Cannot redeclare send_json_response() (previously declared in C:\xampp\htdocs\ayndrome-api\api\login.php:24) in C:\xampp\htdocs\ayndrome-api\api\send_otp.php on line 37
[23-Apr-2025 12:30:10 Europe/Berlin] PHP Notice:  session_start(): Ignoring session_start() because a session is already active in C:\xampp\htdocs\ayndrome-api\api\login.php on line 18
[23-Apr-2025 12:30:10 Europe/Berlin] Invalid password for email: shashanksaket9@gmail.com
[23-Apr-2025 12:30:24 Europe/Berlin] PHP Notice:  session_start(): Ignoring session_start() because a session is already active in C:\xampp\htdocs\ayndrome-api\api\login.php on line 18
[23-Apr-2025 12:30:24 Europe/Berlin] PHP Fatal error:  Cannot redeclare send_json_response() (previously declared in C:\xampp\htdocs\ayndrome-api\api\login.php:24) in C:\xampp\htdocs\ayndrome-api\api\send_otp.php on line 37
[23-Apr-2025 12:35:42 Europe/Berlin] PHP Notice:  session_start(): Ignoring session_start() because a session is already active in C:\xampp\htdocs\ayndrome-api\api\login.php on line 18
[23-Apr-2025 12:35:42 Europe/Berlin] PHP Fatal error:  Cannot redeclare send_json_response() (previously declared in C:\xampp\htdocs\ayndrome-api\api\login.php:24) in C:\xampp\htdocs\ayndrome-api\api\send_otp.php on line 37
[23-Apr-2025 12:39:01 Europe/Berlin] PHP Notice:  session_start(): Ignoring session_start() because a session is already active in C:\xampp\htdocs\ayndrome-api\api\login.php on line 18
[23-Apr-2025 12:39:02 Europe/Berlin] PHP Fatal error:  Cannot redeclare send_json_response() (previously declared in C:\xampp\htdocs\ayndrome-api\api\login.php:24) in C:\xampp\htdocs\ayndrome-api\api\send_otp.php on line 37
[23-Apr-2025 12:53:02 Europe/Berlin] Invalid or expired OTP for email: shashanksaket9@gmail.com
[23-Apr-2025 12:53:38 Europe/Berlin] Invalid or expired OTP for email: shashanksaket9@gmail.com
[23-Apr-2025 12:56:24 Europe/Berlin] Invalid or expired OTP for email: shashanksaket9@gmail.com
[23-Apr-2025 13:03:25 Europe/Berlin] PHP Notice:  session_start(): Ignoring session_start() because a session is already active in C:\xampp\htdocs\ayndrome-api\api\user_activity.php on line 21
[23-Apr-2025 13:03:25 Europe/Berlin] Error in user_activity.php: Not logged in
[23-Apr-2025 13:03:25 Europe/Berlin] Stack trace: #0 {main}
[23-Apr-2025 13:03:27 Europe/Berlin] PHP Notice:  session_start(): Ignoring session_start() because a session is already active in C:\xampp\htdocs\ayndrome-api\api\delivery_history.php on line 22
[23-Apr-2025 13:03:27 Europe/Berlin] Error in delivery_history.php: Not logged in
[23-Apr-2025 13:03:27 Europe/Berlin] Stack trace: #0 {main}
[23-Apr-2025 13:03:28 Europe/Berlin] PHP Notice:  session_start(): Ignoring session_start() because a session is already active in C:\xampp\htdocs\ayndrome-api\api\get_track_parcels.php on line 21
[23-Apr-2025 13:03:28 Europe/Berlin] Error in get_track_parcels.php: Not logged in
[23-Apr-2025 13:03:28 Europe/Berlin] Stack trace: #0 {main}
[23-Apr-2025 13:03:36 Europe/Berlin] PHP Notice:  session_start(): Ignoring session_start() because a session is already active in C:\xampp\htdocs\ayndrome-api\api\user_activity.php on line 21
[23-Apr-2025 13:03:36 Europe/Berlin] Error in user_activity.php: Not logged in
[23-Apr-2025 13:03:36 Europe/Berlin] Stack trace: #0 {main}
[23-Apr-2025 13:09:44 Europe/Berlin] PHP Notice:  session_start(): Ignoring session_start() because a session is already active in C:\xampp\htdocs\ayndrome-api\api\change_password.php on line 19
[23-Apr-2025 13:09:50 Europe/Berlin] PHP Notice:  session_start(): Ignoring session_start() because a session is already active in C:\xampp\htdocs\ayndrome-api\api\change_password.php on line 19
[23-Apr-2025 13:24:14 Europe/Berlin] PHP Notice:  session_start(): Ignoring session_start() because a session is already active in C:\xampp\htdocs\ayndrome-api\api\user_activity.php on line 21
[23-Apr-2025 13:24:14 Europe/Berlin] Error in user_activity.php: Not logged in
[23-Apr-2025 13:24:14 Europe/Berlin] Stack trace: #0 {main}
[23-Apr-2025 13:24:15 Europe/Berlin] PHP Notice:  session_start(): Ignoring session_start() because a session is already active in C:\xampp\htdocs\ayndrome-api\api\delivery_history.php on line 22
[23-Apr-2025 13:24:15 Europe/Berlin] Error in delivery_history.php: Not logged in
[23-Apr-2025 13:24:15 Europe/Berlin] Stack trace: #0 {main}
[23-Apr-2025 13:27:12 Europe/Berlin] PHP Notice:  session_start(): Ignoring session_start() because a session is already active in C:\xampp\htdocs\ayndrome-api\api\user_activity.php on line 21
[23-Apr-2025 13:27:12 Europe/Berlin] Error in user_activity.php: Not logged in
[23-Apr-2025 13:27:12 Europe/Berlin] Stack trace: #0 {main}
[23-Apr-2025 13:27:14 Europe/Berlin] PHP Notice:  session_start(): Ignoring session_start() because a session is already active in C:\xampp\htdocs\ayndrome-api\api\delivery_history.php on line 22
[23-Apr-2025 13:27:14 Europe/Berlin] Error in delivery_history.php: Not logged in
[23-Apr-2025 13:27:14 Europe/Berlin] Stack trace: #0 {main}
[23-Apr-2025 13:27:16 Europe/Berlin] PHP Notice:  session_start(): Ignoring session_start() because a session is already active in C:\xampp\htdocs\ayndrome-api\api\get_track_parcels.php on line 21
[23-Apr-2025 13:27:16 Europe/Berlin] Error in get_track_parcels.php: Not logged in
[23-Apr-2025 13:27:16 Europe/Berlin] Stack trace: #0 {main}
[23-Apr-2025 13:28:02 Europe/Berlin] PHP Notice:  session_start(): Ignoring session_start() because a session is already active in C:\xampp\htdocs\ayndrome-api\api\change_password.php on line 19
[23-Apr-2025 13:37:08 Europe/Berlin] PHP Notice:  session_start(): Ignoring session_start() because a session is already active in C:\xampp\htdocs\ayndrome-api\api\delivery_history.php on line 22
[23-Apr-2025 13:37:08 Europe/Berlin] Error in delivery_history.php: Not logged in
[23-Apr-2025 13:37:08 Europe/Berlin] Stack trace: #0 {main}
[23-Apr-2025 13:46:49 Europe/Berlin] PHP Notice:  session_start(): Ignoring session_start() because a session is already active in C:\xampp\htdocs\ayndrome-api\api\user_activity.php on line 21
[23-Apr-2025 13:46:49 Europe/Berlin] Error in user_activity.php: Not logged in
[23-Apr-2025 13:46:49 Europe/Berlin] Stack trace: #0 {main}
[23-Apr-2025 17:18:23 Asia/Kolkata] PHP Warning:  ini_set(): Session ini settings cannot be changed when a session is active in C:\xampp\htdocs\ayndrome-api\api\verify_otp.php on line 29
[23-Apr-2025 17:18:23 Asia/Kolkata] PHP Warning:  ini_set(): Session ini settings cannot be changed when a session is active in C:\xampp\htdocs\ayndrome-api\api\verify_otp.php on line 30
[23-Apr-2025 17:23:30 Asia/Kolkata] PHP Warning:  ini_set(): Session ini settings cannot be changed when a session is active in C:\xampp\htdocs\ayndrome-api\api\verify_otp.php on line 24
[23-Apr-2025 17:23:30 Asia/Kolkata] PHP Warning:  ini_set(): Session ini settings cannot be changed when a session is active in C:\xampp\htdocs\ayndrome-api\api\verify_otp.php on line 25
[23-Apr-2025 17:23:30 Asia/Kolkata] PHP Warning:  ini_set(): Session ini settings cannot be changed when a session is active in C:\xampp\htdocs\ayndrome-api\api\verify_otp.php on line 27
[23-Apr-2025 17:26:03 Asia/Kolkata] Error in check_session.php: SQLSTATE[42S02]: Base table or view not found: 1146 Table 'ayndrome.delivery_history' doesn't exist
[23-Apr-2025 17:26:29 Asia/Kolkata] Error in check_session.php: SQLSTATE[42S02]: Base table or view not found: 1146 Table 'ayndrome.delivery_history' doesn't exist
[23-Apr-2025 13:58:14 Europe/Berlin] PHP Notice:  session_start(): Ignoring session_start() because a session is already active in C:\xampp\htdocs\ayndrome-api\api\user_activity.php on line 21
[23-Apr-2025 13:58:18 Europe/Berlin] PHP Notice:  session_start(): Ignoring session_start() because a session is already active in C:\xampp\htdocs\ayndrome-api\api\get_track_parcels.php on line 21
[23-Apr-2025 13:58:20 Europe/Berlin] PHP Notice:  session_start(): Ignoring session_start() because a session is already active in C:\xampp\htdocs\ayndrome-api\api\get_track_parcels.php on line 21
[23-Apr-2025 13:58:26 Europe/Berlin] PHP Notice:  session_start(): Ignoring session_start() because a session is already active in C:\xampp\htdocs\ayndrome-api\api\user_activity.php on line 21
[23-Apr-2025 15:22:43 Europe/Berlin] PHP Notice:  session_start(): Ignoring session_start() because a session is already active in C:\xampp\htdocs\ayndrome-api\api\user_activity.php on line 21
[23-Apr-2025 15:22:49 Europe/Berlin] PHP Notice:  session_start(): Ignoring session_start() because a session is already active in C:\xampp\htdocs\ayndrome-api\api\user_activity.php on line 21
[23-Apr-2025 15:22:53 Europe/Berlin] PHP Notice:  session_start(): Ignoring session_start() because a session is already active in C:\xampp\htdocs\ayndrome-api\api\user_activity.php on line 21
[23-Apr-2025 15:22:56 Europe/Berlin] PHP Notice:  session_start(): Ignoring session_start() because a session is already active in C:\xampp\htdocs\ayndrome-api\api\user_activity.php on line 21
[23-Apr-2025 15:22:59 Europe/Berlin] PHP Notice:  session_start(): Ignoring session_start() because a session is already active in C:\xampp\htdocs\ayndrome-api\api\get_track_parcels.php on line 21
[23-Apr-2025 15:23:22 Europe/Berlin] PHP Notice:  session_start(): Ignoring session_start() because a session is already active in C:\xampp\htdocs\ayndrome-api\api\change_password.php on line 19
[23-Apr-2025 15:23:48 Europe/Berlin] Invalid password for email: shashanksaket9@gmail.com
[23-Apr-2025 15:33:06 Europe/Berlin] PHP Notice:  session_start(): Ignoring session_start() because a session is already active in C:\xampp\htdocs\ayndrome-api\api\user_activity.php on line 21
[23-Apr-2025 15:33:10 Europe/Berlin] PHP Notice:  session_start(): Ignoring session_start() because a session is already active in C:\xampp\htdocs\ayndrome-api\api\get_track_parcels.php on line 21
[23-Apr-2025 15:39:04 Europe/Berlin] Invalid password for email: shashanksaket9@gmail.com
[23-Apr-2025 15:45:07 Europe/Berlin] PHP Notice:  session_start(): Ignoring session_start() because a session is already active in C:\xampp\htdocs\ayndrome-api\api\user_activity.php on line 21
[23-Apr-2025 19:23:30 Asia/Kolkata] Invalid or expired OTP for email: shashanksaket9@gmail.com
[23-Apr-2025 19:26:27 Asia/Kolkata] Invalid or expired OTP for email: shashanksaket9@gmail.com
[23-Apr-2025 19:34:38 Asia/Kolkata] Invalid or expired OTP for email: shashanksaket9@gmail.com
[23-Apr-2025 19:42:09 Asia/Kolkata] Invalid or expired OTP for email: shashanksaket9@gmail.com
[23-Apr-2025 16:18:28 Europe/Berlin] Invalid password for email: shashanksaket9@gmail.com
[23-Apr-2025 19:49:32 Asia/Kolkata] Invalid or expired OTP for email: shashanksaket9@gmail.com
[23-Apr-2025 19:51:17 Asia/Kolkata] Invalid or expired OTP for email: shashanksaket9@gmail.com
[23-Apr-2025 16:23:19 Europe/Berlin] PHP Notice:  session_start(): Ignoring session_start() because a session is already active in C:\xampp\htdocs\ayndrome-api\api\get_track_parcels.php on line 21
[23-Apr-2025 16:23:49 Europe/Berlin] PHP Notice:  session_start(): Ignoring session_start() because a session is already active in C:\xampp\htdocs\ayndrome-api\api\get_track_parcels.php on line 21
[23-Apr-2025 16:23:53 Europe/Berlin] PHP Notice:  session_start(): Ignoring session_start() because a session is already active in C:\xampp\htdocs\ayndrome-api\api\get_track_parcels.php on line 21
[23-Apr-2025 16:24:23 Europe/Berlin] PHP Notice:  session_start(): Ignoring session_start() because a session is already active in C:\xampp\htdocs\ayndrome-api\api\get_track_parcels.php on line 21
[23-Apr-2025 16:24:53 Europe/Berlin] PHP Notice:  session_start(): Ignoring session_start() because a session is already active in C:\xampp\htdocs\ayndrome-api\api\get_track_parcels.php on line 21
[23-Apr-2025 16:25:23 Europe/Berlin] PHP Notice:  session_start(): Ignoring session_start() because a session is already active in C:\xampp\htdocs\ayndrome-api\api\get_track_parcels.php on line 21
[23-Apr-2025 16:25:53 Europe/Berlin] PHP Notice:  session_start(): Ignoring session_start() because a session is already active in C:\xampp\htdocs\ayndrome-api\api\get_track_parcels.php on line 21
[23-Apr-2025 16:26:23 Europe/Berlin] PHP Notice:  session_start(): Ignoring session_start() because a session is already active in C:\xampp\htdocs\ayndrome-api\api\get_track_parcels.php on line 21
[23-Apr-2025 16:26:53 Europe/Berlin] PHP Notice:  session_start(): Ignoring session_start() because a session is already active in C:\xampp\htdocs\ayndrome-api\api\get_track_parcels.php on line 21
[23-Apr-2025 17:20:11 Europe/Berlin] PHP Notice:  session_start(): Ignoring session_start() because a session is already active in C:\xampp\htdocs\ayndrome-api\api\get_track_parcels.php on line 21
[23-Apr-2025 17:20:33 Europe/Berlin] PHP Notice:  session_start(): Ignoring session_start() because a session is already active in C:\xampp\htdocs\ayndrome-api\api\get_track_parcels.php on line 21
[23-Apr-2025 17:22:43 Europe/Berlin] PHP Notice:  session_start(): Ignoring session_start() because a session is already active in C:\xampp\htdocs\ayndrome-api\api\get_track_parcels.php on line 21
[23-Apr-2025 17:34:20 Europe/Berlin] PHP Notice:  session_start(): Ignoring session_start() because a session is already active in C:\xampp\htdocs\ayndrome-api\api\user_activity.php on line 21
[23-Apr-2025 22:47:19 Asia/Kolkata] Failed to send OTP email to: suk051271@gmail.com
[23-Apr-2025 19:25:08 Europe/Berlin] {"type":8,"message":"session_start(): Ignoring session_start() because a session is already active","file":"C:\\xampp\\htdocs\\ayndrome-api\\api\\create_order.php","line":70}
[23-Apr-2025 19:25:08 Europe/Berlin] PHP Notice:  session_start(): Ignoring session_start() because a session is already active in C:\xampp\htdocs\ayndrome-api\api\create_order.php on line 70
[23-Apr-2025 19:28:02 Europe/Berlin] PHP Notice:  session_start(): Ignoring session_start() because a session is already active in C:\xampp\htdocs\ayndrome-api\api\user_activity.php on line 21
[23-Apr-2025 19:28:11 Europe/Berlin] PHP Notice:  session_start(): Ignoring session_start() because a session is already active in C:\xampp\htdocs\ayndrome-api\api\get_track_parcels.php on line 21
[23-Apr-2025 19:28:43 Europe/Berlin] PHP Notice:  session_start(): Ignoring session_start() because a session is already active in C:\xampp\htdocs\ayndrome-api\api\delete_account.php on line 19
[23-Apr-2025 19:36:31 Europe/Berlin] Invalid password for email: kapilmaan0123@gmail.com
[23-Apr-2025 20:54:08 Europe/Berlin] PHP Notice:  session_start(): Ignoring session_start() because a session is already active in C:\xampp\htdocs\ayndrome-api\api\get_track_parcels.php on line 21
[23-Apr-2025 21:14:10 Europe/Berlin] PHP Notice:  session_start(): Ignoring session_start() because a session is already active in C:\xampp\htdocs\ayndrome-api\api\get_track_parcels.php on line 21
[23-Apr-2025 21:37:32 Europe/Berlin] PHP Notice:  session_start(): Ignoring session_start() because a session is already active in C:\xampp\htdocs\ayndrome-api\api\get_track_parcels.php on line 21
[23-Apr-2025 21:37:37 Europe/Berlin] PHP Notice:  session_start(): Ignoring session_start() because a session is already active in C:\xampp\htdocs\ayndrome-api\api\user_activity.php on line 21
[23-Apr-2025 21:37:39 Europe/Berlin] PHP Notice:  session_start(): Ignoring session_start() because a session is already active in C:\xampp\htdocs\ayndrome-api\api\user_activity.php on line 21
[23-Apr-2025 21:37:51 Europe/Berlin] PHP Notice:  session_start(): Ignoring session_start() because a session is already active in C:\xampp\htdocs\ayndrome-api\api\get_track_parcels.php on line 21
[23-Apr-2025 21:38:20 Europe/Berlin] PHP Notice:  session_start(): Ignoring session_start() because a session is already active in C:\xampp\htdocs\ayndrome-api\api\get_track_parcels.php on line 21
[23-Apr-2025 21:38:22 Europe/Berlin] PHP Notice:  session_start(): Ignoring session_start() because a session is already active in C:\xampp\htdocs\ayndrome-api\api\user_activity.php on line 21
[23-Apr-2025 21:38:26 Europe/Berlin] PHP Notice:  session_start(): Ignoring session_start() because a session is already active in C:\xampp\htdocs\ayndrome-api\api\get_track_parcels.php on line 21
[23-Apr-2025 21:38:29 Europe/Berlin] PHP Notice:  session_start(): Ignoring session_start() because a session is already active in C:\xampp\htdocs\ayndrome-api\api\user_activity.php on line 21
[23-Apr-2025 21:38:32 Europe/Berlin] PHP Notice:  session_start(): Ignoring session_start() because a session is already active in C:\xampp\htdocs\ayndrome-api\api\get_track_parcels.php on line 21
[23-Apr-2025 21:38:36 Europe/Berlin] PHP Notice:  session_start(): Ignoring session_start() because a session is already active in C:\xampp\htdocs\ayndrome-api\api\user_activity.php on line 21
[23-Apr-2025 21:41:39 Europe/Berlin] PHP Notice:  session_start(): Ignoring session_start() because a session is already active in C:\xampp\htdocs\ayndrome-api\api\get_track_parcels.php on line 21
[23-Apr-2025 21:41:44 Europe/Berlin] PHP Notice:  session_start(): Ignoring session_start() because a session is already active in C:\xampp\htdocs\ayndrome-api\api\user_activity.php on line 21
[23-Apr-2025 21:41:46 Europe/Berlin] PHP Notice:  session_start(): Ignoring session_start() because a session is already active in C:\xampp\htdocs\ayndrome-api\api\user_activity.php on line 21
[23-Apr-2025 21:41:56 Europe/Berlin] PHP Notice:  session_start(): Ignoring session_start() because a session is already active in C:\xampp\htdocs\ayndrome-api\api\user_activity.php on line 21
[24-Apr-2025 05:55:10 Europe/Berlin] PHP Notice:  session_start(): Ignoring session_start() because a session is already active in C:\xampp\htdocs\ayndrome-api\api\get_track_parcels.php on line 21
[24-Apr-2025 05:56:58 Europe/Berlin] {"type":8,"message":"session_start(): Ignoring session_start() because a session is already active","file":"C:\\xampp\\htdocs\\ayndrome-api\\api\\create_order.php","line":70}
[24-Apr-2025 05:56:58 Europe/Berlin] PHP Notice:  session_start(): Ignoring session_start() because a session is already active in C:\xampp\htdocs\ayndrome-api\api\create_order.php on line 70
[24-Apr-2025 06:01:51 Europe/Berlin] PHP Notice:  session_start(): Ignoring session_start() because a session is already active in C:\xampp\htdocs\ayndrome-api\api\user_activity.php on line 21
[24-Apr-2025 06:03:49 Europe/Berlin] PHP Notice:  session_start(): Ignoring session_start() because a session is already active in C:\xampp\htdocs\ayndrome-api\api\user_activity.php on line 21
[24-Apr-2025 06:09:05 Europe/Berlin] PHP Notice:  session_start(): Ignoring session_start() because a session is already active in C:\xampp\htdocs\ayndrome-api\api\delete_account.php on line 19
[24-Apr-2025 06:30:03 Europe/Berlin] PHP Notice:  session_start(): Ignoring session_start() because a session is already active in C:\xampp\htdocs\ayndrome-api\api\get_track_parcels.php on line 21
[24-Apr-2025 06:31:55 Europe/Berlin] PHP Notice:  session_start(): Ignoring session_start() because a session is already active in C:\xampp\htdocs\ayndrome-api\api\change_password.php on line 19
[24-Apr-2025 06:32:04 Europe/Berlin] PHP Notice:  session_start(): Ignoring session_start() because a session is already active in C:\xampp\htdocs\ayndrome-api\api\change_password.php on line 19
[24-Apr-2025 06:32:19 Europe/Berlin] Invalid password for email: shashanksaket9@gmail.com
[24-Apr-2025 06:34:40 Europe/Berlin] {"type":8,"message":"session_start(): Ignoring session_start() because a session is already active","file":"C:\\xampp\\htdocs\\ayndrome-api\\api\\create_order.php","line":70}
[24-Apr-2025 06:34:40 Europe/Berlin] PHP Notice:  session_start(): Ignoring session_start() because a session is already active in C:\xampp\htdocs\ayndrome-api\api\create_order.php on line 70
[24-Apr-2025 06:38:20 Europe/Berlin] PHP Notice:  session_start(): Ignoring session_start() because a session is already active in C:\xampp\htdocs\ayndrome-api\api\delete_account.php on line 19
[24-Apr-2025 06:40:24 Europe/Berlin] PHP Notice:  session_start(): Ignoring session_start() because a session is already active in C:\xampp\htdocs\ayndrome-api\api\get_track_parcels.php on line 21
[24-Apr-2025 07:50:34 Europe/Berlin] PHP Notice:  session_start(): Ignoring session_start() because a session is already active in C:\xampp\htdocs\ayndrome-api\api\get_track_parcels.php on line 21
[24-Apr-2025 07:51:04 Europe/Berlin] PHP Notice:  session_start(): Ignoring session_start() because a session is already active in C:\xampp\htdocs\ayndrome-api\api\get_track_parcels.php on line 21
[24-Apr-2025 07:51:34 Europe/Berlin] PHP Notice:  session_start(): Ignoring session_start() because a session is already active in C:\xampp\htdocs\ayndrome-api\api\get_track_parcels.php on line 21
[24-Apr-2025 07:52:04 Europe/Berlin] PHP Notice:  session_start(): Ignoring session_start() because a session is already active in C:\xampp\htdocs\ayndrome-api\api\get_track_parcels.php on line 21
[24-Apr-2025 07:52:34 Europe/Berlin] PHP Notice:  session_start(): Ignoring session_start() because a session is already active in C:\xampp\htdocs\ayndrome-api\api\get_track_parcels.php on line 21
[24-Apr-2025 13:22:51 Europe/Berlin] PHP Notice:  session_start(): Ignoring session_start() because a session is already active in C:\xampp\htdocs\ayndrome-api\api\user_activity.php on line 21
[24-Apr-2025 13:22:53 Europe/Berlin] PHP Notice:  session_start(): Ignoring session_start() because a session is already active in C:\xampp\htdocs\ayndrome-api\api\get_track_parcels.php on line 21
[24-Apr-2025 13:30:04 Europe/Berlin] {"type":8,"message":"session_start(): Ignoring session_start() because a session is already active","file":"C:\\xampp\\htdocs\\ayndrome-api\\api\\create_order.php","line":70}
[24-Apr-2025 13:30:04 Europe/Berlin] PHP Notice:  session_start(): Ignoring session_start() because a session is already active in C:\xampp\htdocs\ayndrome-api\api\create_order.php on line 70
[24-Apr-2025 13:30:27 Europe/Berlin] PHP Notice:  session_start(): Ignoring session_start() because a session is already active in C:\xampp\htdocs\ayndrome-api\api\user_activity.php on line 21
[24-Apr-2025 16:36:44 Europe/Berlin] {"type":8,"message":"session_start(): Ignoring session_start() because a session is already active","file":"C:\\xampp\\htdocs\\ayndrome-api\\api\\create_order.php","line":70}
[24-Apr-2025 16:36:44 Europe/Berlin] PHP Notice:  session_start(): Ignoring session_start() because a session is already active in C:\xampp\htdocs\ayndrome-api\api\create_order.php on line 70
[24-Apr-2025 16:37:31 Europe/Berlin] Invalid password for email: shashanksaket9@gmail.com
[24-Apr-2025 16:38:08 Europe/Berlin] PHP Notice:  session_start(): Ignoring session_start() because a session is already active in C:\xampp\htdocs\ayndrome-api\api\user_activity.php on line 21
[24-Apr-2025 16:38:21 Europe/Berlin] PHP Notice:  session_start(): Ignoring session_start() because a session is already active in C:\xampp\htdocs\ayndrome-api\api\user_activity.php on line 21
[24-Apr-2025 16:39:27 Europe/Berlin] {"type":8,"message":"session_start(): Ignoring session_start() because a session is already active","file":"C:\\xampp\\htdocs\\ayndrome-api\\api\\create_order.php","line":70}
[24-Apr-2025 16:39:27 Europe/Berlin] PHP Notice:  session_start(): Ignoring session_start() because a session is already active in C:\xampp\htdocs\ayndrome-api\api\create_order.php on line 70
[24-Apr-2025 16:39:46 Europe/Berlin] {"type":8,"message":"session_start(): Ignoring session_start() because a session is already active","file":"C:\\xampp\\htdocs\\ayndrome-api\\api\\create_order.php","line":70}
[24-Apr-2025 16:39:46 Europe/Berlin] PHP Notice:  session_start(): Ignoring session_start() because a session is already active in C:\xampp\htdocs\ayndrome-api\api\create_order.php on line 70
[24-Apr-2025 16:43:56 Europe/Berlin] {"type":8,"message":"session_start(): Ignoring session_start() because a session is already active","file":"C:\\xampp\\htdocs\\ayndrome-api\\api\\create_order.php","line":70}
[24-Apr-2025 16:43:56 Europe/Berlin] PHP Notice:  session_start(): Ignoring session_start() because a session is already active in C:\xampp\htdocs\ayndrome-api\api\create_order.php on line 70
[24-Apr-2025 16:47:15 Europe/Berlin] {"type":8,"message":"session_start(): Ignoring session_start() because a session is already active","file":"C:\\xampp\\htdocs\\ayndrome-api\\api\\create_order.php","line":70}
[24-Apr-2025 16:47:15 Europe/Berlin] PHP Notice:  session_start(): Ignoring session_start() because a session is already active in C:\xampp\htdocs\ayndrome-api\api\create_order.php on line 70
[24-Apr-2025 16:50:12 Europe/Berlin] {"type":8,"message":"session_start(): Ignoring session_start() because a session is already active","file":"C:\\xampp\\htdocs\\ayndrome-api\\api\\create_order.php","line":70}
[24-Apr-2025 16:50:12 Europe/Berlin] PHP Notice:  session_start(): Ignoring session_start() because a session is already active in C:\xampp\htdocs\ayndrome-api\api\create_order.php on line 70
[24-Apr-2025 16:54:21 Europe/Berlin] {"type":8,"message":"session_start(): Ignoring session_start() because a session is already active","file":"C:\\xampp\\htdocs\\ayndrome-api\\api\\create_order.php","line":70}
[24-Apr-2025 16:54:21 Europe/Berlin] PHP Notice:  session_start(): Ignoring session_start() because a session is already active in C:\xampp\htdocs\ayndrome-api\api\create_order.php on line 70
[24-Apr-2025 16:55:18 Europe/Berlin] PHP Notice:  session_start(): Ignoring session_start() because a session is already active in C:\xampp\htdocs\ayndrome-api\api\user_activity.php on line 21
[24-Apr-2025 17:19:34 Europe/Berlin] PHP Notice:  session_start(): Ignoring session_start() because a session is already active in C:\xampp\htdocs\ayndrome-api\api\change_password.php on line 19
[24-Apr-2025 17:19:47 Europe/Berlin] PHP Notice:  session_start(): Ignoring session_start() because a session is already active in C:\xampp\htdocs\ayndrome-api\api\change_password.php on line 19
[24-Apr-2025 18:56:04 Europe/Berlin] PHP Notice:  session_start(): Ignoring session_start() because a session is already active in C:\xampp\htdocs\ayndrome-api\api\get_track_parcels.php on line 21
[24-Apr-2025 18:56:04 Europe/Berlin] Error in get_track_parcels.php: Not logged in
[24-Apr-2025 18:56:04 Europe/Berlin] Stack trace: #0 {main}
[24-Apr-2025 18:56:42 Europe/Berlin] PHP Notice:  session_start(): Ignoring session_start() because a session is already active in C:\xampp\htdocs\ayndrome-api\api\get_track_parcels.php on line 21
[24-Apr-2025 18:56:42 Europe/Berlin] Error in get_track_parcels.php: Not logged in
[24-Apr-2025 18:56:42 Europe/Berlin] Stack trace: #0 {main}
[24-Apr-2025 18:56:52 Europe/Berlin] PHP Notice:  session_start(): Ignoring session_start() because a session is already active in C:\xampp\htdocs\ayndrome-api\api\get_track_parcels.php on line 21
[24-Apr-2025 18:56:52 Europe/Berlin] Error in get_track_parcels.php: Not logged in
[24-Apr-2025 18:56:52 Europe/Berlin] Stack trace: #0 {main}
[24-Apr-2025 18:57:23 Europe/Berlin] PHP Notice:  session_start(): Ignoring session_start() because a session is already active in C:\xampp\htdocs\ayndrome-api\api\get_track_parcels.php on line 21
[24-Apr-2025 18:57:23 Europe/Berlin] Error in get_track_parcels.php: Not logged in
[24-Apr-2025 18:57:23 Europe/Berlin] Stack trace: #0 {main}
[24-Apr-2025 18:57:36 Europe/Berlin] PHP Notice:  session_start(): Ignoring session_start() because a session is already active in C:\xampp\htdocs\ayndrome-api\api\user_activity.php on line 21
[24-Apr-2025 18:57:36 Europe/Berlin] Error in user_activity.php: Not logged in
[24-Apr-2025 18:57:36 Europe/Berlin] Stack trace: #0 {main}
[24-Apr-2025 18:58:50 Europe/Berlin] PHP Notice:  session_start(): Ignoring session_start() because a session is already active in C:\xampp\htdocs\ayndrome-api\api\get_track_parcels.php on line 21
[24-Apr-2025 18:59:21 Europe/Berlin] PHP Notice:  session_start(): Ignoring session_start() because a session is already active in C:\xampp\htdocs\ayndrome-api\api\get_track_parcels.php on line 21
[24-Apr-2025 18:59:51 Europe/Berlin] PHP Notice:  session_start(): Ignoring session_start() because a session is already active in C:\xampp\htdocs\ayndrome-api\api\get_track_parcels.php on line 21
[24-Apr-2025 19:00:21 Europe/Berlin] PHP Notice:  session_start(): Ignoring session_start() because a session is already active in C:\xampp\htdocs\ayndrome-api\api\get_track_parcels.php on line 21
[24-Apr-2025 19:00:51 Europe/Berlin] PHP Notice:  session_start(): Ignoring session_start() because a session is already active in C:\xampp\htdocs\ayndrome-api\api\get_track_parcels.php on line 21
[24-Apr-2025 19:01:45 Europe/Berlin] PHP Notice:  session_start(): Ignoring session_start() because a session is already active in C:\xampp\htdocs\ayndrome-api\api\get_track_parcels.php on line 21
[24-Apr-2025 19:02:45 Europe/Berlin] PHP Notice:  session_start(): Ignoring session_start() because a session is already active in C:\xampp\htdocs\ayndrome-api\api\get_track_parcels.php on line 21
[24-Apr-2025 19:03:12 Europe/Berlin] PHP Notice:  session_start(): Ignoring session_start() because a session is already active in C:\xampp\htdocs\ayndrome-api\api\get_track_parcels.php on line 21
[24-Apr-2025 19:03:12 Europe/Berlin] PHP Notice:  session_start(): Ignoring session_start() because a session is already active in C:\xampp\htdocs\ayndrome-api\api\get_track_parcels.php on line 21
[24-Apr-2025 19:03:43 Europe/Berlin] PHP Notice:  session_start(): Ignoring session_start() because a session is already active in C:\xampp\htdocs\ayndrome-api\api\get_track_parcels.php on line 21
[24-Apr-2025 19:03:58 Europe/Berlin] PHP Notice:  session_start(): Ignoring session_start() because a session is already active in C:\xampp\htdocs\ayndrome-api\api\get_track_parcels.php on line 21
[24-Apr-2025 19:04:29 Europe/Berlin] PHP Notice:  session_start(): Ignoring session_start() because a session is already active in C:\xampp\htdocs\ayndrome-api\api\get_track_parcels.php on line 21
[24-Apr-2025 19:04:59 Europe/Berlin] PHP Notice:  session_start(): Ignoring session_start() because a session is already active in C:\xampp\htdocs\ayndrome-api\api\get_track_parcels.php on line 21
[24-Apr-2025 19:05:29 Europe/Berlin] PHP Notice:  session_start(): Ignoring session_start() because a session is already active in C:\xampp\htdocs\ayndrome-api\api\get_track_parcels.php on line 21
[24-Apr-2025 19:05:59 Europe/Berlin] PHP Notice:  session_start(): Ignoring session_start() because a session is already active in C:\xampp\htdocs\ayndrome-api\api\get_track_parcels.php on line 21
[24-Apr-2025 19:06:45 Europe/Berlin] PHP Notice:  session_start(): Ignoring session_start() because a session is already active in C:\xampp\htdocs\ayndrome-api\api\get_track_parcels.php on line 21
[24-Apr-2025 19:06:59 Europe/Berlin] PHP Notice:  session_start(): Ignoring session_start() because a session is already active in C:\xampp\htdocs\ayndrome-api\api\get_track_parcels.php on line 21
[24-Apr-2025 19:07:29 Europe/Berlin] PHP Notice:  session_start(): Ignoring session_start() because a session is already active in C:\xampp\htdocs\ayndrome-api\api\get_track_parcels.php on line 21
[24-Apr-2025 19:08:43 Europe/Berlin] PHP Notice:  session_start(): Ignoring session_start() because a session is already active in C:\xampp\htdocs\ayndrome-api\api\get_track_parcels.php on line 21
[24-Apr-2025 19:08:47 Europe/Berlin] PHP Notice:  session_start(): Ignoring session_start() because a session is already active in C:\xampp\htdocs\ayndrome-api\api\get_track_parcels.php on line 21
[24-Apr-2025 19:08:57 Europe/Berlin] PHP Notice:  session_start(): Ignoring session_start() because a session is already active in C:\xampp\htdocs\ayndrome-api\api\get_track_parcels.php on line 21
[24-Apr-2025 19:09:28 Europe/Berlin] PHP Notice:  session_start(): Ignoring session_start() because a session is already active in C:\xampp\htdocs\ayndrome-api\api\get_track_parcels.php on line 21
[24-Apr-2025 19:09:58 Europe/Berlin] PHP Notice:  session_start(): Ignoring session_start() because a session is already active in C:\xampp\htdocs\ayndrome-api\api\get_track_parcels.php on line 21
[24-Apr-2025 19:10:28 Europe/Berlin] PHP Notice:  session_start(): Ignoring session_start() because a session is already active in C:\xampp\htdocs\ayndrome-api\api\get_track_parcels.php on line 21
[24-Apr-2025 19:10:58 Europe/Berlin] PHP Notice:  session_start(): Ignoring session_start() because a session is already active in C:\xampp\htdocs\ayndrome-api\api\get_track_parcels.php on line 21
[24-Apr-2025 19:11:45 Europe/Berlin] PHP Notice:  session_start(): Ignoring session_start() because a session is already active in C:\xampp\htdocs\ayndrome-api\api\get_track_parcels.php on line 21
[24-Apr-2025 19:12:15 Europe/Berlin] PHP Notice:  session_start(): Ignoring session_start() because a session is already active in C:\xampp\htdocs\ayndrome-api\api\get_track_parcels.php on line 21
[24-Apr-2025 19:12:28 Europe/Berlin] PHP Notice:  session_start(): Ignoring session_start() because a session is already active in C:\xampp\htdocs\ayndrome-api\api\get_track_parcels.php on line 21
[24-Apr-2025 19:13:56 Europe/Berlin] PHP Notice:  session_start(): Ignoring session_start() because a session is already active in C:\xampp\htdocs\ayndrome-api\api\get_track_parcels.php on line 21
[24-Apr-2025 19:14:26 Europe/Berlin] PHP Notice:  session_start(): Ignoring session_start() because a session is already active in C:\xampp\htdocs\ayndrome-api\api\get_track_parcels.php on line 21
[24-Apr-2025 19:14:57 Europe/Berlin] PHP Notice:  session_start(): Ignoring session_start() because a session is already active in C:\xampp\htdocs\ayndrome-api\api\get_track_parcels.php on line 21
[24-Apr-2025 19:15:27 Europe/Berlin] PHP Notice:  session_start(): Ignoring session_start() because a session is already active in C:\xampp\htdocs\ayndrome-api\api\get_track_parcels.php on line 21
[24-Apr-2025 19:15:57 Europe/Berlin] PHP Notice:  session_start(): Ignoring session_start() because a session is already active in C:\xampp\htdocs\ayndrome-api\api\get_track_parcels.php on line 21
[24-Apr-2025 19:16:04 Europe/Berlin] PHP Notice:  session_start(): Ignoring session_start() because a session is already active in C:\xampp\htdocs\ayndrome-api\api\get_track_parcels.php on line 21
[24-Apr-2025 19:16:34 Europe/Berlin] PHP Notice:  session_start(): Ignoring session_start() because a session is already active in C:\xampp\htdocs\ayndrome-api\api\get_track_parcels.php on line 21
[24-Apr-2025 19:17:05 Europe/Berlin] PHP Notice:  session_start(): Ignoring session_start() because a session is already active in C:\xampp\htdocs\ayndrome-api\api\get_track_parcels.php on line 21
[24-Apr-2025 19:17:35 Europe/Berlin] PHP Notice:  session_start(): Ignoring session_start() because a session is already active in C:\xampp\htdocs\ayndrome-api\api\get_track_parcels.php on line 21
[24-Apr-2025 19:18:05 Europe/Berlin] PHP Notice:  session_start(): Ignoring session_start() because a session is already active in C:\xampp\htdocs\ayndrome-api\api\get_track_parcels.php on line 21
[24-Apr-2025 19:18:31 Europe/Berlin] PHP Notice:  session_start(): Ignoring session_start() because a session is already active in C:\xampp\htdocs\ayndrome-api\api\get_track_parcels.php on line 21
[24-Apr-2025 19:19:02 Europe/Berlin] PHP Notice:  session_start(): Ignoring session_start() because a session is already active in C:\xampp\htdocs\ayndrome-api\api\get_track_parcels.php on line 21
[24-Apr-2025 19:19:32 Europe/Berlin] PHP Notice:  session_start(): Ignoring session_start() because a session is already active in C:\xampp\htdocs\ayndrome-api\api\get_track_parcels.php on line 21
[24-Apr-2025 19:19:52 Europe/Berlin] PHP Notice:  session_start(): Ignoring session_start() because a session is already active in C:\xampp\htdocs\ayndrome-api\api\get_track_parcels.php on line 21
[24-Apr-2025 19:20:13 Europe/Berlin] PHP Notice:  session_start(): Ignoring session_start() because a session is already active in C:\xampp\htdocs\ayndrome-api\api\get_track_parcels.php on line 21
[24-Apr-2025 19:20:42 Europe/Berlin] PHP Notice:  session_start(): Ignoring session_start() because a session is already active in C:\xampp\htdocs\ayndrome-api\api\get_track_parcels.php on line 21
[24-Apr-2025 19:20:56 Europe/Berlin] PHP Notice:  session_start(): Ignoring session_start() because a session is already active in C:\xampp\htdocs\ayndrome-api\api\get_track_parcels.php on line 21
[24-Apr-2025 19:21:16 Europe/Berlin] PHP Notice:  session_start(): Ignoring session_start() because a session is already active in C:\xampp\htdocs\ayndrome-api\api\get_track_parcels.php on line 21
[24-Apr-2025 19:21:38 Europe/Berlin] PHP Notice:  session_start(): Ignoring session_start() because a session is already active in C:\xampp\htdocs\ayndrome-api\api\get_track_parcels.php on line 21
[24-Apr-2025 19:22:08 Europe/Berlin] PHP Notice:  session_start(): Ignoring session_start() because a session is already active in C:\xampp\htdocs\ayndrome-api\api\get_track_parcels.php on line 21
[24-Apr-2025 19:22:15 Europe/Berlin] PHP Notice:  session_start(): Ignoring session_start() because a session is already active in C:\xampp\htdocs\ayndrome-api\api\get_track_parcels.php on line 21
[24-Apr-2025 19:22:46 Europe/Berlin] PHP Notice:  session_start(): Ignoring session_start() because a session is already active in C:\xampp\htdocs\ayndrome-api\api\get_track_parcels.php on line 21
[24-Apr-2025 19:23:15 Europe/Berlin] PHP Notice:  session_start(): Ignoring session_start() because a session is already active in C:\xampp\htdocs\ayndrome-api\api\get_track_parcels.php on line 21
[24-Apr-2025 19:23:45 Europe/Berlin] PHP Notice:  session_start(): Ignoring session_start() because a session is already active in C:\xampp\htdocs\ayndrome-api\api\get_track_parcels.php on line 21
[24-Apr-2025 19:24:15 Europe/Berlin] PHP Notice:  session_start(): Ignoring session_start() because a session is already active in C:\xampp\htdocs\ayndrome-api\api\get_track_parcels.php on line 21
[24-Apr-2025 19:24:45 Europe/Berlin] PHP Notice:  session_start(): Ignoring session_start() because a session is already active in C:\xampp\htdocs\ayndrome-api\api\get_track_parcels.php on line 21
[24-Apr-2025 19:25:15 Europe/Berlin] PHP Notice:  session_start(): Ignoring session_start() because a session is already active in C:\xampp\htdocs\ayndrome-api\api\get_track_parcels.php on line 21
[24-Apr-2025 19:25:45 Europe/Berlin] PHP Notice:  session_start(): Ignoring session_start() because a session is already active in C:\xampp\htdocs\ayndrome-api\api\get_track_parcels.php on line 21
[24-Apr-2025 19:26:16 Europe/Berlin] PHP Notice:  session_start(): Ignoring session_start() because a session is already active in C:\xampp\htdocs\ayndrome-api\api\get_track_parcels.php on line 21
[24-Apr-2025 19:26:46 Europe/Berlin] PHP Notice:  session_start(): Ignoring session_start() because a session is already active in C:\xampp\htdocs\ayndrome-api\api\get_track_parcels.php on line 21
[24-Apr-2025 19:27:16 Europe/Berlin] PHP Notice:  session_start(): Ignoring session_start() because a session is already active in C:\xampp\htdocs\ayndrome-api\api\get_track_parcels.php on line 21
[24-Apr-2025 19:28:45 Europe/Berlin] PHP Notice:  session_start(): Ignoring session_start() because a session is already active in C:\xampp\htdocs\ayndrome-api\api\get_track_parcels.php on line 21
[24-Apr-2025 19:29:45 Europe/Berlin] PHP Notice:  session_start(): Ignoring session_start() because a session is already active in C:\xampp\htdocs\ayndrome-api\api\get_track_parcels.php on line 21
[24-Apr-2025 19:31:44 Europe/Berlin] {"type":8,"message":"session_start(): Ignoring session_start() because a session is already active","file":"C:\\xampp\\htdocs\\ayndrome-api\\api\\create_order.php","line":70}
[24-Apr-2025 19:31:44 Europe/Berlin] PHP Notice:  session_start(): Ignoring session_start() because a session is already active in C:\xampp\htdocs\ayndrome-api\api\create_order.php on line 70
[24-Apr-2025 19:33:27 Europe/Berlin] {"type":8,"message":"session_start(): Ignoring session_start() because a session is already active","file":"C:\\xampp\\htdocs\\ayndrome-api\\api\\create_order.php","line":70}
[24-Apr-2025 19:33:27 Europe/Berlin] PHP Notice:  session_start(): Ignoring session_start() because a session is already active in C:\xampp\htdocs\ayndrome-api\api\create_order.php on line 70
[24-Apr-2025 19:33:34 Europe/Berlin] {"type":8,"message":"session_start(): Ignoring session_start() because a session is already active","file":"C:\\xampp\\htdocs\\ayndrome-api\\api\\create_order.php","line":70}
[24-Apr-2025 19:33:34 Europe/Berlin] PHP Notice:  session_start(): Ignoring session_start() because a session is already active in C:\xampp\htdocs\ayndrome-api\api\create_order.php on line 70
[24-Apr-2025 19:46:26 Europe/Berlin] {"type":8,"message":"session_start(): Ignoring session_start() because a session is already active","file":"C:\\xampp\\htdocs\\ayndrome-api\\api\\create_order.php","line":70}
[24-Apr-2025 19:46:26 Europe/Berlin] PHP Notice:  session_start(): Ignoring session_start() because a session is already active in C:\xampp\htdocs\ayndrome-api\api\create_order.php on line 70
[24-Apr-2025 19:46:34 Europe/Berlin] {"type":8,"message":"session_start(): Ignoring session_start() because a session is already active","file":"C:\\xampp\\htdocs\\ayndrome-api\\api\\create_order.php","line":70}
[24-Apr-2025 19:46:34 Europe/Berlin] PHP Notice:  session_start(): Ignoring session_start() because a session is already active in C:\xampp\htdocs\ayndrome-api\api\create_order.php on line 70
[24-Apr-2025 19:46:51 Europe/Berlin] {"type":8,"message":"session_start(): Ignoring session_start() because a session is already active","file":"C:\\xampp\\htdocs\\ayndrome-api\\api\\create_order.php","line":70}
[24-Apr-2025 19:46:51 Europe/Berlin] PHP Notice:  session_start(): Ignoring session_start() because a session is already active in C:\xampp\htdocs\ayndrome-api\api\create_order.php on line 70
[24-Apr-2025 19:47:07 Europe/Berlin] PHP Notice:  session_start(): Ignoring session_start() because a session is already active in C:\xampp\htdocs\ayndrome-api\api\get_track_parcels.php on line 21
[24-Apr-2025 19:52:15 Europe/Berlin] {"type":8,"message":"session_start(): Ignoring session_start() because a session is already active","file":"C:\\xampp\\htdocs\\ayndrome-api\\api\\create_order.php","line":70}
[24-Apr-2025 19:52:15 Europe/Berlin] PHP Notice:  session_start(): Ignoring session_start() because a session is already active in C:\xampp\htdocs\ayndrome-api\api\create_order.php on line 70
[24-Apr-2025 20:22:01 Europe/Berlin] {"type":8,"message":"session_start(): Ignoring session_start() because a session is already active","file":"C:\\xampp\\htdocs\\ayndrome-api\\api\\create_order.php","line":70}
[24-Apr-2025 20:22:01 Europe/Berlin] PHP Notice:  session_start(): Ignoring session_start() because a session is already active in C:\xampp\htdocs\ayndrome-api\api\create_order.php on line 70
[24-Apr-2025 20:22:28 Europe/Berlin] PHP Notice:  session_start(): Ignoring session_start() because a session is already active in C:\xampp\htdocs\ayndrome-api\api\get_track_parcels.php on line 21
[24-Apr-2025 20:22:44 Europe/Berlin] PHP Notice:  session_start(): Ignoring session_start() because a session is already active in C:\xampp\htdocs\ayndrome-api\api\user_activity.php on line 21
[24-Apr-2025 20:24:31 Europe/Berlin] PHP Notice:  session_start(): Ignoring session_start() because a session is already active in C:\xampp\htdocs\ayndrome-api\api\get_track_parcels.php on line 21
[24-Apr-2025 20:24:34 Europe/Berlin] PHP Notice:  session_start(): Ignoring session_start() because a session is already active in C:\xampp\htdocs\ayndrome-api\api\get_track_parcels.php on line 21
[24-Apr-2025 20:24:39 Europe/Berlin] PHP Notice:  session_start(): Ignoring session_start() because a session is already active in C:\xampp\htdocs\ayndrome-api\api\get_track_parcels.php on line 21
[24-Apr-2025 20:25:10 Europe/Berlin] PHP Notice:  session_start(): Ignoring session_start() because a session is already active in C:\xampp\htdocs\ayndrome-api\api\get_track_parcels.php on line 21
[24-Apr-2025 20:25:19 Europe/Berlin] PHP Notice:  session_start(): Ignoring session_start() because a session is already active in C:\xampp\htdocs\ayndrome-api\api\get_track_parcels.php on line 21
[24-Apr-2025 20:27:03 Europe/Berlin] PHP Notice:  session_start(): Ignoring session_start() because a session is already active in C:\xampp\htdocs\ayndrome-api\api\get_track_parcels.php on line 21
[24-Apr-2025 20:27:15 Europe/Berlin] PHP Notice:  session_start(): Ignoring session_start() because a session is already active in C:\xampp\htdocs\ayndrome-api\api\get_track_parcels.php on line 21
[24-Apr-2025 20:27:45 Europe/Berlin] PHP Notice:  session_start(): Ignoring session_start() because a session is already active in C:\xampp\htdocs\ayndrome-api\api\get_track_parcels.php on line 21
[24-Apr-2025 20:28:15 Europe/Berlin] PHP Notice:  session_start(): Ignoring session_start() because a session is already active in C:\xampp\htdocs\ayndrome-api\api\get_track_parcels.php on line 21
[24-Apr-2025 20:28:45 Europe/Berlin] PHP Notice:  session_start(): Ignoring session_start() because a session is already active in C:\xampp\htdocs\ayndrome-api\api\get_track_parcels.php on line 21
[24-Apr-2025 20:29:15 Europe/Berlin] PHP Notice:  session_start(): Ignoring session_start() because a session is already active in C:\xampp\htdocs\ayndrome-api\api\get_track_parcels.php on line 21
[24-Apr-2025 20:29:45 Europe/Berlin] PHP Notice:  session_start(): Ignoring session_start() because a session is already active in C:\xampp\htdocs\ayndrome-api\api\get_track_parcels.php on line 21
[24-Apr-2025 20:30:15 Europe/Berlin] PHP Notice:  session_start(): Ignoring session_start() because a session is already active in C:\xampp\htdocs\ayndrome-api\api\get_track_parcels.php on line 21
[24-Apr-2025 20:30:45 Europe/Berlin] PHP Notice:  session_start(): Ignoring session_start() because a session is already active in C:\xampp\htdocs\ayndrome-api\api\get_track_parcels.php on line 21
[24-Apr-2025 20:31:07 Europe/Berlin] PHP Notice:  session_start(): Ignoring session_start() because a session is already active in C:\xampp\htdocs\ayndrome-api\api\get_track_parcels.php on line 21
[24-Apr-2025 20:31:34 Europe/Berlin] PHP Notice:  session_start(): Ignoring session_start() because a session is already active in C:\xampp\htdocs\ayndrome-api\api\get_track_parcels.php on line 21
[24-Apr-2025 20:32:05 Europe/Berlin] PHP Notice:  session_start(): Ignoring session_start() because a session is already active in C:\xampp\htdocs\ayndrome-api\api\get_track_parcels.php on line 21
[24-Apr-2025 20:32:35 Europe/Berlin] PHP Notice:  session_start(): Ignoring session_start() because a session is already active in C:\xampp\htdocs\ayndrome-api\api\get_track_parcels.php on line 21
[24-Apr-2025 20:32:39 Europe/Berlin] PHP Notice:  session_start(): Ignoring session_start() because a session is already active in C:\xampp\htdocs\ayndrome-api\api\get_track_parcels.php on line 21
[24-Apr-2025 20:33:10 Europe/Berlin] PHP Notice:  session_start(): Ignoring session_start() because a session is already active in C:\xampp\htdocs\ayndrome-api\api\get_track_parcels.php on line 21
[24-Apr-2025 20:33:41 Europe/Berlin] PHP Notice:  session_start(): Ignoring session_start() because a session is already active in C:\xampp\htdocs\ayndrome-api\api\get_track_parcels.php on line 21
[24-Apr-2025 20:34:12 Europe/Berlin] PHP Notice:  session_start(): Ignoring session_start() because a session is already active in C:\xampp\htdocs\ayndrome-api\api\get_track_parcels.php on line 21
[24-Apr-2025 20:34:28 Europe/Berlin] PHP Notice:  session_start(): Ignoring session_start() because a session is already active in C:\xampp\htdocs\ayndrome-api\api\get_track_parcels.php on line 21
[24-Apr-2025 20:34:58 Europe/Berlin] PHP Notice:  session_start(): Ignoring session_start() because a session is already active in C:\xampp\htdocs\ayndrome-api\api\get_track_parcels.php on line 21
[24-Apr-2025 20:35:28 Europe/Berlin] PHP Notice:  session_start(): Ignoring session_start() because a session is already active in C:\xampp\htdocs\ayndrome-api\api\get_track_parcels.php on line 21
[24-Apr-2025 20:35:58 Europe/Berlin] PHP Notice:  session_start(): Ignoring session_start() because a session is already active in C:\xampp\htdocs\ayndrome-api\api\get_track_parcels.php on line 21
[24-Apr-2025 20:36:28 Europe/Berlin] PHP Notice:  session_start(): Ignoring session_start() because a session is already active in C:\xampp\htdocs\ayndrome-api\api\get_track_parcels.php on line 21
[24-Apr-2025 20:37:36 Europe/Berlin] PHP Notice:  session_start(): Ignoring session_start() because a session is already active in C:\xampp\htdocs\ayndrome-api\api\get_track_parcels.php on line 21
[24-Apr-2025 20:37:40 Europe/Berlin] PHP Notice:  session_start(): Ignoring session_start() because a session is already active in C:\xampp\htdocs\ayndrome-api\api\get_track_parcels.php on line 21
[24-Apr-2025 20:38:10 Europe/Berlin] PHP Notice:  session_start(): Ignoring session_start() because a session is already active in C:\xampp\htdocs\ayndrome-api\api\get_track_parcels.php on line 21
[24-Apr-2025 20:38:24 Europe/Berlin] PHP Notice:  session_start(): Ignoring session_start() because a session is already active in C:\xampp\htdocs\ayndrome-api\api\get_track_parcels.php on line 21
[24-Apr-2025 20:38:55 Europe/Berlin] PHP Notice:  session_start(): Ignoring session_start() because a session is already active in C:\xampp\htdocs\ayndrome-api\api\get_track_parcels.php on line 21
[24-Apr-2025 20:39:03 Europe/Berlin] PHP Notice:  session_start(): Ignoring session_start() because a session is already active in C:\xampp\htdocs\ayndrome-api\api\get_track_parcels.php on line 21
[24-Apr-2025 20:39:34 Europe/Berlin] PHP Notice:  session_start(): Ignoring session_start() because a session is already active in C:\xampp\htdocs\ayndrome-api\api\get_track_parcels.php on line 21
[24-Apr-2025 20:44:18 Europe/Berlin] PHP Notice:  session_start(): Ignoring session_start() because a session is already active in C:\xampp\htdocs\ayndrome-api\api\get_track_parcels.php on line 21
[24-Apr-2025 20:44:30 Europe/Berlin] PHP Notice:  session_start(): Ignoring session_start() because a session is already active in C:\xampp\htdocs\ayndrome-api\api\get_track_parcels.php on line 21
[24-Apr-2025 20:44:57 Europe/Berlin] PHP Notice:  session_start(): Ignoring session_start() because a session is already active in C:\xampp\htdocs\ayndrome-api\api\get_track_parcels.php on line 21
[24-Apr-2025 20:45:14 Europe/Berlin] PHP Notice:  session_start(): Ignoring session_start() because a session is already active in C:\xampp\htdocs\ayndrome-api\api\get_track_parcels.php on line 21
[24-Apr-2025 20:45:45 Europe/Berlin] PHP Notice:  session_start(): Ignoring session_start() because a session is already active in C:\xampp\htdocs\ayndrome-api\api\get_track_parcels.php on line 21
[24-Apr-2025 20:46:15 Europe/Berlin] PHP Notice:  session_start(): Ignoring session_start() because a session is already active in C:\xampp\htdocs\ayndrome-api\api\get_track_parcels.php on line 21
[24-Apr-2025 20:46:45 Europe/Berlin] PHP Notice:  session_start(): Ignoring session_start() because a session is already active in C:\xampp\htdocs\ayndrome-api\api\get_track_parcels.php on line 21
[24-Apr-2025 20:47:15 Europe/Berlin] PHP Notice:  session_start(): Ignoring session_start() because a session is already active in C:\xampp\htdocs\ayndrome-api\api\get_track_parcels.php on line 21
[24-Apr-2025 20:47:45 Europe/Berlin] PHP Notice:  session_start(): Ignoring session_start() because a session is already active in C:\xampp\htdocs\ayndrome-api\api\get_track_parcels.php on line 21
[24-Apr-2025 20:48:45 Europe/Berlin] PHP Notice:  session_start(): Ignoring session_start() because a session is already active in C:\xampp\htdocs\ayndrome-api\api\get_track_parcels.php on line 21
[24-Apr-2025 20:49:27 Europe/Berlin] PHP Notice:  session_start(): Ignoring session_start() because a session is already active in C:\xampp\htdocs\ayndrome-api\api\get_track_parcels.php on line 21
[24-Apr-2025 20:49:45 Europe/Berlin] PHP Notice:  session_start(): Ignoring session_start() because a session is already active in C:\xampp\htdocs\ayndrome-api\api\get_track_parcels.php on line 21
[24-Apr-2025 20:50:15 Europe/Berlin] PHP Notice:  session_start(): Ignoring session_start() because a session is already active in C:\xampp\htdocs\ayndrome-api\api\get_track_parcels.php on line 21
[24-Apr-2025 20:50:45 Europe/Berlin] PHP Notice:  session_start(): Ignoring session_start() because a session is already active in C:\xampp\htdocs\ayndrome-api\api\get_track_parcels.php on line 21
[24-Apr-2025 20:51:45 Europe/Berlin] PHP Notice:  session_start(): Ignoring session_start() because a session is already active in C:\xampp\htdocs\ayndrome-api\api\get_track_parcels.php on line 21
[24-Apr-2025 20:52:45 Europe/Berlin] PHP Notice:  session_start(): Ignoring session_start() because a session is already active in C:\xampp\htdocs\ayndrome-api\api\get_track_parcels.php on line 21
[24-Apr-2025 20:53:45 Europe/Berlin] PHP Notice:  session_start(): Ignoring session_start() because a session is already active in C:\xampp\htdocs\ayndrome-api\api\get_track_parcels.php on line 21
[24-Apr-2025 20:54:15 Europe/Berlin] PHP Notice:  session_start(): Ignoring session_start() because a session is already active in C:\xampp\htdocs\ayndrome-api\api\get_track_parcels.php on line 21
[24-Apr-2025 20:54:45 Europe/Berlin] PHP Notice:  session_start(): Ignoring session_start() because a session is already active in C:\xampp\htdocs\ayndrome-api\api\get_track_parcels.php on line 21
[24-Apr-2025 20:55:45 Europe/Berlin] PHP Notice:  session_start(): Ignoring session_start() because a session is already active in C:\xampp\htdocs\ayndrome-api\api\get_track_parcels.php on line 21
[24-Apr-2025 20:56:40 Europe/Berlin] PHP Notice:  session_start(): Ignoring session_start() because a session is already active in C:\xampp\htdocs\ayndrome-api\api\get_track_parcels.php on line 21
[24-Apr-2025 20:56:45 Europe/Berlin] PHP Notice:  session_start(): Ignoring session_start() because a session is already active in C:\xampp\htdocs\ayndrome-api\api\get_track_parcels.php on line 21
[24-Apr-2025 20:58:14 Europe/Berlin] {"type":8,"message":"session_start(): Ignoring session_start() because a session is already active","file":"C:\\xampp\\htdocs\\ayndrome-api\\api\\create_order.php","line":70}
[24-Apr-2025 20:58:14 Europe/Berlin] PHP Notice:  session_start(): Ignoring session_start() because a session is already active in C:\xampp\htdocs\ayndrome-api\api\create_order.php on line 70
[24-Apr-2025 20:58:43 Europe/Berlin] PHP Notice:  session_start(): Ignoring session_start() because a session is already active in C:\xampp\htdocs\ayndrome-api\api\get_track_parcels.php on line 21
[24-Apr-2025 20:59:14 Europe/Berlin] PHP Notice:  session_start(): Ignoring session_start() because a session is already active in C:\xampp\htdocs\ayndrome-api\api\get_track_parcels.php on line 21
[24-Apr-2025 20:59:43 Europe/Berlin] PHP Notice:  session_start(): Ignoring session_start() because a session is already active in C:\xampp\htdocs\ayndrome-api\api\get_track_parcels.php on line 21
[24-Apr-2025 21:00:14 Europe/Berlin] PHP Notice:  session_start(): Ignoring session_start() because a session is already active in C:\xampp\htdocs\ayndrome-api\api\get_track_parcels.php on line 21
[24-Apr-2025 21:00:44 Europe/Berlin] PHP Notice:  session_start(): Ignoring session_start() because a session is already active in C:\xampp\htdocs\ayndrome-api\api\get_track_parcels.php on line 21
[24-Apr-2025 21:01:45 Europe/Berlin] PHP Notice:  session_start(): Ignoring session_start() because a session is already active in C:\xampp\htdocs\ayndrome-api\api\get_track_parcels.php on line 21
[24-Apr-2025 21:02:35 Europe/Berlin] PHP Notice:  session_start(): Ignoring session_start() because a session is already active in C:\xampp\htdocs\ayndrome-api\api\get_track_parcels.php on line 21
[24-Apr-2025 21:02:44 Europe/Berlin] PHP Notice:  session_start(): Ignoring session_start() because a session is already active in C:\xampp\htdocs\ayndrome-api\api\get_track_parcels.php on line 21
[24-Apr-2025 21:03:14 Europe/Berlin] PHP Notice:  session_start(): Ignoring session_start() because a session is already active in C:\xampp\htdocs\ayndrome-api\api\get_track_parcels.php on line 21
[24-Apr-2025 21:03:45 Europe/Berlin] PHP Notice:  session_start(): Ignoring session_start() because a session is already active in C:\xampp\htdocs\ayndrome-api\api\get_track_parcels.php on line 21
[24-Apr-2025 21:04:45 Europe/Berlin] PHP Notice:  session_start(): Ignoring session_start() because a session is already active in C:\xampp\htdocs\ayndrome-api\api\get_track_parcels.php on line 21
[24-Apr-2025 21:05:45 Europe/Berlin] PHP Notice:  session_start(): Ignoring session_start() because a session is already active in C:\xampp\htdocs\ayndrome-api\api\get_track_parcels.php on line 21
[24-Apr-2025 21:06:45 Europe/Berlin] PHP Notice:  session_start(): Ignoring session_start() because a session is already active in C:\xampp\htdocs\ayndrome-api\api\get_track_parcels.php on line 21
[24-Apr-2025 21:07:45 Europe/Berlin] PHP Notice:  session_start(): Ignoring session_start() because a session is already active in C:\xampp\htdocs\ayndrome-api\api\get_track_parcels.php on line 21
[24-Apr-2025 21:08:45 Europe/Berlin] PHP Notice:  session_start(): Ignoring session_start() because a session is already active in C:\xampp\htdocs\ayndrome-api\api\get_track_parcels.php on line 21
[24-Apr-2025 21:09:45 Europe/Berlin] PHP Notice:  session_start(): Ignoring session_start() because a session is already active in C:\xampp\htdocs\ayndrome-api\api\get_track_parcels.php on line 21
[24-Apr-2025 21:10:45 Europe/Berlin] PHP Notice:  session_start(): Ignoring session_start() because a session is already active in C:\xampp\htdocs\ayndrome-api\api\get_track_parcels.php on line 21
[24-Apr-2025 21:11:45 Europe/Berlin] PHP Notice:  session_start(): Ignoring session_start() because a session is already active in C:\xampp\htdocs\ayndrome-api\api\get_track_parcels.php on line 21
[24-Apr-2025 21:12:45 Europe/Berlin] PHP Notice:  session_start(): Ignoring session_start() because a session is already active in C:\xampp\htdocs\ayndrome-api\api\get_track_parcels.php on line 21
[24-Apr-2025 21:13:45 Europe/Berlin] PHP Notice:  session_start(): Ignoring session_start() because a session is already active in C:\xampp\htdocs\ayndrome-api\api\get_track_parcels.php on line 21
[24-Apr-2025 21:14:45 Europe/Berlin] PHP Notice:  session_start(): Ignoring session_start() because a session is already active in C:\xampp\htdocs\ayndrome-api\api\get_track_parcels.php on line 21
[24-Apr-2025 21:15:45 Europe/Berlin] PHP Notice:  session_start(): Ignoring session_start() because a session is already active in C:\xampp\htdocs\ayndrome-api\api\get_track_parcels.php on line 21
[24-Apr-2025 21:16:45 Europe/Berlin] PHP Notice:  session_start(): Ignoring session_start() because a session is already active in C:\xampp\htdocs\ayndrome-api\api\get_track_parcels.php on line 21
[24-Apr-2025 21:17:45 Europe/Berlin] PHP Notice:  session_start(): Ignoring session_start() because a session is already active in C:\xampp\htdocs\ayndrome-api\api\get_track_parcels.php on line 21
[24-Apr-2025 21:18:45 Europe/Berlin] PHP Notice:  session_start(): Ignoring session_start() because a session is already active in C:\xampp\htdocs\ayndrome-api\api\get_track_parcels.php on line 21
[24-Apr-2025 21:19:45 Europe/Berlin] PHP Notice:  session_start(): Ignoring session_start() because a session is already active in C:\xampp\htdocs\ayndrome-api\api\get_track_parcels.php on line 21
[24-Apr-2025 21:20:45 Europe/Berlin] PHP Notice:  session_start(): Ignoring session_start() because a session is already active in C:\xampp\htdocs\ayndrome-api\api\get_track_parcels.php on line 21
[24-Apr-2025 21:21:45 Europe/Berlin] PHP Notice:  session_start(): Ignoring session_start() because a session is already active in C:\xampp\htdocs\ayndrome-api\api\get_track_parcels.php on line 21
[24-Apr-2025 21:22:14 Europe/Berlin] PHP Notice:  session_start(): Ignoring session_start() because a session is already active in C:\xampp\htdocs\ayndrome-api\api\get_track_parcels.php on line 21
[24-Apr-2025 21:22:44 Europe/Berlin] PHP Notice:  session_start(): Ignoring session_start() because a session is already active in C:\xampp\htdocs\ayndrome-api\api\get_track_parcels.php on line 21
[24-Apr-2025 21:23:45 Europe/Berlin] PHP Notice:  session_start(): Ignoring session_start() because a session is already active in C:\xampp\htdocs\ayndrome-api\api\get_track_parcels.php on line 21
[24-Apr-2025 21:24:45 Europe/Berlin] PHP Notice:  session_start(): Ignoring session_start() because a session is already active in C:\xampp\htdocs\ayndrome-api\api\get_track_parcels.php on line 21
[24-Apr-2025 21:25:45 Europe/Berlin] PHP Notice:  session_start(): Ignoring session_start() because a session is already active in C:\xampp\htdocs\ayndrome-api\api\get_track_parcels.php on line 21
[24-Apr-2025 21:26:45 Europe/Berlin] PHP Notice:  session_start(): Ignoring session_start() because a session is already active in C:\xampp\htdocs\ayndrome-api\api\get_track_parcels.php on line 21
[24-Apr-2025 21:27:45 Europe/Berlin] PHP Notice:  session_start(): Ignoring session_start() because a session is already active in C:\xampp\htdocs\ayndrome-api\api\get_track_parcels.php on line 21
[24-Apr-2025 21:28:45 Europe/Berlin] PHP Notice:  session_start(): Ignoring session_start() because a session is already active in C:\xampp\htdocs\ayndrome-api\api\get_track_parcels.php on line 21
[24-Apr-2025 21:29:45 Europe/Berlin] PHP Notice:  session_start(): Ignoring session_start() because a session is already active in C:\xampp\htdocs\ayndrome-api\api\get_track_parcels.php on line 21
[24-Apr-2025 21:30:45 Europe/Berlin] PHP Notice:  session_start(): Ignoring session_start() because a session is already active in C:\xampp\htdocs\ayndrome-api\api\get_track_parcels.php on line 21
[24-Apr-2025 21:31:45 Europe/Berlin] PHP Notice:  session_start(): Ignoring session_start() because a session is already active in C:\xampp\htdocs\ayndrome-api\api\get_track_parcels.php on line 21
[24-Apr-2025 21:32:45 Europe/Berlin] PHP Notice:  session_start(): Ignoring session_start() because a session is already active in C:\xampp\htdocs\ayndrome-api\api\get_track_parcels.php on line 21
[24-Apr-2025 21:33:45 Europe/Berlin] PHP Notice:  session_start(): Ignoring session_start() because a session is already active in C:\xampp\htdocs\ayndrome-api\api\get_track_parcels.php on line 21
[24-Apr-2025 21:34:45 Europe/Berlin] PHP Notice:  session_start(): Ignoring session_start() because a session is already active in C:\xampp\htdocs\ayndrome-api\api\get_track_parcels.php on line 21
[24-Apr-2025 21:35:45 Europe/Berlin] PHP Notice:  session_start(): Ignoring session_start() because a session is already active in C:\xampp\htdocs\ayndrome-api\api\get_track_parcels.php on line 21
[24-Apr-2025 21:36:45 Europe/Berlin] PHP Notice:  session_start(): Ignoring session_start() because a session is already active in C:\xampp\htdocs\ayndrome-api\api\get_track_parcels.php on line 21
[24-Apr-2025 21:37:45 Europe/Berlin] PHP Notice:  session_start(): Ignoring session_start() because a session is already active in C:\xampp\htdocs\ayndrome-api\api\get_track_parcels.php on line 21
[24-Apr-2025 21:38:45 Europe/Berlin] PHP Notice:  session_start(): Ignoring session_start() because a session is already active in C:\xampp\htdocs\ayndrome-api\api\get_track_parcels.php on line 21
[24-Apr-2025 21:39:45 Europe/Berlin] PHP Notice:  session_start(): Ignoring session_start() because a session is already active in C:\xampp\htdocs\ayndrome-api\api\get_track_parcels.php on line 21
[24-Apr-2025 21:40:45 Europe/Berlin] PHP Notice:  session_start(): Ignoring session_start() because a session is already active in C:\xampp\htdocs\ayndrome-api\api\get_track_parcels.php on line 21
[24-Apr-2025 21:41:45 Europe/Berlin] PHP Notice:  session_start(): Ignoring session_start() because a session is already active in C:\xampp\htdocs\ayndrome-api\api\get_track_parcels.php on line 21
[24-Apr-2025 21:42:45 Europe/Berlin] PHP Notice:  session_start(): Ignoring session_start() because a session is already active in C:\xampp\htdocs\ayndrome-api\api\get_track_parcels.php on line 21
[24-Apr-2025 21:43:45 Europe/Berlin] PHP Notice:  session_start(): Ignoring session_start() because a session is already active in C:\xampp\htdocs\ayndrome-api\api\get_track_parcels.php on line 21
[24-Apr-2025 21:44:45 Europe/Berlin] PHP Notice:  session_start(): Ignoring session_start() because a session is already active in C:\xampp\htdocs\ayndrome-api\api\get_track_parcels.php on line 21
[24-Apr-2025 21:45:45 Europe/Berlin] PHP Notice:  session_start(): Ignoring session_start() because a session is already active in C:\xampp\htdocs\ayndrome-api\api\get_track_parcels.php on line 21
[24-Apr-2025 21:46:45 Europe/Berlin] PHP Notice:  session_start(): Ignoring session_start() because a session is already active in C:\xampp\htdocs\ayndrome-api\api\get_track_parcels.php on line 21
[24-Apr-2025 21:47:45 Europe/Berlin] PHP Notice:  session_start(): Ignoring session_start() because a session is already active in C:\xampp\htdocs\ayndrome-api\api\get_track_parcels.php on line 21
[24-Apr-2025 21:48:45 Europe/Berlin] PHP Notice:  session_start(): Ignoring session_start() because a session is already active in C:\xampp\htdocs\ayndrome-api\api\get_track_parcels.php on line 21
[24-Apr-2025 21:49:45 Europe/Berlin] PHP Notice:  session_start(): Ignoring session_start() because a session is already active in C:\xampp\htdocs\ayndrome-api\api\get_track_parcels.php on line 21
[24-Apr-2025 21:50:45 Europe/Berlin] PHP Notice:  session_start(): Ignoring session_start() because a session is already active in C:\xampp\htdocs\ayndrome-api\api\get_track_parcels.php on line 21
[24-Apr-2025 21:51:45 Europe/Berlin] PHP Notice:  session_start(): Ignoring session_start() because a session is already active in C:\xampp\htdocs\ayndrome-api\api\get_track_parcels.php on line 21
[24-Apr-2025 21:52:13 Europe/Berlin] PHP Notice:  session_start(): Ignoring session_start() because a session is already active in C:\xampp\htdocs\ayndrome-api\api\get_track_parcels.php on line 21
[24-Apr-2025 23:07:26 Europe/Berlin] {"type":8,"message":"session_start(): Ignoring session_start() because a session is already active","file":"C:\\xampp\\htdocs\\ayndrome-api\\api\\create_order.php","line":70}
[24-Apr-2025 23:07:26 Europe/Berlin] PHP Notice:  session_start(): Ignoring session_start() because a session is already active in C:\xampp\htdocs\ayndrome-api\api\create_order.php on line 70
[24-Apr-2025 23:07:32 Europe/Berlin] {"type":8,"message":"session_start(): Ignoring session_start() because a session is already active","file":"C:\\xampp\\htdocs\\ayndrome-api\\api\\create_order.php","line":70}
[24-Apr-2025 23:07:32 Europe/Berlin] PHP Notice:  session_start(): Ignoring session_start() because a session is already active in C:\xampp\htdocs\ayndrome-api\api\create_order.php on line 70
[24-Apr-2025 23:07:41 Europe/Berlin] PHP Notice:  session_start(): Ignoring session_start() because a session is already active in C:\xampp\htdocs\ayndrome-api\api\get_track_parcels.php on line 21
[24-Apr-2025 23:07:46 Europe/Berlin] PHP Notice:  session_start(): Ignoring session_start() because a session is already active in C:\xampp\htdocs\ayndrome-api\api\get_track_parcels.php on line 21
[24-Apr-2025 23:10:14 Europe/Berlin] {"type":8,"message":"session_start(): Ignoring session_start() because a session is already active","file":"C:\\xampp\\htdocs\\ayndrome-api\\api\\create_order.php","line":70}
[24-Apr-2025 23:10:14 Europe/Berlin] PHP Notice:  session_start(): Ignoring session_start() because a session is already active in C:\xampp\htdocs\ayndrome-api\api\create_order.php on line 70
[24-Apr-2025 23:11:45 Europe/Berlin] PHP Notice:  session_start(): Ignoring session_start() because a session is already active in C:\xampp\htdocs\ayndrome-api\api\get_track_parcels.php on line 21
[24-Apr-2025 23:13:27 Europe/Berlin] {"type":8,"message":"session_start(): Ignoring session_start() because a session is already active","file":"C:\\xampp\\htdocs\\ayndrome-api\\api\\create_order.php","line":70}
[24-Apr-2025 23:13:27 Europe/Berlin] PHP Notice:  session_start(): Ignoring session_start() because a session is already active in C:\xampp\htdocs\ayndrome-api\api\create_order.php on line 70
[24-Apr-2025 23:14:10 Europe/Berlin] PHP Notice:  session_start(): Ignoring session_start() because a session is already active in C:\xampp\htdocs\ayndrome-api\api\get_track_parcels.php on line 21
[24-Apr-2025 23:14:41 Europe/Berlin] PHP Notice:  session_start(): Ignoring session_start() because a session is already active in C:\xampp\htdocs\ayndrome-api\api\get_track_parcels.php on line 21
[24-Apr-2025 23:15:11 Europe/Berlin] PHP Notice:  session_start(): Ignoring session_start() because a session is already active in C:\xampp\htdocs\ayndrome-api\api\get_track_parcels.php on line 21
[24-Apr-2025 23:15:41 Europe/Berlin] PHP Notice:  session_start(): Ignoring session_start() because a session is already active in C:\xampp\htdocs\ayndrome-api\api\get_track_parcels.php on line 21
[25-Apr-2025 06:37:45 Europe/Berlin] PHP Notice:  session_start(): Ignoring session_start() because a session is already active in C:\xampp\htdocs\ayndrome-api\api\get_track_parcels.php on line 21
[25-Apr-2025 06:38:45 Europe/Berlin] PHP Notice:  session_start(): Ignoring session_start() because a session is already active in C:\xampp\htdocs\ayndrome-api\api\get_track_parcels.php on line 21
[25-Apr-2025 06:39:13 Europe/Berlin] PHP Notice:  session_start(): Ignoring session_start() because a session is already active in C:\xampp\htdocs\ayndrome-api\api\get_track_parcels.php on line 21
[25-Apr-2025 06:39:41 Europe/Berlin] PHP Notice:  session_start(): Ignoring session_start() because a session is already active in C:\xampp\htdocs\ayndrome-api\api\get_track_parcels.php on line 21
[25-Apr-2025 06:40:11 Europe/Berlin] PHP Notice:  session_start(): Ignoring session_start() because a session is already active in C:\xampp\htdocs\ayndrome-api\api\get_track_parcels.php on line 21
[25-Apr-2025 06:40:45 Europe/Berlin] PHP Notice:  session_start(): Ignoring session_start() because a session is already active in C:\xampp\htdocs\ayndrome-api\api\get_track_parcels.php on line 21
[25-Apr-2025 06:41:45 Europe/Berlin] PHP Notice:  session_start(): Ignoring session_start() because a session is already active in C:\xampp\htdocs\ayndrome-api\api\get_track_parcels.php on line 21
[25-Apr-2025 06:42:23 Europe/Berlin] PHP Notice:  session_start(): Ignoring session_start() because a session is already active in C:\xampp\htdocs\ayndrome-api\api\get_track_parcels.php on line 21
[25-Apr-2025 06:43:59 Europe/Berlin] {"type":8,"message":"session_start(): Ignoring session_start() because a session is already active","file":"C:\\xampp\\htdocs\\ayndrome-api\\api\\create_order.php","line":70}
[25-Apr-2025 06:43:59 Europe/Berlin] PHP Notice:  session_start(): Ignoring session_start() because a session is already active in C:\xampp\htdocs\ayndrome-api\api\create_order.php on line 70
[25-Apr-2025 06:44:11 Europe/Berlin] PHP Notice:  session_start(): Ignoring session_start() because a session is already active in C:\xampp\htdocs\ayndrome-api\api\get_track_parcels.php on line 21
[25-Apr-2025 06:44:15 Europe/Berlin] PHP Notice:  session_start(): Ignoring session_start() because a session is already active in C:\xampp\htdocs\ayndrome-api\api\get_track_parcels.php on line 21
[25-Apr-2025 06:44:45 Europe/Berlin] PHP Notice:  session_start(): Ignoring session_start() because a session is already active in C:\xampp\htdocs\ayndrome-api\api\get_track_parcels.php on line 21
[25-Apr-2025 06:44:55 Europe/Berlin] PHP Notice:  session_start(): Ignoring session_start() because a session is already active in C:\xampp\htdocs\ayndrome-api\api\get_track_parcels.php on line 21
[25-Apr-2025 06:45:03 Europe/Berlin] PHP Notice:  session_start(): Ignoring session_start() because a session is already active in C:\xampp\htdocs\ayndrome-api\api\get_track_parcels.php on line 21
[25-Apr-2025 06:45:13 Europe/Berlin] PHP Notice:  session_start(): Ignoring session_start() because a session is already active in C:\xampp\htdocs\ayndrome-api\api\get_track_parcels.php on line 21
[25-Apr-2025 06:45:20 Europe/Berlin] PHP Notice:  session_start(): Ignoring session_start() because a session is already active in C:\xampp\htdocs\ayndrome-api\api\get_track_parcels.php on line 21
[25-Apr-2025 06:45:27 Europe/Berlin] PHP Notice:  session_start(): Ignoring session_start() because a session is already active in C:\xampp\htdocs\ayndrome-api\api\get_track_parcels.php on line 21
[25-Apr-2025 06:45:41 Europe/Berlin] PHP Notice:  session_start(): Ignoring session_start() because a session is already active in C:\xampp\htdocs\ayndrome-api\api\get_track_parcels.php on line 21
[25-Apr-2025 07:05:41 Europe/Berlin] {"type":8,"message":"session_start(): Ignoring session_start() because a session is already active","file":"C:\\xampp\\htdocs\\ayndrome-api\\api\\create_order.php","line":70}
[25-Apr-2025 07:05:41 Europe/Berlin] PHP Notice:  session_start(): Ignoring session_start() because a session is already active in C:\xampp\htdocs\ayndrome-api\api\create_order.php on line 70
[25-Apr-2025 07:05:54 Europe/Berlin] PHP Notice:  session_start(): Ignoring session_start() because a session is already active in C:\xampp\htdocs\ayndrome-api\api\get_track_parcels.php on line 21
[25-Apr-2025 07:05:57 Europe/Berlin] PHP Notice:  session_start(): Ignoring session_start() because a session is already active in C:\xampp\htdocs\ayndrome-api\api\get_track_parcels.php on line 21
[25-Apr-2025 07:06:00 Europe/Berlin] PHP Notice:  session_start(): Ignoring session_start() because a session is already active in C:\xampp\htdocs\ayndrome-api\api\get_track_parcels.php on line 21
[25-Apr-2025 07:06:03 Europe/Berlin] PHP Notice:  session_start(): Ignoring session_start() because a session is already active in C:\xampp\htdocs\ayndrome-api\api\get_track_parcels.php on line 21
[25-Apr-2025 07:06:06 Europe/Berlin] PHP Notice:  session_start(): Ignoring session_start() because a session is already active in C:\xampp\htdocs\ayndrome-api\api\get_track_parcels.php on line 21
[25-Apr-2025 07:06:09 Europe/Berlin] PHP Notice:  session_start(): Ignoring session_start() because a session is already active in C:\xampp\htdocs\ayndrome-api\api\get_track_parcels.php on line 21
[25-Apr-2025 07:06:12 Europe/Berlin] PHP Notice:  session_start(): Ignoring session_start() because a session is already active in C:\xampp\htdocs\ayndrome-api\api\get_track_parcels.php on line 21
[25-Apr-2025 07:06:15 Europe/Berlin] PHP Notice:  session_start(): Ignoring session_start() because a session is already active in C:\xampp\htdocs\ayndrome-api\api\get_track_parcels.php on line 21
[25-Apr-2025 07:06:19 Europe/Berlin] PHP Notice:  session_start(): Ignoring session_start() because a session is already active in C:\xampp\htdocs\ayndrome-api\api\get_track_parcels.php on line 21
[25-Apr-2025 07:06:22 Europe/Berlin] PHP Notice:  session_start(): Ignoring session_start() because a session is already active in C:\xampp\htdocs\ayndrome-api\api\get_track_parcels.php on line 21
[25-Apr-2025 07:06:25 Europe/Berlin] PHP Notice:  session_start(): Ignoring session_start() because a session is already active in C:\xampp\htdocs\ayndrome-api\api\get_track_parcels.php on line 21
[25-Apr-2025 07:06:28 Europe/Berlin] PHP Notice:  session_start(): Ignoring session_start() because a session is already active in C:\xampp\htdocs\ayndrome-api\api\get_track_parcels.php on line 21
[25-Apr-2025 07:06:32 Europe/Berlin] PHP Notice:  session_start(): Ignoring session_start() because a session is already active in C:\xampp\htdocs\ayndrome-api\api\get_track_parcels.php on line 21
[25-Apr-2025 07:06:33 Europe/Berlin] PHP Notice:  session_start(): Ignoring session_start() because a session is already active in C:\xampp\htdocs\ayndrome-api\api\get_track_parcels.php on line 21
[25-Apr-2025 07:06:37 Europe/Berlin] PHP Notice:  session_start(): Ignoring session_start() because a session is already active in C:\xampp\htdocs\ayndrome-api\api\get_track_parcels.php on line 21
[25-Apr-2025 07:06:40 Europe/Berlin] PHP Notice:  session_start(): Ignoring session_start() because a session is already active in C:\xampp\htdocs\ayndrome-api\api\get_track_parcels.php on line 21
[25-Apr-2025 07:06:43 Europe/Berlin] PHP Notice:  session_start(): Ignoring session_start() because a session is already active in C:\xampp\htdocs\ayndrome-api\api\get_track_parcels.php on line 21
[25-Apr-2025 07:06:46 Europe/Berlin] PHP Notice:  session_start(): Ignoring session_start() because a session is already active in C:\xampp\htdocs\ayndrome-api\api\get_track_parcels.php on line 21
[25-Apr-2025 07:06:49 Europe/Berlin] PHP Notice:  session_start(): Ignoring session_start() because a session is already active in C:\xampp\htdocs\ayndrome-api\api\get_track_parcels.php on line 21
[25-Apr-2025 07:06:52 Europe/Berlin] PHP Notice:  session_start(): Ignoring session_start() because a session is already active in C:\xampp\htdocs\ayndrome-api\api\get_track_parcels.php on line 21
[25-Apr-2025 07:06:55 Europe/Berlin] PHP Notice:  session_start(): Ignoring session_start() because a session is already active in C:\xampp\htdocs\ayndrome-api\api\get_track_parcels.php on line 21
[25-Apr-2025 07:06:58 Europe/Berlin] PHP Notice:  session_start(): Ignoring session_start() because a session is already active in C:\xampp\htdocs\ayndrome-api\api\get_track_parcels.php on line 21
[25-Apr-2025 07:07:01 Europe/Berlin] PHP Notice:  session_start(): Ignoring session_start() because a session is already active in C:\xampp\htdocs\ayndrome-api\api\get_track_parcels.php on line 21
[25-Apr-2025 07:07:04 Europe/Berlin] PHP Notice:  session_start(): Ignoring session_start() because a session is already active in C:\xampp\htdocs\ayndrome-api\api\get_track_parcels.php on line 21
[25-Apr-2025 07:07:07 Europe/Berlin] PHP Notice:  session_start(): Ignoring session_start() because a session is already active in C:\xampp\htdocs\ayndrome-api\api\get_track_parcels.php on line 21
[25-Apr-2025 07:07:09 Europe/Berlin] PHP Notice:  session_start(): Ignoring session_start() because a session is already active in C:\xampp\htdocs\ayndrome-api\api\get_track_parcels.php on line 21
[25-Apr-2025 07:07:12 Europe/Berlin] PHP Notice:  session_start(): Ignoring session_start() because a session is already active in C:\xampp\htdocs\ayndrome-api\api\get_track_parcels.php on line 21
[25-Apr-2025 07:07:15 Europe/Berlin] PHP Notice:  session_start(): Ignoring session_start() because a session is already active in C:\xampp\htdocs\ayndrome-api\api\get_track_parcels.php on line 21
[25-Apr-2025 07:07:17 Europe/Berlin] PHP Notice:  session_start(): Ignoring session_start() because a session is already active in C:\xampp\htdocs\ayndrome-api\api\get_track_parcels.php on line 21
[25-Apr-2025 07:07:21 Europe/Berlin] PHP Notice:  session_start(): Ignoring session_start() because a session is already active in C:\xampp\htdocs\ayndrome-api\api\get_track_parcels.php on line 21
[25-Apr-2025 07:07:23 Europe/Berlin] PHP Notice:  session_start(): Ignoring session_start() because a session is already active in C:\xampp\htdocs\ayndrome-api\api\get_track_parcels.php on line 21
[25-Apr-2025 07:07:26 Europe/Berlin] PHP Notice:  session_start(): Ignoring session_start() because a session is already active in C:\xampp\htdocs\ayndrome-api\api\get_track_parcels.php on line 21
[25-Apr-2025 07:07:30 Europe/Berlin] PHP Notice:  session_start(): Ignoring session_start() because a session is already active in C:\xampp\htdocs\ayndrome-api\api\get_track_parcels.php on line 21
[25-Apr-2025 07:07:33 Europe/Berlin] PHP Notice:  session_start(): Ignoring session_start() because a session is already active in C:\xampp\htdocs\ayndrome-api\api\get_track_parcels.php on line 21
[25-Apr-2025 07:07:36 Europe/Berlin] PHP Notice:  session_start(): Ignoring session_start() because a session is already active in C:\xampp\htdocs\ayndrome-api\api\get_track_parcels.php on line 21
[25-Apr-2025 07:07:39 Europe/Berlin] PHP Notice:  session_start(): Ignoring session_start() because a session is already active in C:\xampp\htdocs\ayndrome-api\api\get_track_parcels.php on line 21
[25-Apr-2025 07:07:41 Europe/Berlin] PHP Notice:  session_start(): Ignoring session_start() because a session is already active in C:\xampp\htdocs\ayndrome-api\api\get_track_parcels.php on line 21
[25-Apr-2025 07:07:45 Europe/Berlin] PHP Notice:  session_start(): Ignoring session_start() because a session is already active in C:\xampp\htdocs\ayndrome-api\api\get_track_parcels.php on line 21
[25-Apr-2025 07:07:48 Europe/Berlin] PHP Notice:  session_start(): Ignoring session_start() because a session is already active in C:\xampp\htdocs\ayndrome-api\api\get_track_parcels.php on line 21
[25-Apr-2025 07:12:52 Europe/Berlin] PHP Notice:  session_start(): Ignoring session_start() because a session is already active in C:\xampp\htdocs\ayndrome-api\api\get_track_parcels.php on line 21
[25-Apr-2025 07:12:55 Europe/Berlin] PHP Notice:  session_start(): Ignoring session_start() because a session is already active in C:\xampp\htdocs\ayndrome-api\api\get_track_parcels.php on line 21
[25-Apr-2025 07:12:58 Europe/Berlin] PHP Notice:  session_start(): Ignoring session_start() because a session is already active in C:\xampp\htdocs\ayndrome-api\api\get_track_parcels.php on line 21
[25-Apr-2025 07:13:02 Europe/Berlin] PHP Notice:  session_start(): Ignoring session_start() because a session is already active in C:\xampp\htdocs\ayndrome-api\api\get_track_parcels.php on line 21
[25-Apr-2025 07:13:05 Europe/Berlin] PHP Notice:  session_start(): Ignoring session_start() because a session is already active in C:\xampp\htdocs\ayndrome-api\api\get_track_parcels.php on line 21
[25-Apr-2025 07:13:08 Europe/Berlin] PHP Notice:  session_start(): Ignoring session_start() because a session is already active in C:\xampp\htdocs\ayndrome-api\api\get_track_parcels.php on line 21
[25-Apr-2025 07:13:11 Europe/Berlin] PHP Notice:  session_start(): Ignoring session_start() because a session is already active in C:\xampp\htdocs\ayndrome-api\api\get_track_parcels.php on line 21
[25-Apr-2025 07:13:14 Europe/Berlin] PHP Notice:  session_start(): Ignoring session_start() because a session is already active in C:\xampp\htdocs\ayndrome-api\api\get_track_parcels.php on line 21
[25-Apr-2025 07:13:17 Europe/Berlin] PHP Notice:  session_start(): Ignoring session_start() because a session is already active in C:\xampp\htdocs\ayndrome-api\api\get_track_parcels.php on line 21
[25-Apr-2025 07:13:20 Europe/Berlin] PHP Notice:  session_start(): Ignoring session_start() because a session is already active in C:\xampp\htdocs\ayndrome-api\api\get_track_parcels.php on line 21
[25-Apr-2025 07:13:23 Europe/Berlin] PHP Notice:  session_start(): Ignoring session_start() because a session is already active in C:\xampp\htdocs\ayndrome-api\api\get_track_parcels.php on line 21
[25-Apr-2025 07:13:26 Europe/Berlin] PHP Notice:  session_start(): Ignoring session_start() because a session is already active in C:\xampp\htdocs\ayndrome-api\api\get_track_parcels.php on line 21
[25-Apr-2025 07:13:29 Europe/Berlin] PHP Notice:  session_start(): Ignoring session_start() because a session is already active in C:\xampp\htdocs\ayndrome-api\api\get_track_parcels.php on line 21
[25-Apr-2025 07:13:32 Europe/Berlin] PHP Notice:  session_start(): Ignoring session_start() because a session is already active in C:\xampp\htdocs\ayndrome-api\api\get_track_parcels.php on line 21
[25-Apr-2025 07:13:35 Europe/Berlin] PHP Notice:  session_start(): Ignoring session_start() because a session is already active in C:\xampp\htdocs\ayndrome-api\api\get_track_parcels.php on line 21
[25-Apr-2025 07:13:38 Europe/Berlin] PHP Notice:  session_start(): Ignoring session_start() because a session is already active in C:\xampp\htdocs\ayndrome-api\api\get_track_parcels.php on line 21
[25-Apr-2025 07:13:41 Europe/Berlin] PHP Notice:  session_start(): Ignoring session_start() because a session is already active in C:\xampp\htdocs\ayndrome-api\api\get_track_parcels.php on line 21
[25-Apr-2025 07:13:44 Europe/Berlin] PHP Notice:  session_start(): Ignoring session_start() because a session is already active in C:\xampp\htdocs\ayndrome-api\api\get_track_parcels.php on line 21
[25-Apr-2025 07:13:47 Europe/Berlin] PHP Notice:  session_start(): Ignoring session_start() because a session is already active in C:\xampp\htdocs\ayndrome-api\api\get_track_parcels.php on line 21
[25-Apr-2025 07:13:50 Europe/Berlin] PHP Notice:  session_start(): Ignoring session_start() because a session is already active in C:\xampp\htdocs\ayndrome-api\api\get_track_parcels.php on line 21
[25-Apr-2025 07:13:53 Europe/Berlin] PHP Notice:  session_start(): Ignoring session_start() because a session is already active in C:\xampp\htdocs\ayndrome-api\api\get_track_parcels.php on line 21
[25-Apr-2025 07:13:56 Europe/Berlin] PHP Notice:  session_start(): Ignoring session_start() because a session is already active in C:\xampp\htdocs\ayndrome-api\api\get_track_parcels.php on line 21
[25-Apr-2025 07:13:59 Europe/Berlin] PHP Notice:  session_start(): Ignoring session_start() because a session is already active in C:\xampp\htdocs\ayndrome-api\api\get_track_parcels.php on line 21
[25-Apr-2025 07:14:45 Europe/Berlin] PHP Notice:  session_start(): Ignoring session_start() because a session is already active in C:\xampp\htdocs\ayndrome-api\api\get_track_parcels.php on line 21
[25-Apr-2025 07:15:45 Europe/Berlin] PHP Notice:  session_start(): Ignoring session_start() because a session is already active in C:\xampp\htdocs\ayndrome-api\api\get_track_parcels.php on line 21
[25-Apr-2025 07:16:15 Europe/Berlin] PHP Notice:  session_start(): Ignoring session_start() because a session is already active in C:\xampp\htdocs\ayndrome-api\api\get_track_parcels.php on line 21
[25-Apr-2025 07:16:16 Europe/Berlin] PHP Notice:  session_start(): Ignoring session_start() because a session is already active in C:\xampp\htdocs\ayndrome-api\api\get_track_parcels.php on line 21
[25-Apr-2025 07:16:19 Europe/Berlin] PHP Notice:  session_start(): Ignoring session_start() because a session is already active in C:\xampp\htdocs\ayndrome-api\api\get_track_parcels.php on line 21
[25-Apr-2025 07:16:23 Europe/Berlin] PHP Notice:  session_start(): Ignoring session_start() because a session is already active in C:\xampp\htdocs\ayndrome-api\api\get_track_parcels.php on line 21
[25-Apr-2025 07:16:26 Europe/Berlin] PHP Notice:  session_start(): Ignoring session_start() because a session is already active in C:\xampp\htdocs\ayndrome-api\api\get_track_parcels.php on line 21
[25-Apr-2025 07:16:29 Europe/Berlin] PHP Notice:  session_start(): Ignoring session_start() because a session is already active in C:\xampp\htdocs\ayndrome-api\api\get_track_parcels.php on line 21
[25-Apr-2025 07:16:32 Europe/Berlin] PHP Notice:  session_start(): Ignoring session_start() because a session is already active in C:\xampp\htdocs\ayndrome-api\api\get_track_parcels.php on line 21
[25-Apr-2025 07:16:35 Europe/Berlin] PHP Notice:  session_start(): Ignoring session_start() because a session is already active in C:\xampp\htdocs\ayndrome-api\api\get_track_parcels.php on line 21
[25-Apr-2025 07:16:38 Europe/Berlin] PHP Notice:  session_start(): Ignoring session_start() because a session is already active in C:\xampp\htdocs\ayndrome-api\api\get_track_parcels.php on line 21
[25-Apr-2025 07:16:42 Europe/Berlin] PHP Notice:  session_start(): Ignoring session_start() because a session is already active in C:\xampp\htdocs\ayndrome-api\api\get_track_parcels.php on line 21
[25-Apr-2025 07:16:45 Europe/Berlin] PHP Notice:  session_start(): Ignoring session_start() because a session is already active in C:\xampp\htdocs\ayndrome-api\api\get_track_parcels.php on line 21
[25-Apr-2025 07:16:48 Europe/Berlin] PHP Notice:  session_start(): Ignoring session_start() because a session is already active in C:\xampp\htdocs\ayndrome-api\api\get_track_parcels.php on line 21
[25-Apr-2025 07:16:51 Europe/Berlin] PHP Notice:  session_start(): Ignoring session_start() because a session is already active in C:\xampp\htdocs\ayndrome-api\api\get_track_parcels.php on line 21
[25-Apr-2025 07:16:54 Europe/Berlin] PHP Notice:  session_start(): Ignoring session_start() because a session is already active in C:\xampp\htdocs\ayndrome-api\api\get_track_parcels.php on line 21
[25-Apr-2025 07:16:57 Europe/Berlin] PHP Notice:  session_start(): Ignoring session_start() because a session is already active in C:\xampp\htdocs\ayndrome-api\api\get_track_parcels.php on line 21
[25-Apr-2025 07:17:00 Europe/Berlin] PHP Notice:  session_start(): Ignoring session_start() because a session is already active in C:\xampp\htdocs\ayndrome-api\api\get_track_parcels.php on line 21
[25-Apr-2025 07:17:03 Europe/Berlin] PHP Notice:  session_start(): Ignoring session_start() because a session is already active in C:\xampp\htdocs\ayndrome-api\api\get_track_parcels.php on line 21
[25-Apr-2025 07:17:06 Europe/Berlin] PHP Notice:  session_start(): Ignoring session_start() because a session is already active in C:\xampp\htdocs\ayndrome-api\api\get_track_parcels.php on line 21
[25-Apr-2025 07:17:09 Europe/Berlin] PHP Notice:  session_start(): Ignoring session_start() because a session is already active in C:\xampp\htdocs\ayndrome-api\api\get_track_parcels.php on line 21
[25-Apr-2025 07:17:12 Europe/Berlin] PHP Notice:  session_start(): Ignoring session_start() because a session is already active in C:\xampp\htdocs\ayndrome-api\api\get_track_parcels.php on line 21
[25-Apr-2025 07:17:15 Europe/Berlin] PHP Notice:  session_start(): Ignoring session_start() because a session is already active in C:\xampp\htdocs\ayndrome-api\api\get_track_parcels.php on line 21
[25-Apr-2025 07:17:18 Europe/Berlin] PHP Notice:  session_start(): Ignoring session_start() because a session is already active in C:\xampp\htdocs\ayndrome-api\api\get_track_parcels.php on line 21
[25-Apr-2025 07:17:21 Europe/Berlin] PHP Notice:  session_start(): Ignoring session_start() because a session is already active in C:\xampp\htdocs\ayndrome-api\api\get_track_parcels.php on line 21
[25-Apr-2025 07:17:24 Europe/Berlin] PHP Notice:  session_start(): Ignoring session_start() because a session is already active in C:\xampp\htdocs\ayndrome-api\api\get_track_parcels.php on line 21
[25-Apr-2025 07:17:27 Europe/Berlin] PHP Notice:  session_start(): Ignoring session_start() because a session is already active in C:\xampp\htdocs\ayndrome-api\api\get_track_parcels.php on line 21
[25-Apr-2025 07:17:30 Europe/Berlin] PHP Notice:  session_start(): Ignoring session_start() because a session is already active in C:\xampp\htdocs\ayndrome-api\api\get_track_parcels.php on line 21
[25-Apr-2025 07:17:33 Europe/Berlin] PHP Notice:  session_start(): Ignoring session_start() because a session is already active in C:\xampp\htdocs\ayndrome-api\api\get_track_parcels.php on line 21
[25-Apr-2025 07:17:36 Europe/Berlin] PHP Notice:  session_start(): Ignoring session_start() because a session is already active in C:\xampp\htdocs\ayndrome-api\api\get_track_parcels.php on line 21
[25-Apr-2025 07:17:39 Europe/Berlin] PHP Notice:  session_start(): Ignoring session_start() because a session is already active in C:\xampp\htdocs\ayndrome-api\api\get_track_parcels.php on line 21
[25-Apr-2025 07:17:45 Europe/Berlin] PHP Notice:  session_start(): Ignoring session_start() because a session is already active in C:\xampp\htdocs\ayndrome-api\api\get_track_parcels.php on line 21
[25-Apr-2025 07:18:21 Europe/Berlin] PHP Notice:  session_start(): Ignoring session_start() because a session is already active in C:\xampp\htdocs\ayndrome-api\api\get_track_parcels.php on line 21
[25-Apr-2025 07:18:23 Europe/Berlin] PHP Notice:  session_start(): Ignoring session_start() because a session is already active in C:\xampp\htdocs\ayndrome-api\api\get_track_parcels.php on line 21
[25-Apr-2025 07:18:26 Europe/Berlin] PHP Notice:  session_start(): Ignoring session_start() because a session is already active in C:\xampp\htdocs\ayndrome-api\api\get_track_parcels.php on line 21
[25-Apr-2025 07:18:29 Europe/Berlin] PHP Notice:  session_start(): Ignoring session_start() because a session is already active in C:\xampp\htdocs\ayndrome-api\api\get_track_parcels.php on line 21
[25-Apr-2025 07:18:32 Europe/Berlin] PHP Notice:  session_start(): Ignoring session_start() because a session is already active in C:\xampp\htdocs\ayndrome-api\api\get_track_parcels.php on line 21
[25-Apr-2025 07:18:35 Europe/Berlin] PHP Notice:  session_start(): Ignoring session_start() because a session is already active in C:\xampp\htdocs\ayndrome-api\api\get_track_parcels.php on line 21
[25-Apr-2025 07:18:38 Europe/Berlin] PHP Notice:  session_start(): Ignoring session_start() because a session is already active in C:\xampp\htdocs\ayndrome-api\api\get_track_parcels.php on line 21
[25-Apr-2025 07:18:42 Europe/Berlin] PHP Notice:  session_start(): Ignoring session_start() because a session is already active in C:\xampp\htdocs\ayndrome-api\api\get_track_parcels.php on line 21
[25-Apr-2025 07:18:45 Europe/Berlin] PHP Notice:  session_start(): Ignoring session_start() because a session is already active in C:\xampp\htdocs\ayndrome-api\api\get_track_parcels.php on line 21
[25-Apr-2025 07:18:48 Europe/Berlin] PHP Notice:  session_start(): Ignoring session_start() because a session is already active in C:\xampp\htdocs\ayndrome-api\api\get_track_parcels.php on line 21
[25-Apr-2025 07:18:51 Europe/Berlin] PHP Notice:  session_start(): Ignoring session_start() because a session is already active in C:\xampp\htdocs\ayndrome-api\api\get_track_parcels.php on line 21
[25-Apr-2025 07:18:54 Europe/Berlin] PHP Notice:  session_start(): Ignoring session_start() because a session is already active in C:\xampp\htdocs\ayndrome-api\api\get_track_parcels.php on line 21
[25-Apr-2025 07:18:57 Europe/Berlin] PHP Notice:  session_start(): Ignoring session_start() because a session is already active in C:\xampp\htdocs\ayndrome-api\api\get_track_parcels.php on line 21
[25-Apr-2025 07:19:00 Europe/Berlin] PHP Notice:  session_start(): Ignoring session_start() because a session is already active in C:\xampp\htdocs\ayndrome-api\api\get_track_parcels.php on line 21
[25-Apr-2025 07:19:03 Europe/Berlin] PHP Notice:  session_start(): Ignoring session_start() because a session is already active in C:\xampp\htdocs\ayndrome-api\api\get_track_parcels.php on line 21
[25-Apr-2025 07:19:06 Europe/Berlin] PHP Notice:  session_start(): Ignoring session_start() because a session is already active in C:\xampp\htdocs\ayndrome-api\api\get_track_parcels.php on line 21
[25-Apr-2025 07:19:09 Europe/Berlin] PHP Notice:  session_start(): Ignoring session_start() because a session is already active in C:\xampp\htdocs\ayndrome-api\api\get_track_parcels.php on line 21
[25-Apr-2025 07:19:12 Europe/Berlin] PHP Notice:  session_start(): Ignoring session_start() because a session is already active in C:\xampp\htdocs\ayndrome-api\api\get_track_parcels.php on line 21
[25-Apr-2025 07:19:15 Europe/Berlin] PHP Notice:  session_start(): Ignoring session_start() because a session is already active in C:\xampp\htdocs\ayndrome-api\api\get_track_parcels.php on line 21
[25-Apr-2025 07:19:18 Europe/Berlin] PHP Notice:  session_start(): Ignoring session_start() because a session is already active in C:\xampp\htdocs\ayndrome-api\api\get_track_parcels.php on line 21
[25-Apr-2025 07:19:21 Europe/Berlin] PHP Notice:  session_start(): Ignoring session_start() because a session is already active in C:\xampp\htdocs\ayndrome-api\api\get_track_parcels.php on line 21
[25-Apr-2025 07:19:24 Europe/Berlin] PHP Notice:  session_start(): Ignoring session_start() because a session is already active in C:\xampp\htdocs\ayndrome-api\api\get_track_parcels.php on line 21
[25-Apr-2025 07:19:27 Europe/Berlin] PHP Notice:  session_start(): Ignoring session_start() because a session is already active in C:\xampp\htdocs\ayndrome-api\api\get_track_parcels.php on line 21
[25-Apr-2025 07:19:30 Europe/Berlin] PHP Notice:  session_start(): Ignoring session_start() because a session is already active in C:\xampp\htdocs\ayndrome-api\api\get_track_parcels.php on line 21
[25-Apr-2025 07:19:33 Europe/Berlin] PHP Notice:  session_start(): Ignoring session_start() because a session is already active in C:\xampp\htdocs\ayndrome-api\api\get_track_parcels.php on line 21
[25-Apr-2025 07:19:33 Europe/Berlin] PHP Notice:  session_start(): Ignoring session_start() because a session is already active in C:\xampp\htdocs\ayndrome-api\api\get_track_parcels.php on line 21
[25-Apr-2025 07:19:36 Europe/Berlin] PHP Notice:  session_start(): Ignoring session_start() because a session is already active in C:\xampp\htdocs\ayndrome-api\api\get_track_parcels.php on line 21
[25-Apr-2025 07:19:39 Europe/Berlin] PHP Notice:  session_start(): Ignoring session_start() because a session is already active in C:\xampp\htdocs\ayndrome-api\api\get_track_parcels.php on line 21
[25-Apr-2025 07:19:42 Europe/Berlin] PHP Notice:  session_start(): Ignoring session_start() because a session is already active in C:\xampp\htdocs\ayndrome-api\api\get_track_parcels.php on line 21
[25-Apr-2025 07:19:46 Europe/Berlin] PHP Notice:  session_start(): Ignoring session_start() because a session is already active in C:\xampp\htdocs\ayndrome-api\api\get_track_parcels.php on line 21
[25-Apr-2025 07:19:48 Europe/Berlin] PHP Notice:  session_start(): Ignoring session_start() because a session is already active in C:\xampp\htdocs\ayndrome-api\api\get_track_parcels.php on line 21
[25-Apr-2025 07:19:52 Europe/Berlin] PHP Notice:  session_start(): Ignoring session_start() because a session is already active in C:\xampp\htdocs\ayndrome-api\api\get_track_parcels.php on line 21
[25-Apr-2025 07:19:54 Europe/Berlin] PHP Notice:  session_start(): Ignoring session_start() because a session is already active in C:\xampp\htdocs\ayndrome-api\api\get_track_parcels.php on line 21
[25-Apr-2025 07:19:57 Europe/Berlin] PHP Notice:  session_start(): Ignoring session_start() because a session is already active in C:\xampp\htdocs\ayndrome-api\api\get_track_parcels.php on line 21
[25-Apr-2025 07:20:00 Europe/Berlin] PHP Notice:  session_start(): Ignoring session_start() because a session is already active in C:\xampp\htdocs\ayndrome-api\api\get_track_parcels.php on line 21
[25-Apr-2025 07:20:03 Europe/Berlin] PHP Notice:  session_start(): Ignoring session_start() because a session is already active in C:\xampp\htdocs\ayndrome-api\api\get_track_parcels.php on line 21
[25-Apr-2025 07:20:06 Europe/Berlin] PHP Notice:  session_start(): Ignoring session_start() because a session is already active in C:\xampp\htdocs\ayndrome-api\api\get_track_parcels.php on line 21
[25-Apr-2025 07:20:09 Europe/Berlin] PHP Notice:  session_start(): Ignoring session_start() because a session is already active in C:\xampp\htdocs\ayndrome-api\api\get_track_parcels.php on line 21
[25-Apr-2025 07:20:12 Europe/Berlin] PHP Notice:  session_start(): Ignoring session_start() because a session is already active in C:\xampp\htdocs\ayndrome-api\api\get_track_parcels.php on line 21
[25-Apr-2025 07:20:15 Europe/Berlin] PHP Notice:  session_start(): Ignoring session_start() because a session is already active in C:\xampp\htdocs\ayndrome-api\api\get_track_parcels.php on line 21
[25-Apr-2025 07:20:18 Europe/Berlin] PHP Notice:  session_start(): Ignoring session_start() because a session is already active in C:\xampp\htdocs\ayndrome-api\api\get_track_parcels.php on line 21
[25-Apr-2025 07:20:21 Europe/Berlin] PHP Notice:  session_start(): Ignoring session_start() because a session is already active in C:\xampp\htdocs\ayndrome-api\api\get_track_parcels.php on line 21
[25-Apr-2025 07:20:24 Europe/Berlin] PHP Notice:  session_start(): Ignoring session_start() because a session is already active in C:\xampp\htdocs\ayndrome-api\api\get_track_parcels.php on line 21
[25-Apr-2025 07:20:27 Europe/Berlin] PHP Notice:  session_start(): Ignoring session_start() because a session is already active in C:\xampp\htdocs\ayndrome-api\api\get_track_parcels.php on line 21
[25-Apr-2025 07:20:30 Europe/Berlin] PHP Notice:  session_start(): Ignoring session_start() because a session is already active in C:\xampp\htdocs\ayndrome-api\api\get_track_parcels.php on line 21
[25-Apr-2025 07:20:33 Europe/Berlin] PHP Notice:  session_start(): Ignoring session_start() because a session is already active in C:\xampp\htdocs\ayndrome-api\api\get_track_parcels.php on line 21
[25-Apr-2025 07:20:36 Europe/Berlin] PHP Notice:  session_start(): Ignoring session_start() because a session is already active in C:\xampp\htdocs\ayndrome-api\api\get_track_parcels.php on line 21
[25-Apr-2025 07:20:39 Europe/Berlin] PHP Notice:  session_start(): Ignoring session_start() because a session is already active in C:\xampp\htdocs\ayndrome-api\api\get_track_parcels.php on line 21
[25-Apr-2025 07:20:42 Europe/Berlin] PHP Notice:  session_start(): Ignoring session_start() because a session is already active in C:\xampp\htdocs\ayndrome-api\api\get_track_parcels.php on line 21
[25-Apr-2025 07:20:46 Europe/Berlin] PHP Notice:  session_start(): Ignoring session_start() because a session is already active in C:\xampp\htdocs\ayndrome-api\api\get_track_parcels.php on line 21
[25-Apr-2025 07:20:49 Europe/Berlin] PHP Notice:  session_start(): Ignoring session_start() because a session is already active in C:\xampp\htdocs\ayndrome-api\api\get_track_parcels.php on line 21
[25-Apr-2025 07:20:52 Europe/Berlin] PHP Notice:  session_start(): Ignoring session_start() because a session is already active in C:\xampp\htdocs\ayndrome-api\api\get_track_parcels.php on line 21
[25-Apr-2025 07:20:55 Europe/Berlin] PHP Notice:  session_start(): Ignoring session_start() because a session is already active in C:\xampp\htdocs\ayndrome-api\api\get_track_parcels.php on line 21
[25-Apr-2025 07:20:58 Europe/Berlin] PHP Notice:  session_start(): Ignoring session_start() because a session is already active in C:\xampp\htdocs\ayndrome-api\api\get_track_parcels.php on line 21
[25-Apr-2025 07:21:00 Europe/Berlin] PHP Notice:  session_start(): Ignoring session_start() because a session is already active in C:\xampp\htdocs\ayndrome-api\api\get_track_parcels.php on line 21
[25-Apr-2025 07:21:04 Europe/Berlin] PHP Notice:  session_start(): Ignoring session_start() because a session is already active in C:\xampp\htdocs\ayndrome-api\api\get_track_parcels.php on line 21
[25-Apr-2025 07:21:07 Europe/Berlin] PHP Notice:  session_start(): Ignoring session_start() because a session is already active in C:\xampp\htdocs\ayndrome-api\api\get_track_parcels.php on line 21
[25-Apr-2025 07:21:10 Europe/Berlin] PHP Notice:  session_start(): Ignoring session_start() because a session is already active in C:\xampp\htdocs\ayndrome-api\api\get_track_parcels.php on line 21
[25-Apr-2025 07:21:12 Europe/Berlin] PHP Notice:  session_start(): Ignoring session_start() because a session is already active in C:\xampp\htdocs\ayndrome-api\api\get_track_parcels.php on line 21
[25-Apr-2025 07:21:16 Europe/Berlin] PHP Notice:  session_start(): Ignoring session_start() because a session is already active in C:\xampp\htdocs\ayndrome-api\api\get_track_parcels.php on line 21
[25-Apr-2025 07:21:19 Europe/Berlin] PHP Notice:  session_start(): Ignoring session_start() because a session is already active in C:\xampp\htdocs\ayndrome-api\api\get_track_parcels.php on line 21
[25-Apr-2025 07:21:22 Europe/Berlin] PHP Notice:  session_start(): Ignoring session_start() because a session is already active in C:\xampp\htdocs\ayndrome-api\api\get_track_parcels.php on line 21
[25-Apr-2025 07:21:24 Europe/Berlin] PHP Notice:  session_start(): Ignoring session_start() because a session is already active in C:\xampp\htdocs\ayndrome-api\api\get_track_parcels.php on line 21
[25-Apr-2025 07:21:28 Europe/Berlin] PHP Notice:  session_start(): Ignoring session_start() because a session is already active in C:\xampp\htdocs\ayndrome-api\api\get_track_parcels.php on line 21
[25-Apr-2025 07:21:30 Europe/Berlin] PHP Notice:  session_start(): Ignoring session_start() because a session is already active in C:\xampp\htdocs\ayndrome-api\api\get_track_parcels.php on line 21
[25-Apr-2025 07:21:34 Europe/Berlin] PHP Notice:  session_start(): Ignoring session_start() because a session is already active in C:\xampp\htdocs\ayndrome-api\api\get_track_parcels.php on line 21
[25-Apr-2025 07:21:36 Europe/Berlin] PHP Notice:  session_start(): Ignoring session_start() because a session is already active in C:\xampp\htdocs\ayndrome-api\api\get_track_parcels.php on line 21
[25-Apr-2025 07:21:40 Europe/Berlin] PHP Notice:  session_start(): Ignoring session_start() because a session is already active in C:\xampp\htdocs\ayndrome-api\api\get_track_parcels.php on line 21
[25-Apr-2025 07:21:42 Europe/Berlin] PHP Notice:  session_start(): Ignoring session_start() because a session is already active in C:\xampp\htdocs\ayndrome-api\api\get_track_parcels.php on line 21
[25-Apr-2025 07:21:45 Europe/Berlin] PHP Notice:  session_start(): Ignoring session_start() because a session is already active in C:\xampp\htdocs\ayndrome-api\api\get_track_parcels.php on line 21
[25-Apr-2025 07:22:45 Europe/Berlin] PHP Notice:  session_start(): Ignoring session_start() because a session is already active in C:\xampp\htdocs\ayndrome-api\api\get_track_parcels.php on line 21
[25-Apr-2025 07:23:45 Europe/Berlin] PHP Notice:  session_start(): Ignoring session_start() because a session is already active in C:\xampp\htdocs\ayndrome-api\api\get_track_parcels.php on line 21
[25-Apr-2025 07:24:33 Europe/Berlin] PHP Notice:  session_start(): Ignoring session_start() because a session is already active in C:\xampp\htdocs\ayndrome-api\api\get_track_parcels.php on line 21
[25-Apr-2025 07:24:36 Europe/Berlin] PHP Notice:  session_start(): Ignoring session_start() because a session is already active in C:\xampp\htdocs\ayndrome-api\api\get_track_parcels.php on line 21
[25-Apr-2025 07:24:39 Europe/Berlin] PHP Notice:  session_start(): Ignoring session_start() because a session is already active in C:\xampp\htdocs\ayndrome-api\api\get_track_parcels.php on line 21
[25-Apr-2025 14:29:10 Europe/Berlin] {"type":8,"message":"session_start(): Ignoring session_start() because a session is already active","file":"C:\\xampp\\htdocs\\ayndrome-api\\api\\create_order.php","line":70}
[25-Apr-2025 14:29:10 Europe/Berlin] PHP Notice:  session_start(): Ignoring session_start() because a session is already active in C:\xampp\htdocs\ayndrome-api\api\create_order.php on line 70
[25-Apr-2025 14:37:12 Europe/Berlin] {"type":8,"message":"session_start(): Ignoring session_start() because a session is already active","file":"C:\\xampp\\htdocs\\ayndrome-api\\api\\create_order.php","line":70}
[25-Apr-2025 14:37:12 Europe/Berlin] PHP Notice:  session_start(): Ignoring session_start() because a session is already active in C:\xampp\htdocs\ayndrome-api\api\create_order.php on line 70
[25-Apr-2025 14:38:27 Europe/Berlin] {"type":8,"message":"session_start(): Ignoring session_start() because a session is already active","file":"C:\\xampp\\htdocs\\ayndrome-api\\api\\create_order.php","line":70}
[25-Apr-2025 14:38:27 Europe/Berlin] PHP Notice:  session_start(): Ignoring session_start() because a session is already active in C:\xampp\htdocs\ayndrome-api\api\create_order.php on line 70
[25-Apr-2025 14:55:09 Europe/Berlin] {"type":8,"message":"session_start(): Ignoring session_start() because a session is already active","file":"C:\\xampp\\htdocs\\ayndrome-api\\api\\create_order.php","line":70}
[25-Apr-2025 14:55:09 Europe/Berlin] PHP Notice:  session_start(): Ignoring session_start() because a session is already active in C:\xampp\htdocs\ayndrome-api\api\create_order.php on line 70
[25-Apr-2025 15:31:01 Europe/Berlin] {"type":8,"message":"session_start(): Ignoring session_start() because a session is already active","file":"C:\\xampp\\htdocs\\ayndrome-api\\api\\create_order.php","line":70}
[25-Apr-2025 15:31:01 Europe/Berlin] PHP Notice:  session_start(): Ignoring session_start() because a session is already active in C:\xampp\htdocs\ayndrome-api\api\create_order.php on line 70
[25-Apr-2025 15:44:20 Europe/Berlin] {"type":8,"message":"session_start(): Ignoring session_start() because a session is already active","file":"C:\\xampp\\htdocs\\ayndrome-api\\api\\create_order.php","line":70}
[25-Apr-2025 15:44:20 Europe/Berlin] PHP Notice:  session_start(): Ignoring session_start() because a session is already active in C:\xampp\htdocs\ayndrome-api\api\create_order.php on line 70
[25-Apr-2025 16:02:29 Europe/Berlin] {"type":8,"message":"session_start(): Ignoring session_start() because a session is already active","file":"C:\\xampp\\htdocs\\ayndrome-api\\api\\create_order.php","line":70}
[25-Apr-2025 16:02:29 Europe/Berlin] PHP Notice:  session_start(): Ignoring session_start() because a session is already active in C:\xampp\htdocs\ayndrome-api\api\create_order.php on line 70
[25-Apr-2025 16:13:40 Europe/Berlin] PHP Notice:  session_start(): Ignoring session_start() because a session is already active in C:\xampp\htdocs\ayndrome-api\api\user_activity.php on line 21
[25-Apr-2025 16:14:49 Europe/Berlin] {"type":8,"message":"session_start(): Ignoring session_start() because a session is already active","file":"C:\\xampp\\htdocs\\ayndrome-api\\api\\create_order.php","line":70}
[25-Apr-2025 16:14:49 Europe/Berlin] PHP Notice:  session_start(): Ignoring session_start() because a session is already active in C:\xampp\htdocs\ayndrome-api\api\create_order.php on line 70
[25-Apr-2025 16:20:27 Europe/Berlin] {"type":8,"message":"session_start(): Ignoring session_start() because a session is already active","file":"C:\\xampp\\htdocs\\ayndrome-api\\api\\create_order.php","line":70}
[25-Apr-2025 16:20:27 Europe/Berlin] PHP Notice:  session_start(): Ignoring session_start() because a session is already active in C:\xampp\htdocs\ayndrome-api\api\create_order.php on line 70
[25-Apr-2025 16:33:21 Europe/Berlin] {"type":8,"message":"session_start(): Ignoring session_start() because a session is already active","file":"C:\\xampp\\htdocs\\ayndrome-api\\api\\create_order.php","line":70}
[25-Apr-2025 16:33:21 Europe/Berlin] PHP Notice:  session_start(): Ignoring session_start() because a session is already active in C:\xampp\htdocs\ayndrome-api\api\create_order.php on line 70
[25-Apr-2025 16:54:55 Europe/Berlin] {"type":8,"message":"session_start(): Ignoring session_start() because a session is already active","file":"C:\\xampp\\htdocs\\ayndrome-api\\api\\create_order.php","line":70}
[25-Apr-2025 16:54:55 Europe/Berlin] PHP Notice:  session_start(): Ignoring session_start() because a session is already active in C:\xampp\htdocs\ayndrome-api\api\create_order.php on line 70
[25-Apr-2025 17:10:44 Europe/Berlin] {"type":8,"message":"session_start(): Ignoring session_start() because a session is already active","file":"C:\\xampp\\htdocs\\ayndrome-api\\api\\create_order.php","line":70}
[25-Apr-2025 17:10:44 Europe/Berlin] PHP Notice:  session_start(): Ignoring session_start() because a session is already active in C:\xampp\htdocs\ayndrome-api\api\create_order.php on line 70
[25-Apr-2025 19:05:54 Europe/Berlin] PHP Notice:  session_start(): Ignoring session_start() because a session is already active in C:\xampp\htdocs\ayndrome-api\api\user_activity.php on line 21
[25-Apr-2025 19:20:09 Europe/Berlin] {"type":8,"message":"session_start(): Ignoring session_start() because a session is already active","file":"C:\\xampp\\htdocs\\ayndrome-api\\api\\create_order.php","line":70}
[25-Apr-2025 19:20:09 Europe/Berlin] PHP Notice:  session_start(): Ignoring session_start() because a session is already active in C:\xampp\htdocs\ayndrome-api\api\create_order.php on line 70
[25-Apr-2025 19:30:43 Europe/Berlin] {"type":8,"message":"session_start(): Ignoring session_start() because a session is already active","file":"C:\\xampp\\htdocs\\ayndrome-api\\api\\create_order.php","line":70}
[25-Apr-2025 19:30:43 Europe/Berlin] PHP Notice:  session_start(): Ignoring session_start() because a session is already active in C:\xampp\htdocs\ayndrome-api\api\create_order.php on line 70
[25-Apr-2025 19:46:38 Europe/Berlin] {"type":8,"message":"session_start(): Ignoring session_start() because a session is already active","file":"C:\\xampp\\htdocs\\ayndrome-api\\api\\create_order.php","line":70}
[25-Apr-2025 19:46:38 Europe/Berlin] PHP Notice:  session_start(): Ignoring session_start() because a session is already active in C:\xampp\htdocs\ayndrome-api\api\create_order.php on line 70
[25-Apr-2025 19:50:11 Europe/Berlin] {"type":8,"message":"session_start(): Ignoring session_start() because a session is already active","file":"C:\\xampp\\htdocs\\ayndrome-api\\api\\create_order.php","line":70}
[25-Apr-2025 19:50:11 Europe/Berlin] PHP Notice:  session_start(): Ignoring session_start() because a session is already active in C:\xampp\htdocs\ayndrome-api\api\create_order.php on line 70
[25-Apr-2025 19:54:21 Europe/Berlin] {"type":8,"message":"session_start(): Ignoring session_start() because a session is already active","file":"C:\\xampp\\htdocs\\ayndrome-api\\api\\create_order.php","line":70}
[25-Apr-2025 19:54:21 Europe/Berlin] PHP Notice:  session_start(): Ignoring session_start() because a session is already active in C:\xampp\htdocs\ayndrome-api\api\create_order.php on line 70
[25-Apr-2025 19:58:25 Europe/Berlin] PHP Fatal error:  Maximum execution time of 120 seconds exceeded in C:\xampp\htdocs\ayndrome-api\api\create_order.php on line 288
[25-Apr-2025 19:58:25 Europe/Berlin] PHP Fatal error:  Maximum execution time of 120 seconds exceeded in C:\xampp\htdocs\ayndrome-api\api\cors.php on line 26
[25-Apr-2025 19:59:20 Europe/Berlin] {"type":8,"message":"session_start(): Ignoring session_start() because a session is already active","file":"C:\\xampp\\htdocs\\ayndrome-api\\api\\create_order.php","line":70}
[25-Apr-2025 19:59:20 Europe/Berlin] PHP Notice:  session_start(): Ignoring session_start() because a session is already active in C:\xampp\htdocs\ayndrome-api\api\create_order.php on line 70
[25-Apr-2025 20:03:22 Europe/Berlin] PHP Fatal error:  Maximum execution time of 120 seconds exceeded in C:\xampp\htdocs\ayndrome-api\api\create_order.php on line 288
[25-Apr-2025 20:14:02 Europe/Berlin] {"type":8,"message":"session_start(): Ignoring session_start() because a session is already active","file":"C:\\xampp\\htdocs\\ayndrome-api\\api\\create_order.php","line":70}
[25-Apr-2025 20:14:02 Europe/Berlin] PHP Notice:  session_start(): Ignoring session_start() because a session is already active in C:\xampp\htdocs\ayndrome-api\api\create_order.php on line 70
[25-Apr-2025 20:17:17 Europe/Berlin] PHP Fatal error:  Maximum execution time of 120 seconds exceeded in C:\xampp\htdocs\ayndrome-api\api\create_order.php on line 290
[25-Apr-2025 20:19:06 Europe/Berlin] {"type":8,"message":"session_start(): Ignoring session_start() because a session is already active","file":"C:\\xampp\\htdocs\\ayndrome-api\\api\\create_order.php","line":70}
[25-Apr-2025 20:19:06 Europe/Berlin] PHP Notice:  session_start(): Ignoring session_start() because a session is already active in C:\xampp\htdocs\ayndrome-api\api\create_order.php on line 70
[25-Apr-2025 20:25:09 Europe/Berlin] {"type":8,"message":"session_start(): Ignoring session_start() because a session is already active","file":"C:\\xampp\\htdocs\\ayndrome-api\\api\\create_order.php","line":70}
[25-Apr-2025 20:25:09 Europe/Berlin] PHP Notice:  session_start(): Ignoring session_start() because a session is already active in C:\xampp\htdocs\ayndrome-api\api\create_order.php on line 70
[25-Apr-2025 20:28:55 Europe/Berlin] PHP Fatal error:  Maximum execution time of 120 seconds exceeded in C:\xampp\htdocs\ayndrome-api\api\create_order.php on line 290
[25-Apr-2025 20:32:57 Europe/Berlin] {"type":8,"message":"session_start(): Ignoring session_start() because a session is already active","file":"C:\\xampp\\htdocs\\ayndrome-api\\api\\create_order.php","line":70}
[25-Apr-2025 20:32:57 Europe/Berlin] PHP Notice:  session_start(): Ignoring session_start() because a session is already active in C:\xampp\htdocs\ayndrome-api\api\create_order.php on line 70
[25-Apr-2025 20:36:43 Europe/Berlin] PHP Fatal error:  Maximum execution time of 120 seconds exceeded in C:\xampp\htdocs\ayndrome-api\api\create_order.php on line 290
[25-Apr-2025 20:36:43 Europe/Berlin] PHP Fatal error:  Maximum execution time of 120 seconds exceeded in C:\xampp\htdocs\ayndrome-api\api\cors.php on line 26
[25-Apr-2025 20:36:43 Europe/Berlin] {"type":8,"message":"session_start(): Ignoring session_start() because a session is already active","file":"C:\\xampp\\htdocs\\ayndrome-api\\api\\create_order.php","line":70}
[25-Apr-2025 20:36:43 Europe/Berlin] PHP Notice:  session_start(): Ignoring session_start() because a session is already active in C:\xampp\htdocs\ayndrome-api\api\create_order.php on line 70
[25-Apr-2025 20:40:30 Europe/Berlin] PHP Fatal error:  Maximum execution time of 120 seconds exceeded in C:\xampp\htdocs\ayndrome-api\api\create_order.php on line 290
[25-Apr-2025 20:40:30 Europe/Berlin] PHP Fatal error:  Maximum execution time of 120 seconds exceeded in C:\xampp\htdocs\ayndrome-api\api\cors.php on line 26
[25-Apr-2025 20:40:30 Europe/Berlin] {"type":8,"message":"session_start(): Ignoring session_start() because a session is already active","file":"C:\\xampp\\htdocs\\ayndrome-api\\api\\create_order.php","line":70}
[25-Apr-2025 20:40:30 Europe/Berlin] PHP Notice:  session_start(): Ignoring session_start() because a session is already active in C:\xampp\htdocs\ayndrome-api\api\create_order.php on line 70
[25-Apr-2025 20:40:35 Europe/Berlin] {"type":8,"message":"session_start(): Ignoring session_start() because a session is already active","file":"C:\\xampp\\htdocs\\ayndrome-api\\api\\create_order.php","line":70}
[25-Apr-2025 20:40:35 Europe/Berlin] PHP Notice:  session_start(): Ignoring session_start() because a session is already active in C:\xampp\htdocs\ayndrome-api\api\create_order.php on line 70
[26-Apr-2025 17:23:07 Europe/Berlin] {"type":8,"message":"session_start(): Ignoring session_start() because a session is already active","file":"C:\\xampp\\htdocs\\ayndrome-api\\api\\create_order.php","line":70}
[26-Apr-2025 17:23:07 Europe/Berlin] PHP Notice:  session_start(): Ignoring session_start() because a session is already active in C:\xampp\htdocs\ayndrome-api\api\create_order.php on line 70
[26-Apr-2025 17:46:35 Europe/Berlin] {"type":8,"message":"session_start(): Ignoring session_start() because a session is already active","file":"C:\\xampp\\htdocs\\ayndrome-api\\api\\create_order.php","line":70}
[26-Apr-2025 17:46:35 Europe/Berlin] PHP Notice:  session_start(): Ignoring session_start() because a session is already active in C:\xampp\htdocs\ayndrome-api\api\create_order.php on line 70
[26-Apr-2025 17:47:02 Europe/Berlin] Invalid password for email: shashanksaket9@gmail.com
[26-Apr-2025 17:48:33 Europe/Berlin] {"type":8,"message":"session_start(): Ignoring session_start() because a session is already active","file":"C:\\xampp\\htdocs\\ayndrome-api\\api\\create_order.php","line":70}
[26-Apr-2025 17:48:33 Europe/Berlin] PHP Notice:  session_start(): Ignoring session_start() because a session is already active in C:\xampp\htdocs\ayndrome-api\api\create_order.php on line 70
[26-Apr-2025 18:04:22 Europe/Berlin] {"type":8,"message":"session_start(): Ignoring session_start() because a session is already active","file":"C:\\xampp\\htdocs\\ayndrome-api\\api\\create_order.php","line":70}
[26-Apr-2025 18:04:22 Europe/Berlin] PHP Notice:  session_start(): Ignoring session_start() because a session is already active in C:\xampp\htdocs\ayndrome-api\api\create_order.php on line 70
[26-Apr-2025 18:42:28 Europe/Berlin] {"type":8,"message":"session_start(): Ignoring session_start() because a session is already active","file":"C:\\xampp\\htdocs\\ayndrome-api\\api\\create_order.php","line":70}
[26-Apr-2025 18:42:28 Europe/Berlin] PHP Notice:  session_start(): Ignoring session_start() because a session is already active in C:\xampp\htdocs\ayndrome-api\api\create_order.php on line 70
[26-Apr-2025 19:46:20 Europe/Berlin] {"type":8,"message":"session_start(): Ignoring session_start() because a session is already active","file":"C:\\xampp\\htdocs\\ayndrome-api\\api\\create_order.php","line":70}
[26-Apr-2025 19:46:20 Europe/Berlin] PHP Notice:  session_start(): Ignoring session_start() because a session is already active in C:\xampp\htdocs\ayndrome-api\api\create_order.php on line 70
[26-Apr-2025 20:09:39 Europe/Berlin] PHP Notice:  session_start(): Ignoring session_start() because a session is already active in C:\xampp\htdocs\ayndrome-api\api\user_activity.php on line 21
[26-Apr-2025 20:15:40 Europe/Berlin] PHP Notice:  session_start(): Ignoring session_start() because a session is already active in C:\xampp\htdocs\ayndrome-api\api\user_activity.php on line 21
[26-Apr-2025 20:16:19 Europe/Berlin] PHP Notice:  session_start(): Ignoring session_start() because a session is already active in C:\xampp\htdocs\ayndrome-api\api\user_activity.php on line 21
[26-Apr-2025 20:16:19 Europe/Berlin] PHP Notice:  session_start(): Ignoring session_start() because a session is already active in C:\xampp\htdocs\ayndrome-api\api\user_activity.php on line 21
[26-Apr-2025 20:16:25 Europe/Berlin] PHP Notice:  session_start(): Ignoring session_start() because a session is already active in C:\xampp\htdocs\ayndrome-api\api\user_activity.php on line 21
[26-Apr-2025 20:16:35 Europe/Berlin] PHP Notice:  session_start(): Ignoring session_start() because a session is already active in C:\xampp\htdocs\ayndrome-api\api\user_activity.php on line 21
[26-Apr-2025 20:19:01 Europe/Berlin] PHP Notice:  session_start(): Ignoring session_start() because a session is already active in C:\xampp\htdocs\ayndrome-api\api\user_activity.php on line 21
[26-Apr-2025 20:19:01 Europe/Berlin] PHP Notice:  session_start(): Ignoring session_start() because a session is already active in C:\xampp\htdocs\ayndrome-api\api\user_activity.php on line 21
[26-Apr-2025 20:19:23 Europe/Berlin] PHP Notice:  session_start(): Ignoring session_start() because a session is already active in C:\xampp\htdocs\ayndrome-api\api\user_activity.php on line 21
[26-Apr-2025 21:10:04 Europe/Berlin] {"type":8,"message":"session_start(): Ignoring session_start() because a session is already active","file":"C:\\xampp\\htdocs\\ayndrome-api\\api\\create_order.php","line":70}
[26-Apr-2025 21:10:04 Europe/Berlin] PHP Notice:  session_start(): Ignoring session_start() because a session is already active in C:\xampp\htdocs\ayndrome-api\api\create_order.php on line 70
[27-Apr-2025 10:44:15 Europe/Berlin] PHP Notice:  session_start(): Ignoring session_start() because a session is already active in C:\xampp\htdocs\ayndrome-api\api\user_activity.php on line 21
[27-Apr-2025 10:47:39 Europe/Berlin] PHP Notice:  session_start(): Ignoring session_start() because a session is already active in C:\xampp\htdocs\ayndrome-api\api\user_activity.php on line 21
[27-Apr-2025 11:09:04 Europe/Berlin] {"type":8,"message":"session_start(): Ignoring session_start() because a session is already active","file":"C:\\xampp\\htdocs\\ayndrome-api\\api\\create_order.php","line":70}
[27-Apr-2025 11:09:04 Europe/Berlin] PHP Notice:  session_start(): Ignoring session_start() because a session is already active in C:\xampp\htdocs\ayndrome-api\api\create_order.php on line 70
[27-Apr-2025 11:21:40 Europe/Berlin] PHP Notice:  session_start(): Ignoring session_start() because a session is already active in C:\xampp\htdocs\ayndrome-api\api\user_activity.php on line 21
[27-Apr-2025 11:21:40 Europe/Berlin] PHP Notice:  session_start(): Ignoring session_start() because a session is already active in C:\xampp\htdocs\ayndrome-api\api\user_activity.php on line 21
[27-Apr-2025 11:22:13 Europe/Berlin] PHP Notice:  session_start(): Ignoring session_start() because a session is already active in C:\xampp\htdocs\ayndrome-api\api\user_activity.php on line 21
[27-Apr-2025 11:23:42 Europe/Berlin] {"type":8,"message":"session_start(): Ignoring session_start() because a session is already active","file":"C:\\xampp\\htdocs\\ayndrome-api\\api\\create_order.php","line":70}
[27-Apr-2025 11:23:42 Europe/Berlin] PHP Notice:  session_start(): Ignoring session_start() because a session is already active in C:\xampp\htdocs\ayndrome-api\api\create_order.php on line 70
[27-Apr-2025 11:24:54 Europe/Berlin] PHP Notice:  session_start(): Ignoring session_start() because a session is already active in C:\xampp\htdocs\ayndrome-api\api\user_activity.php on line 21
[27-Apr-2025 11:25:10 Europe/Berlin] PHP Notice:  session_start(): Ignoring session_start() because a session is already active in C:\xampp\htdocs\ayndrome-api\api\user_activity.php on line 21
[27-Apr-2025 11:30:28 Europe/Berlin] {"type":8,"message":"session_start(): Ignoring session_start() because a session is already active","file":"C:\\xampp\\htdocs\\ayndrome-api\\api\\create_order.php","line":70}
[27-Apr-2025 11:30:28 Europe/Berlin] PHP Notice:  session_start(): Ignoring session_start() because a session is already active in C:\xampp\htdocs\ayndrome-api\api\create_order.php on line 70
[27-Apr-2025 11:31:12 Europe/Berlin] PHP Notice:  session_start(): Ignoring session_start() because a session is already active in C:\xampp\htdocs\ayndrome-api\api\user_activity.php on line 21
[27-Apr-2025 11:35:13 Europe/Berlin] PHP Notice:  session_start(): Ignoring session_start() because a session is already active in C:\xampp\htdocs\ayndrome-api\api\user_activity.php on line 21
[27-Apr-2025 11:35:15 Europe/Berlin] PHP Notice:  session_start(): Ignoring session_start() because a session is already active in C:\xampp\htdocs\ayndrome-api\api\user_activity.php on line 21
[27-Apr-2025 11:35:22 Europe/Berlin] PHP Notice:  session_start(): Ignoring session_start() because a session is already active in C:\xampp\htdocs\ayndrome-api\api\user_activity.php on line 21
[27-Apr-2025 11:36:30 Europe/Berlin] PHP Notice:  session_start(): Ignoring session_start() because a session is already active in C:\xampp\htdocs\ayndrome-api\api\user_activity.php on line 21
[27-Apr-2025 11:36:31 Europe/Berlin] PHP Notice:  session_start(): Ignoring session_start() because a session is already active in C:\xampp\htdocs\ayndrome-api\api\user_activity.php on line 21
[27-Apr-2025 11:36:33 Europe/Berlin] PHP Notice:  session_start(): Ignoring session_start() because a session is already active in C:\xampp\htdocs\ayndrome-api\api\user_activity.php on line 21
[27-Apr-2025 11:39:08 Europe/Berlin] PHP Notice:  session_start(): Ignoring session_start() because a session is already active in C:\xampp\htdocs\ayndrome-api\api\user_activity.php on line 21
[27-Apr-2025 12:06:48 Europe/Berlin] PHP Notice:  session_start(): Ignoring session_start() because a session is already active in C:\xampp\htdocs\ayndrome-api\api\user_activity.php on line 21
[27-Apr-2025 12:06:53 Europe/Berlin] PHP Notice:  session_start(): Ignoring session_start() because a session is already active in C:\xampp\htdocs\ayndrome-api\api\user_activity.php on line 21
[27-Apr-2025 12:06:56 Europe/Berlin] PHP Notice:  session_start(): Ignoring session_start() because a session is already active in C:\xampp\htdocs\ayndrome-api\api\user_activity.php on line 21
[27-Apr-2025 16:17:35 Europe/Berlin] PHP Notice:  session_start(): Ignoring session_start() because a session is already active in C:\xampp\htdocs\ayndrome-api\api\user_activity.php on line 21
[27-Apr-2025 16:50:12 Europe/Berlin] PHP Notice:  session_start(): Ignoring session_start() because a session is already active in C:\xampp\htdocs\ayndrome-api\api\user_activity.php on line 21
[27-Apr-2025 17:03:00 Europe/Berlin] PHP Notice:  session_start(): Ignoring session_start() because a session is already active in C:\xampp\htdocs\ayndrome-api\api\user_activity.php on line 21
[27-Apr-2025 17:07:14 Europe/Berlin] {"type":8,"message":"session_start(): Ignoring session_start() because a session is already active","file":"C:\\xampp\\htdocs\\ayndrome-api\\api\\create_order.php","line":70}
[27-Apr-2025 17:07:14 Europe/Berlin] PHP Notice:  session_start(): Ignoring session_start() because a session is already active in C:\xampp\htdocs\ayndrome-api\api\create_order.php on line 70
[27-Apr-2025 17:12:25 Europe/Berlin] PHP Notice:  session_start(): Ignoring session_start() because a session is already active in C:\xampp\htdocs\ayndrome-api\api\user_activity.php on line 21
[27-Apr-2025 17:12:27 Europe/Berlin] PHP Notice:  session_start(): Ignoring session_start() because a session is already active in C:\xampp\htdocs\ayndrome-api\api\user_activity.php on line 21
[27-Apr-2025 17:15:00 Europe/Berlin] PHP Notice:  session_start(): Ignoring session_start() because a session is already active in C:\xampp\htdocs\ayndrome-api\api\user_activity.php on line 21
[27-Apr-2025 17:17:00 Europe/Berlin] PHP Notice:  session_start(): Ignoring session_start() because a session is already active in C:\xampp\htdocs\ayndrome-api\api\user_activity.php on line 21
[27-Apr-2025 17:17:54 Europe/Berlin] {"type":8,"message":"session_start(): Ignoring session_start() because a session is already active","file":"C:\\xampp\\htdocs\\ayndrome-api\\api\\create_order.php","line":70}
[27-Apr-2025 17:17:54 Europe/Berlin] PHP Notice:  session_start(): Ignoring session_start() because a session is already active in C:\xampp\htdocs\ayndrome-api\api\create_order.php on line 70
[27-Apr-2025 17:21:49 Europe/Berlin] PHP Notice:  session_start(): Ignoring session_start() because a session is already active in C:\xampp\htdocs\ayndrome-api\api\user_activity.php on line 21
[27-Apr-2025 17:21:54 Europe/Berlin] PHP Notice:  session_start(): Ignoring session_start() because a session is already active in C:\xampp\htdocs\ayndrome-api\api\user_activity.php on line 21
[27-Apr-2025 17:22:21 Europe/Berlin] PHP Notice:  session_start(): Ignoring session_start() because a session is already active in C:\xampp\htdocs\ayndrome-api\api\user_activity.php on line 21
[27-Apr-2025 17:22:26 Europe/Berlin] PHP Notice:  session_start(): Ignoring session_start() because a session is already active in C:\xampp\htdocs\ayndrome-api\api\user_activity.php on line 21
[27-Apr-2025 17:23:48 Europe/Berlin] {"type":8,"message":"session_start(): Ignoring session_start() because a session is already active","file":"C:\\xampp\\htdocs\\ayndrome-api\\api\\create_order.php","line":70}
[27-Apr-2025 17:23:48 Europe/Berlin] PHP Notice:  session_start(): Ignoring session_start() because a session is already active in C:\xampp\htdocs\ayndrome-api\api\create_order.php on line 70
[27-Apr-2025 19:15:39 Europe/Berlin] {"type":8,"message":"session_start(): Ignoring session_start() because a session is already active","file":"C:\\xampp\\htdocs\\ayndrome-api\\api\\create_order.php","line":70}
[27-Apr-2025 19:15:39 Europe/Berlin] PHP Notice:  session_start(): Ignoring session_start() because a session is already active in C:\xampp\htdocs\ayndrome-api\api\create_order.php on line 70
[27-Apr-2025 19:20:43 Europe/Berlin] PHP Notice:  session_start(): Ignoring session_start() because a session is already active in C:\xampp\htdocs\ayndrome-api\api\user_activity.php on line 21
[27-Apr-2025 19:22:49 Europe/Berlin] PHP Notice:  session_start(): Ignoring session_start() because a session is already active in C:\xampp\htdocs\ayndrome-api\api\user_activity.php on line 21
[27-Apr-2025 19:32:27 Europe/Berlin] {"type":8,"message":"session_start(): Ignoring session_start() because a session is already active","file":"C:\\xampp\\htdocs\\ayndrome-api\\api\\create_order.php","line":70}
[27-Apr-2025 19:32:27 Europe/Berlin] PHP Notice:  session_start(): Ignoring session_start() because a session is already active in C:\xampp\htdocs\ayndrome-api\api\create_order.php on line 70
[27-Apr-2025 19:39:46 Europe/Berlin] {"type":8,"message":"session_start(): Ignoring session_start() because a session is already active","file":"C:\\xampp\\htdocs\\ayndrome-api\\api\\create_order.php","line":70}
[27-Apr-2025 19:39:46 Europe/Berlin] PHP Notice:  session_start(): Ignoring session_start() because a session is already active in C:\xampp\htdocs\ayndrome-api\api\create_order.php on line 70
[27-Apr-2025 19:52:59 Europe/Berlin] {"type":8,"message":"session_start(): Ignoring session_start() because a session is already active","file":"C:\\xampp\\htdocs\\ayndrome-api\\api\\create_order.php","line":70}
[27-Apr-2025 19:52:59 Europe/Berlin] PHP Notice:  session_start(): Ignoring session_start() because a session is already active in C:\xampp\htdocs\ayndrome-api\api\create_order.php on line 70
[27-Apr-2025 20:03:18 Europe/Berlin] {"type":8,"message":"session_start(): Ignoring session_start() because a session is already active","file":"C:\\xampp\\htdocs\\ayndrome-api\\api\\create_order.php","line":70}
[27-Apr-2025 20:03:18 Europe/Berlin] PHP Notice:  session_start(): Ignoring session_start() because a session is already active in C:\xampp\htdocs\ayndrome-api\api\create_order.php on line 70
[27-Apr-2025 20:07:05 Europe/Berlin] PHP Notice:  session_start(): Ignoring session_start() because a session is already active in C:\xampp\htdocs\ayndrome-api\api\user_activity.php on line 21
[27-Apr-2025 20:07:50 Europe/Berlin] {"type":8,"message":"session_start(): Ignoring session_start() because a session is already active","file":"C:\\xampp\\htdocs\\ayndrome-api\\api\\create_order.php","line":70}
[27-Apr-2025 20:07:50 Europe/Berlin] PHP Notice:  session_start(): Ignoring session_start() because a session is already active in C:\xampp\htdocs\ayndrome-api\api\create_order.php on line 70
[27-Apr-2025 20:08:17 Europe/Berlin] PHP Notice:  session_start(): Ignoring session_start() because a session is already active in C:\xampp\htdocs\ayndrome-api\api\user_activity.php on line 21
[27-Apr-2025 20:08:59 Europe/Berlin] PHP Notice:  session_start(): Ignoring session_start() because a session is already active in C:\xampp\htdocs\ayndrome-api\api\user_activity.php on line 21
[27-Apr-2025 20:09:12 Europe/Berlin] PHP Notice:  session_start(): Ignoring session_start() because a session is already active in C:\xampp\htdocs\ayndrome-api\api\user_activity.php on line 21
[27-Apr-2025 20:09:12 Europe/Berlin] PHP Notice:  session_start(): Ignoring session_start() because a session is already active in C:\xampp\htdocs\ayndrome-api\api\user_activity.php on line 21
[27-Apr-2025 20:13:04 Europe/Berlin] PHP Notice:  session_start(): Ignoring session_start() because a session is already active in C:\xampp\htdocs\ayndrome-api\api\user_activity.php on line 21
[27-Apr-2025 20:14:18 Europe/Berlin] {"type":8,"message":"session_start(): Ignoring session_start() because a session is already active","file":"C:\\xampp\\htdocs\\ayndrome-api\\api\\create_order.php","line":70}
[27-Apr-2025 20:14:18 Europe/Berlin] PHP Notice:  session_start(): Ignoring session_start() because a session is already active in C:\xampp\htdocs\ayndrome-api\api\create_order.php on line 70
[27-Apr-2025 20:18:51 Europe/Berlin] {"type":8,"message":"session_start(): Ignoring session_start() because a session is already active","file":"C:\\xampp\\htdocs\\ayndrome-api\\api\\create_order.php","line":70}
[27-Apr-2025 20:18:51 Europe/Berlin] PHP Notice:  session_start(): Ignoring session_start() because a session is already active in C:\xampp\htdocs\ayndrome-api\api\create_order.php on line 70
[27-Apr-2025 20:20:01 Europe/Berlin] PHP Notice:  session_start(): Ignoring session_start() because a session is already active in C:\xampp\htdocs\ayndrome-api\api\user_activity.php on line 21
[27-Apr-2025 20:20:07 Europe/Berlin] PHP Notice:  session_start(): Ignoring session_start() because a session is already active in C:\xampp\htdocs\ayndrome-api\api\user_activity.php on line 21
[27-Apr-2025 20:20:08 Europe/Berlin] PHP Notice:  session_start(): Ignoring session_start() because a session is already active in C:\xampp\htdocs\ayndrome-api\api\user_activity.php on line 21
[27-Apr-2025 20:25:32 Europe/Berlin] {"type":8,"message":"session_start(): Ignoring session_start() because a session is already active","file":"C:\\xampp\\htdocs\\ayndrome-api\\api\\create_order.php","line":70}
[27-Apr-2025 20:25:32 Europe/Berlin] PHP Notice:  session_start(): Ignoring session_start() because a session is already active in C:\xampp\htdocs\ayndrome-api\api\create_order.php on line 70
[27-Apr-2025 20:30:36 Europe/Berlin] {"type":8,"message":"session_start(): Ignoring session_start() because a session is already active","file":"C:\\xampp\\htdocs\\ayndrome-api\\api\\create_order.php","line":70}
[27-Apr-2025 20:30:36 Europe/Berlin] PHP Notice:  session_start(): Ignoring session_start() because a session is already active in C:\xampp\htdocs\ayndrome-api\api\create_order.php on line 70
[27-Apr-2025 20:31:06 Europe/Berlin] PHP Notice:  session_start(): Ignoring session_start() because a session is already active in C:\xampp\htdocs\ayndrome-api\api\user_activity.php on line 21
[27-Apr-2025 20:34:41 Europe/Berlin] {"type":8,"message":"session_start(): Ignoring session_start() because a session is already active","file":"C:\\xampp\\htdocs\\ayndrome-api\\api\\create_order.php","line":70}
[27-Apr-2025 20:34:41 Europe/Berlin] PHP Notice:  session_start(): Ignoring session_start() because a session is already active in C:\xampp\htdocs\ayndrome-api\api\create_order.php on line 70
[27-Apr-2025 20:36:07 Europe/Berlin] PHP Notice:  session_start(): Ignoring session_start() because a session is already active in C:\xampp\htdocs\ayndrome-api\api\user_activity.php on line 21
[27-Apr-2025 20:36:08 Europe/Berlin] PHP Notice:  session_start(): Ignoring session_start() because a session is already active in C:\xampp\htdocs\ayndrome-api\api\user_activity.php on line 21
[27-Apr-2025 20:36:35 Europe/Berlin] PHP Notice:  session_start(): Ignoring session_start() because a session is already active in C:\xampp\htdocs\ayndrome-api\api\user_activity.php on line 21
[27-Apr-2025 20:36:36 Europe/Berlin] PHP Notice:  session_start(): Ignoring session_start() because a session is already active in C:\xampp\htdocs\ayndrome-api\api\user_activity.php on line 21
[27-Apr-2025 20:40:19 Europe/Berlin] {"type":8,"message":"session_start(): Ignoring session_start() because a session is already active","file":"C:\\xampp\\htdocs\\ayndrome-api\\api\\create_order.php","line":70}
[27-Apr-2025 20:40:19 Europe/Berlin] PHP Notice:  session_start(): Ignoring session_start() because a session is already active in C:\xampp\htdocs\ayndrome-api\api\create_order.php on line 70
[27-Apr-2025 20:40:40 Europe/Berlin] PHP Notice:  session_start(): Ignoring session_start() because a session is already active in C:\xampp\htdocs\ayndrome-api\api\user_activity.php on line 21
[27-Apr-2025 20:43:51 Europe/Berlin] {"type":8,"message":"session_start(): Ignoring session_start() because a session is already active","file":"C:\\xampp\\htdocs\\ayndrome-api\\api\\create_order.php","line":70}
[27-Apr-2025 20:43:51 Europe/Berlin] PHP Notice:  session_start(): Ignoring session_start() because a session is already active in C:\xampp\htdocs\ayndrome-api\api\create_order.php on line 70
[27-Apr-2025 20:48:45 Europe/Berlin] {"type":8,"message":"session_start(): Ignoring session_start() because a session is already active","file":"C:\\xampp\\htdocs\\ayndrome-api\\api\\create_order.php","line":70}
[27-Apr-2025 20:48:45 Europe/Berlin] PHP Notice:  session_start(): Ignoring session_start() because a session is already active in C:\xampp\htdocs\ayndrome-api\api\create_order.php on line 70
[27-Apr-2025 20:58:08 Europe/Berlin] {"type":8,"message":"session_start(): Ignoring session_start() because a session is already active","file":"C:\\xampp\\htdocs\\ayndrome-api\\api\\create_order.php","line":70}
[27-Apr-2025 20:58:08 Europe/Berlin] PHP Notice:  session_start(): Ignoring session_start() because a session is already active in C:\xampp\htdocs\ayndrome-api\api\create_order.php on line 70
[27-Apr-2025 21:09:06 Europe/Berlin] {"type":8,"message":"session_start(): Ignoring session_start() because a session is already active","file":"C:\\xampp\\htdocs\\ayndrome-api\\api\\create_order.php","line":70}
[27-Apr-2025 21:09:06 Europe/Berlin] PHP Notice:  session_start(): Ignoring session_start() because a session is already active in C:\xampp\htdocs\ayndrome-api\api\create_order.php on line 70
[27-Apr-2025 21:09:55 Europe/Berlin] PHP Notice:  session_start(): Ignoring session_start() because a session is already active in C:\xampp\htdocs\ayndrome-api\api\user_activity.php on line 21
[27-Apr-2025 21:09:57 Europe/Berlin] PHP Notice:  session_start(): Ignoring session_start() because a session is already active in C:\xampp\htdocs\ayndrome-api\api\user_activity.php on line 21
[27-Apr-2025 21:10:06 Europe/Berlin] PHP Notice:  session_start(): Ignoring session_start() because a session is already active in C:\xampp\htdocs\ayndrome-api\api\user_activity.php on line 21
[27-Apr-2025 21:10:10 Europe/Berlin] PHP Notice:  session_start(): Ignoring session_start() because a session is already active in C:\xampp\htdocs\ayndrome-api\api\user_activity.php on line 21
[27-Apr-2025 21:16:38 Europe/Berlin] {"type":8,"message":"session_start(): Ignoring session_start() because a session is already active","file":"C:\\xampp\\htdocs\\ayndrome-api\\api\\create_order.php","line":70}
[27-Apr-2025 21:16:38 Europe/Berlin] PHP Notice:  session_start(): Ignoring session_start() because a session is already active in C:\xampp\htdocs\ayndrome-api\api\create_order.php on line 70
[27-Apr-2025 21:17:09 Europe/Berlin] PHP Notice:  session_start(): Ignoring session_start() because a session is already active in C:\xampp\htdocs\ayndrome-api\api\user_activity.php on line 21
[27-Apr-2025 21:17:26 Europe/Berlin] PHP Notice:  session_start(): Ignoring session_start() because a session is already active in C:\xampp\htdocs\ayndrome-api\api\user_activity.php on line 21
[27-Apr-2025 21:18:17 Europe/Berlin] PHP Notice:  session_start(): Ignoring session_start() because a session is already active in C:\xampp\htdocs\ayndrome-api\api\user_activity.php on line 21
[27-Apr-2025 21:18:20 Europe/Berlin] PHP Notice:  session_start(): Ignoring session_start() because a session is already active in C:\xampp\htdocs\ayndrome-api\api\user_activity.php on line 21
[27-Apr-2025 21:20:18 Europe/Berlin] {"type":8,"message":"session_start(): Ignoring session_start() because a session is already active","file":"C:\\xampp\\htdocs\\ayndrome-api\\api\\create_order.php","line":70}
[27-Apr-2025 21:20:18 Europe/Berlin] PHP Notice:  session_start(): Ignoring session_start() because a session is already active in C:\xampp\htdocs\ayndrome-api\api\create_order.php on line 70
[27-Apr-2025 21:27:51 Europe/Berlin] {"type":8,"message":"session_start(): Ignoring session_start() because a session is already active","file":"C:\\xampp\\htdocs\\ayndrome-api\\api\\create_order.php","line":70}
[27-Apr-2025 21:27:51 Europe/Berlin] PHP Notice:  session_start(): Ignoring session_start() because a session is already active in C:\xampp\htdocs\ayndrome-api\api\create_order.php on line 70
[27-Apr-2025 21:29:25 Europe/Berlin] PHP Notice:  session_start(): Ignoring session_start() because a session is already active in C:\xampp\htdocs\ayndrome-api\api\user_activity.php on line 21
[27-Apr-2025 21:34:33 Europe/Berlin] {"type":8,"message":"session_start(): Ignoring session_start() because a session is already active","file":"C:\\xampp\\htdocs\\ayndrome-api\\api\\create_order.php","line":70}
[27-Apr-2025 21:34:33 Europe/Berlin] PHP Notice:  session_start(): Ignoring session_start() because a session is already active in C:\xampp\htdocs\ayndrome-api\api\create_order.php on line 70
[27-Apr-2025 21:36:54 Europe/Berlin] {"type":8,"message":"session_start(): Ignoring session_start() because a session is already active","file":"C:\\xampp\\htdocs\\ayndrome-api\\api\\create_order.php","line":70}
[27-Apr-2025 21:36:54 Europe/Berlin] PHP Notice:  session_start(): Ignoring session_start() because a session is already active in C:\xampp\htdocs\ayndrome-api\api\create_order.php on line 70
[27-Apr-2025 21:42:27 Europe/Berlin] {"type":8,"message":"session_start(): Ignoring session_start() because a session is already active","file":"C:\\xampp\\htdocs\\ayndrome-api\\api\\create_order.php","line":70}
[27-Apr-2025 21:42:27 Europe/Berlin] PHP Notice:  session_start(): Ignoring session_start() because a session is already active in C:\xampp\htdocs\ayndrome-api\api\create_order.php on line 70
[27-Apr-2025 21:43:30 Europe/Berlin] PHP Notice:  session_start(): Ignoring session_start() because a session is already active in C:\xampp\htdocs\ayndrome-api\api\user_activity.php on line 21
[27-Apr-2025 21:57:34 Europe/Berlin] PHP Notice:  session_start(): Ignoring session_start() because a session is already active in C:\xampp\htdocs\ayndrome-api\api\user_activity.php on line 21
[27-Apr-2025 21:57:34 Europe/Berlin] PHP Notice:  session_start(): Ignoring session_start() because a session is already active in C:\xampp\htdocs\ayndrome-api\api\user_activity.php on line 21
[27-Apr-2025 22:04:04 Europe/Berlin] PHP Notice:  session_start(): Ignoring session_start() because a session is already active in C:\xampp\htdocs\ayndrome-api\api\user_activity.php on line 21
[27-Apr-2025 22:04:06 Europe/Berlin] PHP Notice:  session_start(): Ignoring session_start() because a session is already active in C:\xampp\htdocs\ayndrome-api\api\user_activity.php on line 21
[27-Apr-2025 22:04:07 Europe/Berlin] PHP Notice:  session_start(): Ignoring session_start() because a session is already active in C:\xampp\htdocs\ayndrome-api\api\user_activity.php on line 21
[27-Apr-2025 22:04:24 Europe/Berlin] PHP Notice:  session_start(): Ignoring session_start() because a session is already active in C:\xampp\htdocs\ayndrome-api\api\user_activity.php on line 21
[27-Apr-2025 22:04:30 Europe/Berlin] PHP Notice:  session_start(): Ignoring session_start() because a session is already active in C:\xampp\htdocs\ayndrome-api\api\user_activity.php on line 21
[27-Apr-2025 22:05:46 Europe/Berlin] PHP Notice:  session_start(): Ignoring session_start() because a session is already active in C:\xampp\htdocs\ayndrome-api\api\user_activity.php on line 21
[27-Apr-2025 22:05:47 Europe/Berlin] PHP Notice:  session_start(): Ignoring session_start() because a session is already active in C:\xampp\htdocs\ayndrome-api\api\user_activity.php on line 21
[27-Apr-2025 22:11:57 Europe/Berlin] PHP Notice:  session_start(): Ignoring session_start() because a session is already active in C:\xampp\htdocs\ayndrome-api\api\user_activity.php on line 21
[27-Apr-2025 22:15:04 Europe/Berlin] PHP Notice:  session_start(): Ignoring session_start() because a session is already active in C:\xampp\htdocs\ayndrome-api\api\user_activity.php on line 21
[27-Apr-2025 22:15:48 Europe/Berlin] PHP Notice:  session_start(): Ignoring session_start() because a session is already active in C:\xampp\htdocs\ayndrome-api\api\user_activity.php on line 21
[27-Apr-2025 22:15:56 Europe/Berlin] PHP Notice:  session_start(): Ignoring session_start() because a session is already active in C:\xampp\htdocs\ayndrome-api\api\user_activity.php on line 21
[27-Apr-2025 22:16:52 Europe/Berlin] PHP Notice:  session_start(): Ignoring session_start() because a session is already active in C:\xampp\htdocs\ayndrome-api\api\user_activity.php on line 21
[27-Apr-2025 22:16:52 Europe/Berlin] PHP Notice:  session_start(): Ignoring session_start() because a session is already active in C:\xampp\htdocs\ayndrome-api\api\user_activity.php on line 21
[27-Apr-2025 22:16:57 Europe/Berlin] PHP Notice:  session_start(): Ignoring session_start() because a session is already active in C:\xampp\htdocs\ayndrome-api\api\user_activity.php on line 21
[27-Apr-2025 22:16:57 Europe/Berlin] PHP Notice:  session_start(): Ignoring session_start() because a session is already active in C:\xampp\htdocs\ayndrome-api\api\user_activity.php on line 21
[27-Apr-2025 22:17:10 Europe/Berlin] PHP Notice:  session_start(): Ignoring session_start() because a session is already active in C:\xampp\htdocs\ayndrome-api\api\user_activity.php on line 21
[27-Apr-2025 22:17:10 Europe/Berlin] PHP Notice:  session_start(): Ignoring session_start() because a session is already active in C:\xampp\htdocs\ayndrome-api\api\user_activity.php on line 21
[27-Apr-2025 22:17:13 Europe/Berlin] PHP Notice:  session_start(): Ignoring session_start() because a session is already active in C:\xampp\htdocs\ayndrome-api\api\user_activity.php on line 21
[27-Apr-2025 22:17:49 Europe/Berlin] PHP Notice:  session_start(): Ignoring session_start() because a session is already active in C:\xampp\htdocs\ayndrome-api\api\user_activity.php on line 21
[27-Apr-2025 22:17:49 Europe/Berlin] PHP Notice:  session_start(): Ignoring session_start() because a session is already active in C:\xampp\htdocs\ayndrome-api\api\user_activity.php on line 21
[27-Apr-2025 22:17:50 Europe/Berlin] PHP Notice:  session_start(): Ignoring session_start() because a session is already active in C:\xampp\htdocs\ayndrome-api\api\user_activity.php on line 21
[27-Apr-2025 22:17:50 Europe/Berlin] PHP Notice:  session_start(): Ignoring session_start() because a session is already active in C:\xampp\htdocs\ayndrome-api\api\user_activity.php on line 21
[27-Apr-2025 22:17:54 Europe/Berlin] PHP Notice:  session_start(): Ignoring session_start() because a session is already active in C:\xampp\htdocs\ayndrome-api\api\user_activity.php on line 21
[27-Apr-2025 22:18:43 Europe/Berlin] PHP Notice:  session_start(): Ignoring session_start() because a session is already active in C:\xampp\htdocs\ayndrome-api\api\user_activity.php on line 21
[27-Apr-2025 22:18:43 Europe/Berlin] PHP Notice:  session_start(): Ignoring session_start() because a session is already active in C:\xampp\htdocs\ayndrome-api\api\user_activity.php on line 21
[27-Apr-2025 22:18:54 Europe/Berlin] PHP Notice:  session_start(): Ignoring session_start() because a session is already active in C:\xampp\htdocs\ayndrome-api\api\user_activity.php on line 21
[27-Apr-2025 22:18:54 Europe/Berlin] PHP Notice:  session_start(): Ignoring session_start() because a session is already active in C:\xampp\htdocs\ayndrome-api\api\user_activity.php on line 21
[27-Apr-2025 22:19:23 Europe/Berlin] PHP Notice:  session_start(): Ignoring session_start() because a session is already active in C:\xampp\htdocs\ayndrome-api\api\user_activity.php on line 21
[27-Apr-2025 22:19:23 Europe/Berlin] PHP Notice:  session_start(): Ignoring session_start() because a session is already active in C:\xampp\htdocs\ayndrome-api\api\user_activity.php on line 21
[27-Apr-2025 22:19:25 Europe/Berlin] PHP Notice:  session_start(): Ignoring session_start() because a session is already active in C:\xampp\htdocs\ayndrome-api\api\user_activity.php on line 21
[27-Apr-2025 22:19:26 Europe/Berlin] PHP Notice:  session_start(): Ignoring session_start() because a session is already active in C:\xampp\htdocs\ayndrome-api\api\user_activity.php on line 21
[27-Apr-2025 22:21:44 Europe/Berlin] PHP Notice:  session_start(): Ignoring session_start() because a session is already active in C:\xampp\htdocs\ayndrome-api\api\user_activity.php on line 21
[27-Apr-2025 22:26:18 Europe/Berlin] {"type":8,"message":"session_start(): Ignoring session_start() because a session is already active","file":"C:\\xampp\\htdocs\\ayndrome-api\\api\\create_order.php","line":70}
[27-Apr-2025 22:26:18 Europe/Berlin] PHP Notice:  session_start(): Ignoring session_start() because a session is already active in C:\xampp\htdocs\ayndrome-api\api\create_order.php on line 70
[27-Apr-2025 22:26:40 Europe/Berlin] PHP Notice:  session_start(): Ignoring session_start() because a session is already active in C:\xampp\htdocs\ayndrome-api\api\user_activity.php on line 21
[27-Apr-2025 22:26:43 Europe/Berlin] PHP Notice:  session_start(): Ignoring session_start() because a session is already active in C:\xampp\htdocs\ayndrome-api\api\user_activity.php on line 21
[27-Apr-2025 22:32:21 Europe/Berlin] PHP Notice:  session_start(): Ignoring session_start() because a session is already active in C:\xampp\htdocs\ayndrome-api\api\user_activity.php on line 21
[27-Apr-2025 22:32:22 Europe/Berlin] PHP Notice:  session_start(): Ignoring session_start() because a session is already active in C:\xampp\htdocs\ayndrome-api\api\user_activity.php on line 21
[27-Apr-2025 22:35:58 Europe/Berlin] PHP Notice:  session_start(): Ignoring session_start() because a session is already active in C:\xampp\htdocs\ayndrome-api\api\user_activity.php on line 21
[27-Apr-2025 22:35:59 Europe/Berlin] PHP Notice:  session_start(): Ignoring session_start() because a session is already active in C:\xampp\htdocs\ayndrome-api\api\user_activity.php on line 21
[27-Apr-2025 22:36:48 Europe/Berlin] {"type":8,"message":"session_start(): Ignoring session_start() because a session is already active","file":"C:\\xampp\\htdocs\\ayndrome-api\\api\\create_order.php","line":70}
[27-Apr-2025 22:36:48 Europe/Berlin] PHP Notice:  session_start(): Ignoring session_start() because a session is already active in C:\xampp\htdocs\ayndrome-api\api\create_order.php on line 70
[27-Apr-2025 22:37:19 Europe/Berlin] PHP Notice:  session_start(): Ignoring session_start() because a session is already active in C:\xampp\htdocs\ayndrome-api\api\user_activity.php on line 21
[27-Apr-2025 22:37:21 Europe/Berlin] PHP Notice:  session_start(): Ignoring session_start() because a session is already active in C:\xampp\htdocs\ayndrome-api\api\user_activity.php on line 21
[27-Apr-2025 22:37:27 Europe/Berlin] PHP Notice:  session_start(): Ignoring session_start() because a session is already active in C:\xampp\htdocs\ayndrome-api\api\user_activity.php on line 21
[27-Apr-2025 22:45:02 Europe/Berlin] {"type":8,"message":"session_start(): Ignoring session_start() because a session is already active","file":"C:\\xampp\\htdocs\\ayndrome-api\\api\\create_order.php","line":70}
[27-Apr-2025 22:45:02 Europe/Berlin] PHP Notice:  session_start(): Ignoring session_start() because a session is already active in C:\xampp\htdocs\ayndrome-api\api\create_order.php on line 70
[27-Apr-2025 22:51:45 Europe/Berlin] PHP Notice:  session_start(): Ignoring session_start() because a session is already active in C:\xampp\htdocs\ayndrome-api\api\user_activity.php on line 21
[28-Apr-2025 14:40:19 Europe/Berlin] {"type":8,"message":"session_start(): Ignoring session_start() because a session is already active","file":"C:\\xampp\\htdocs\\ayndrome-api\\api\\create_order.php","line":70}
[28-Apr-2025 14:40:19 Europe/Berlin] PHP Notice:  session_start(): Ignoring session_start() because a session is already active in C:\xampp\htdocs\ayndrome-api\api\create_order.php on line 70
[28-Apr-2025 14:54:37 Europe/Berlin] {"type":8,"message":"session_start(): Ignoring session_start() because a session is already active","file":"C:\\xampp\\htdocs\\ayndrome-api\\api\\create_order.php","line":70}
[28-Apr-2025 14:54:37 Europe/Berlin] PHP Notice:  session_start(): Ignoring session_start() because a session is already active in C:\xampp\htdocs\ayndrome-api\api\create_order.php on line 70
[28-Apr-2025 15:00:56 Europe/Berlin] {"type":8,"message":"session_start(): Ignoring session_start() because a session is already active","file":"C:\\xampp\\htdocs\\ayndrome-api\\api\\create_order.php","line":70}
[28-Apr-2025 15:00:56 Europe/Berlin] PHP Notice:  session_start(): Ignoring session_start() because a session is already active in C:\xampp\htdocs\ayndrome-api\api\create_order.php on line 70
[28-Apr-2025 15:18:08 Europe/Berlin] {"type":8,"message":"session_start(): Ignoring session_start() because a session is already active","file":"C:\\xampp\\htdocs\\ayndrome-api\\api\\create_order.php","line":70}
[28-Apr-2025 15:18:08 Europe/Berlin] PHP Notice:  session_start(): Ignoring session_start() because a session is already active in C:\xampp\htdocs\ayndrome-api\api\create_order.php on line 70
[28-Apr-2025 15:50:27 Europe/Berlin] {"type":8,"message":"session_start(): Ignoring session_start() because a session is already active","file":"C:\\xampp\\htdocs\\ayndrome-api\\api\\create_order.php","line":70}
[28-Apr-2025 15:50:27 Europe/Berlin] PHP Notice:  session_start(): Ignoring session_start() because a session is already active in C:\xampp\htdocs\ayndrome-api\api\create_order.php on line 70
[28-Apr-2025 15:52:46 Europe/Berlin] {"type":8,"message":"session_start(): Ignoring session_start() because a session is already active","file":"C:\\xampp\\htdocs\\ayndrome-api\\api\\create_order.php","line":70}
[28-Apr-2025 15:52:46 Europe/Berlin] PHP Notice:  session_start(): Ignoring session_start() because a session is already active in C:\xampp\htdocs\ayndrome-api\api\create_order.php on line 70
[28-Apr-2025 16:02:14 Europe/Berlin] {"type":8,"message":"session_start(): Ignoring session_start() because a session is already active","file":"C:\\xampp\\htdocs\\ayndrome-api\\api\\create_order.php","line":70}
[28-Apr-2025 16:02:14 Europe/Berlin] PHP Notice:  session_start(): Ignoring session_start() because a session is already active in C:\xampp\htdocs\ayndrome-api\api\create_order.php on line 70
[28-Apr-2025 16:14:59 Europe/Berlin] {"type":8,"message":"session_start(): Ignoring session_start() because a session is already active","file":"C:\\xampp\\htdocs\\ayndrome-api\\api\\create_order.php","line":70}
[28-Apr-2025 16:14:59 Europe/Berlin] PHP Notice:  session_start(): Ignoring session_start() because a session is already active in C:\xampp\htdocs\ayndrome-api\api\create_order.php on line 70
[28-Apr-2025 16:33:17 Europe/Berlin] {"type":8,"message":"session_start(): Ignoring session_start() because a session is already active","file":"C:\\xampp\\htdocs\\ayndrome-api\\api\\create_order.php","line":70}
[28-Apr-2025 16:33:17 Europe/Berlin] PHP Notice:  session_start(): Ignoring session_start() because a session is already active in C:\xampp\htdocs\ayndrome-api\api\create_order.php on line 70
[28-Apr-2025 16:36:31 Europe/Berlin] {"type":8,"message":"session_start(): Ignoring session_start() because a session is already active","file":"C:\\xampp\\htdocs\\ayndrome-api\\api\\create_order.php","line":70}
[28-Apr-2025 16:36:31 Europe/Berlin] PHP Notice:  session_start(): Ignoring session_start() because a session is already active in C:\xampp\htdocs\ayndrome-api\api\create_order.php on line 70
[28-Apr-2025 16:40:47 Europe/Berlin] {"type":8,"message":"session_start(): Ignoring session_start() because a session is already active","file":"C:\\xampp\\htdocs\\ayndrome-api\\api\\create_order.php","line":70}
[28-Apr-2025 16:40:47 Europe/Berlin] PHP Notice:  session_start(): Ignoring session_start() because a session is already active in C:\xampp\htdocs\ayndrome-api\api\create_order.php on line 70
[28-Apr-2025 16:52:43 Europe/Berlin] {"type":8,"message":"session_start(): Ignoring session_start() because a session is already active","file":"C:\\xampp\\htdocs\\ayndrome-api\\api\\create_order.php","line":70}
[28-Apr-2025 16:52:43 Europe/Berlin] PHP Notice:  session_start(): Ignoring session_start() because a session is already active in C:\xampp\htdocs\ayndrome-api\api\create_order.php on line 70
[28-Apr-2025 17:01:45 Europe/Berlin] {"type":8,"message":"session_start(): Ignoring session_start() because a session is already active","file":"C:\\xampp\\htdocs\\ayndrome-api\\api\\create_order.php","line":70}
[28-Apr-2025 17:01:45 Europe/Berlin] PHP Notice:  session_start(): Ignoring session_start() because a session is already active in C:\xampp\htdocs\ayndrome-api\api\create_order.php on line 70
[28-Apr-2025 17:13:50 Europe/Berlin] {"type":8,"message":"session_start(): Ignoring session_start() because a session is already active","file":"C:\\xampp\\htdocs\\ayndrome-api\\api\\create_order.php","line":70}
[28-Apr-2025 17:13:50 Europe/Berlin] PHP Notice:  session_start(): Ignoring session_start() because a session is already active in C:\xampp\htdocs\ayndrome-api\api\create_order.php on line 70
[28-Apr-2025 17:18:01 Europe/Berlin] {"type":8,"message":"session_start(): Ignoring session_start() because a session is already active","file":"C:\\xampp\\htdocs\\ayndrome-api\\api\\create_order.php","line":70}
[28-Apr-2025 17:18:01 Europe/Berlin] PHP Notice:  session_start(): Ignoring session_start() because a session is already active in C:\xampp\htdocs\ayndrome-api\api\create_order.php on line 70
[28-Apr-2025 17:36:56 Europe/Berlin] {"type":8,"message":"session_start(): Ignoring session_start() because a session is already active","file":"C:\\xampp\\htdocs\\ayndrome-api\\api\\create_order.php","line":70}
[28-Apr-2025 17:36:56 Europe/Berlin] PHP Notice:  session_start(): Ignoring session_start() because a session is already active in C:\xampp\htdocs\ayndrome-api\api\create_order.php on line 70
[28-Apr-2025 19:10:29 Europe/Berlin] {"type":8,"message":"session_start(): Ignoring session_start() because a session is already active","file":"C:\\xampp\\htdocs\\ayndrome-api\\api\\create_order.php","line":70}
[28-Apr-2025 19:10:29 Europe/Berlin] PHP Notice:  session_start(): Ignoring session_start() because a session is already active in C:\xampp\htdocs\ayndrome-api\api\create_order.php on line 70
[28-Apr-2025 19:19:03 Europe/Berlin] {"type":8,"message":"session_start(): Ignoring session_start() because a session is already active","file":"C:\\xampp\\htdocs\\ayndrome-api\\api\\create_order.php","line":70}
[28-Apr-2025 19:19:03 Europe/Berlin] PHP Notice:  session_start(): Ignoring session_start() because a session is already active in C:\xampp\htdocs\ayndrome-api\api\create_order.php on line 70
[28-Apr-2025 19:27:10 Europe/Berlin] {"type":8,"message":"session_start(): Ignoring session_start() because a session is already active","file":"C:\\xampp\\htdocs\\ayndrome-api\\api\\create_order.php","line":70}
[28-Apr-2025 19:27:10 Europe/Berlin] PHP Notice:  session_start(): Ignoring session_start() because a session is already active in C:\xampp\htdocs\ayndrome-api\api\create_order.php on line 70
[28-Apr-2025 19:36:34 Europe/Berlin] {"type":8,"message":"session_start(): Ignoring session_start() because a session is already active","file":"C:\\xampp\\htdocs\\ayndrome-api\\api\\create_order.php","line":70}
[28-Apr-2025 19:36:34 Europe/Berlin] PHP Notice:  session_start(): Ignoring session_start() because a session is already active in C:\xampp\htdocs\ayndrome-api\api\create_order.php on line 70
[28-Apr-2025 19:44:21 Europe/Berlin] {"type":8,"message":"session_start(): Ignoring session_start() because a session is already active","file":"C:\\xampp\\htdocs\\ayndrome-api\\api\\create_order.php","line":70}
[28-Apr-2025 19:44:21 Europe/Berlin] PHP Notice:  session_start(): Ignoring session_start() because a session is already active in C:\xampp\htdocs\ayndrome-api\api\create_order.php on line 70
[28-Apr-2025 19:46:26 Europe/Berlin] {"type":8,"message":"session_start(): Ignoring session_start() because a session is already active","file":"C:\\xampp\\htdocs\\ayndrome-api\\api\\create_order.php","line":70}
[28-Apr-2025 19:46:26 Europe/Berlin] PHP Notice:  session_start(): Ignoring session_start() because a session is already active in C:\xampp\htdocs\ayndrome-api\api\create_order.php on line 70
[28-Apr-2025 23:42:49 Asia/Kolkata] Invalid or expired OTP for email: ayndrome06@gmail.com
[28-Apr-2025 20:14:13 Europe/Berlin] PHP Notice:  session_start(): Ignoring session_start() because a session is already active in C:\xampp\htdocs\ayndrome-api\api\user_activity.php on line 21
[28-Apr-2025 20:14:13 Europe/Berlin] PHP Notice:  session_start(): Ignoring session_start() because a session is already active in C:\xampp\htdocs\ayndrome-api\api\user_activity.php on line 21
[28-Apr-2025 20:14:24 Europe/Berlin] PHP Notice:  session_start(): Ignoring session_start() because a session is already active in C:\xampp\htdocs\ayndrome-api\api\user_activity.php on line 21
[28-Apr-2025 20:14:29 Europe/Berlin] PHP Notice:  session_start(): Ignoring session_start() because a session is already active in C:\xampp\htdocs\ayndrome-api\api\user_activity.php on line 21
[28-Apr-2025 20:14:33 Europe/Berlin] PHP Notice:  session_start(): Ignoring session_start() because a session is already active in C:\xampp\htdocs\ayndrome-api\api\user_activity.php on line 21
[28-Apr-2025 20:39:39 Europe/Berlin] PHP Notice:  session_start(): Ignoring session_start() because a session is already active in C:\xampp\htdocs\ayndrome-api\api\user_activity.php on line 21
[28-Apr-2025 21:07:02 Europe/Berlin] PHP Notice:  session_start(): Ignoring session_start() because a session is already active in C:\xampp\htdocs\ayndrome-api\api\user_activity.php on line 21
[28-Apr-2025 21:08:28 Europe/Berlin] PHP Notice:  session_start(): Ignoring session_start() because a session is already active in C:\xampp\htdocs\ayndrome-api\api\user_activity.php on line 21
[28-Apr-2025 21:08:28 Europe/Berlin] PHP Notice:  session_start(): Ignoring session_start() because a session is already active in C:\xampp\htdocs\ayndrome-api\api\user_activity.php on line 21
[28-Apr-2025 21:08:35 Europe/Berlin] PHP Notice:  session_start(): Ignoring session_start() because a session is already active in C:\xampp\htdocs\ayndrome-api\api\user_activity.php on line 21
[28-Apr-2025 21:09:10 Europe/Berlin] PHP Notice:  session_start(): Ignoring session_start() because a session is already active in C:\xampp\htdocs\ayndrome-api\api\user_activity.php on line 21
[28-Apr-2025 21:10:03 Europe/Berlin] PHP Notice:  session_start(): Ignoring session_start() because a session is already active in C:\xampp\htdocs\ayndrome-api\api\user_activity.php on line 21
[28-Apr-2025 21:10:03 Europe/Berlin] PHP Notice:  session_start(): Ignoring session_start() because a session is already active in C:\xampp\htdocs\ayndrome-api\api\user_activity.php on line 21
[28-Apr-2025 21:25:47 Europe/Berlin] PHP Notice:  session_start(): Ignoring session_start() because a session is already active in C:\xampp\htdocs\ayndrome-api\api\user_activity.php on line 21
[28-Apr-2025 21:26:12 Europe/Berlin] PHP Notice:  session_start(): Ignoring session_start() because a session is already active in C:\xampp\htdocs\ayndrome-api\api\user_activity.php on line 21
[28-Apr-2025 21:26:12 Europe/Berlin] PHP Notice:  session_start(): Ignoring session_start() because a session is already active in C:\xampp\htdocs\ayndrome-api\api\user_activity.php on line 21
[28-Apr-2025 21:26:19 Europe/Berlin] PHP Notice:  session_start(): Ignoring session_start() because a session is already active in C:\xampp\htdocs\ayndrome-api\api\user_activity.php on line 21
[28-Apr-2025 21:26:47 Europe/Berlin] PHP Notice:  session_start(): Ignoring session_start() because a session is already active in C:\xampp\htdocs\ayndrome-api\api\user_activity.php on line 21
[28-Apr-2025 21:26:47 Europe/Berlin] PHP Notice:  session_start(): Ignoring session_start() because a session is already active in C:\xampp\htdocs\ayndrome-api\api\user_activity.php on line 21
[28-Apr-2025 21:30:22 Europe/Berlin] PHP Notice:  session_start(): Ignoring session_start() because a session is already active in C:\xampp\htdocs\ayndrome-api\api\user_activity.php on line 21
[28-Apr-2025 21:30:31 Europe/Berlin] PHP Notice:  session_start(): Ignoring session_start() because a session is already active in C:\xampp\htdocs\ayndrome-api\api\user_activity.php on line 21
[28-Apr-2025 21:32:31 Europe/Berlin] PHP Notice:  session_start(): Ignoring session_start() because a session is already active in C:\xampp\htdocs\ayndrome-api\api\user_activity.php on line 21
[28-Apr-2025 21:35:07 Europe/Berlin] PHP Notice:  session_start(): Ignoring session_start() because a session is already active in C:\xampp\htdocs\ayndrome-api\api\user_activity.php on line 21
[28-Apr-2025 21:36:53 Europe/Berlin] PHP Notice:  session_start(): Ignoring session_start() because a session is already active in C:\xampp\htdocs\ayndrome-api\api\user_activity.php on line 21
[28-Apr-2025 21:40:39 Europe/Berlin] PHP Notice:  session_start(): Ignoring session_start() because a session is already active in C:\xampp\htdocs\ayndrome-api\api\user_activity.php on line 21
[28-Apr-2025 21:41:03 Europe/Berlin] PHP Notice:  session_start(): Ignoring session_start() because a session is already active in C:\xampp\htdocs\ayndrome-api\api\user_activity.php on line 21
[28-Apr-2025 22:37:22 Europe/Berlin] PHP Notice:  session_start(): Ignoring session_start() because a session is already active in C:\xampp\htdocs\ayndrome-api\api\change_password.php on line 19
[28-Apr-2025 22:42:28 Europe/Berlin] PHP Notice:  session_start(): Ignoring session_start() because a session is already active in C:\xampp\htdocs\ayndrome-api\api\change_password.php on line 19
[28-Apr-2025 22:42:43 Europe/Berlin] PHP Notice:  session_start(): Ignoring session_start() because a session is already active in C:\xampp\htdocs\ayndrome-api\api\change_password.php on line 19
[29-Apr-2025 18:10:36 Asia/Kolkata] PHP Warning:  mail(): Failed to connect to mailserver at &quot;localhost&quot; port 25, verify your &quot;SMTP&quot; and &quot;smtp_port&quot; setting in php.ini or use ini_set() in C:\xampp\htdocs\ayndrome-api\api\send_otp.php on line 145
[29-Apr-2025 18:10:36 Asia/Kolkata] Failed to send OTP email to: ayndrome06@gmail.com
[29-Apr-2025 14:49:40 Europe/Berlin] PHP Notice:  session_start(): Ignoring session_start() because a session is already active in C:\xampp\htdocs\ayndrome-api\api\user_activity.php on line 21
[29-Apr-2025 18:22:35 Asia/Kolkata] PHP Warning:  mail(): Failed to connect to mailserver at &quot;localhost&quot; port 25, verify your &quot;SMTP&quot; and &quot;smtp_port&quot; setting in php.ini or use ini_set() in C:\xampp\htdocs\ayndrome-api\api\send_otp.php on line 145
[29-Apr-2025 18:22:35 Asia/Kolkata] Failed to send OTP email to: shashanksaket9@gmail.com
[29-Apr-2025 18:31:21 Asia/Kolkata] PHP Warning:  mail(): Failed to connect to mailserver at &quot;localhost&quot; port 25, verify your &quot;SMTP&quot; and &quot;smtp_port&quot; setting in php.ini or use ini_set() in C:\xampp\htdocs\ayndrome-api\api\send_otp.php on line 107
[29-Apr-2025 18:31:21 Asia/Kolkata] Failed to send OTP email to: shashanksaket9@gmail.com
[29-Apr-2025 15:25:41 Europe/Berlin] PHP Notice:  session_start(): Ignoring session_start() because a session is already active in C:\xampp\htdocs\ayndrome-api\api\user_activity.php on line 21
[29-Apr-2025 17:27:06 Europe/Berlin] {"type":8,"message":"session_start(): Ignoring session_start() because a session is already active","file":"C:\\xampp\\htdocs\\ayndrome-api\\api\\create_order.php","line":70}
[29-Apr-2025 17:27:06 Europe/Berlin] PHP Notice:  session_start(): Ignoring session_start() because a session is already active in C:\xampp\htdocs\ayndrome-api\api\create_order.php on line 70
[29-Apr-2025 17:27:57 Europe/Berlin] PHP Notice:  session_start(): Ignoring session_start() because a session is already active in C:\xampp\htdocs\ayndrome-api\api\user_activity.php on line 21
[29-Apr-2025 17:35:27 Europe/Berlin] PHP Notice:  session_start(): Ignoring session_start() because a session is already active in C:\xampp\htdocs\ayndrome-api\api\user_activity.php on line 21
[29-Apr-2025 17:35:37 Europe/Berlin] PHP Notice:  session_start(): Ignoring session_start() because a session is already active in C:\xampp\htdocs\ayndrome-api\api\user_activity.php on line 21
[29-Apr-2025 17:36:03 Europe/Berlin] PHP Notice:  session_start(): Ignoring session_start() because a session is already active in C:\xampp\htdocs\ayndrome-api\api\user_activity.php on line 21
[29-Apr-2025 17:36:07 Europe/Berlin] PHP Notice:  session_start(): Ignoring session_start() because a session is already active in C:\xampp\htdocs\ayndrome-api\api\user_activity.php on line 21
[29-Apr-2025 17:36:17 Europe/Berlin] PHP Notice:  session_start(): Ignoring session_start() because a session is already active in C:\xampp\htdocs\ayndrome-api\api\user_activity.php on line 21
[29-Apr-2025 17:39:40 Europe/Berlin] PHP Notice:  session_start(): Ignoring session_start() because a session is already active in C:\xampp\htdocs\ayndrome-api\api\user_activity.php on line 21
[29-Apr-2025 19:32:41 Europe/Berlin] PHP Notice:  session_start(): Ignoring session_start() because a session is already active in C:\xampp\htdocs\ayndrome-api\api\user_activity.php on line 21
[29-Apr-2025 22:20:12 Europe/Berlin] PHP Notice:  session_start(): Ignoring session_start() because a session is already active in C:\xampp\htdocs\ayndrome-api\api\delete_account.php on line 19
[29-Apr-2025 22:20:12 Europe/Berlin] Error in delete_account.php: SQLSTATE[23000]: Integrity constraint violation: 1451 Cannot delete or update a parent row: a foreign key constraint fails (`ayndrome`.`track_parcels`, CONSTRAINT `fk_user_id` FOREIGN KEY (`user_id`) REFERENCES `users_orders` (`user_id`))
[29-Apr-2025 22:20:17 Europe/Berlin] PHP Notice:  session_start(): Ignoring session_start() because a session is already active in C:\xampp\htdocs\ayndrome-api\api\delete_account.php on line 19
[29-Apr-2025 22:20:17 Europe/Berlin] Error in delete_account.php: SQLSTATE[23000]: Integrity constraint violation: 1451 Cannot delete or update a parent row: a foreign key constraint fails (`ayndrome`.`track_parcels`, CONSTRAINT `fk_user_id` FOREIGN KEY (`user_id`) REFERENCES `users_orders` (`user_id`))
[29-Apr-2025 22:20:29 Europe/Berlin] PHP Notice:  session_start(): Ignoring session_start() because a session is already active in C:\xampp\htdocs\ayndrome-api\api\delete_account.php on line 19
[29-Apr-2025 22:20:29 Europe/Berlin] Error in delete_account.php: SQLSTATE[23000]: Integrity constraint violation: 1451 Cannot delete or update a parent row: a foreign key constraint fails (`ayndrome`.`track_parcels`, CONSTRAINT `fk_user_id` FOREIGN KEY (`user_id`) REFERENCES `users_orders` (`user_id`))
[29-Apr-2025 22:21:08 Europe/Berlin] PHP Notice:  session_start(): Ignoring session_start() because a session is already active in C:\xampp\htdocs\ayndrome-api\api\delete_account.php on line 19
[29-Apr-2025 22:21:09 Europe/Berlin] Error in delete_account.php: SQLSTATE[23000]: Integrity constraint violation: 1451 Cannot delete or update a parent row: a foreign key constraint fails (`ayndrome`.`track_parcels`, CONSTRAINT `fk_user_id` FOREIGN KEY (`user_id`) REFERENCES `users_orders` (`user_id`))
[29-Apr-2025 22:29:12 Europe/Berlin] PHP Notice:  session_start(): Ignoring session_start() because a session is already active in C:\xampp\htdocs\ayndrome-api\api\delete_account.php on line 19
[29-Apr-2025 22:32:25 Europe/Berlin] PHP Notice:  session_start(): Ignoring session_start() because a session is already active in C:\xampp\htdocs\ayndrome-api\api\user_activity.php on line 21
[29-Apr-2025 22:37:26 Europe/Berlin] PHP Notice:  session_start(): Ignoring session_start() because a session is already active in C:\xampp\htdocs\ayndrome-api\api\user_activity.php on line 21
[29-Apr-2025 22:41:26 Europe/Berlin] {"type":8,"message":"session_start(): Ignoring session_start() because a session is already active","file":"C:\\xampp\\htdocs\\ayndrome-api\\api\\create_order.php","line":70}
[29-Apr-2025 22:41:26 Europe/Berlin] PHP Notice:  session_start(): Ignoring session_start() because a session is already active in C:\xampp\htdocs\ayndrome-api\api\create_order.php on line 70
[29-Apr-2025 22:45:18 Europe/Berlin] PHP Notice:  session_start(): Ignoring session_start() because a session is already active in C:\xampp\htdocs\ayndrome-api\api\user_activity.php on line 21
[29-Apr-2025 22:49:28 Europe/Berlin] PHP Notice:  session_start(): Ignoring session_start() because a session is already active in C:\xampp\htdocs\ayndrome-api\api\user_activity.php on line 21
[29-Apr-2025 23:03:42 Europe/Berlin] {"type":8,"message":"session_start(): Ignoring session_start() because a session is already active","file":"C:\\xampp\\htdocs\\ayndrome-api\\api\\create_order.php","line":70}
[29-Apr-2025 23:03:42 Europe/Berlin] PHP Notice:  session_start(): Ignoring session_start() because a session is already active in C:\xampp\htdocs\ayndrome-api\api\create_order.php on line 70
[29-Apr-2025 23:06:44 Europe/Berlin] {"type":8,"message":"session_start(): Ignoring session_start() because a session is already active","file":"C:\\xampp\\htdocs\\ayndrome-api\\api\\create_order.php","line":70}
[29-Apr-2025 23:06:44 Europe/Berlin] PHP Notice:  session_start(): Ignoring session_start() because a session is already active in C:\xampp\htdocs\ayndrome-api\api\create_order.php on line 70
[29-Apr-2025 23:11:07 Europe/Berlin] {"type":8,"message":"session_start(): Ignoring session_start() because a session is already active","file":"C:\\xampp\\htdocs\\ayndrome-api\\api\\create_order.php","line":70}
[29-Apr-2025 23:11:07 Europe/Berlin] PHP Notice:  session_start(): Ignoring session_start() because a session is already active in C:\xampp\htdocs\ayndrome-api\api\create_order.php on line 70
[29-Apr-2025 23:20:06 Europe/Berlin] PHP Notice:  session_start(): Ignoring session_start() because a session is already active in C:\xampp\htdocs\ayndrome-api\api\user_activity.php on line 21
[29-Apr-2025 23:21:39 Europe/Berlin] PHP Notice:  session_start(): Ignoring session_start() because a session is already active in C:\xampp\htdocs\ayndrome-api\api\delete_account.php on line 19
[29-Apr-2025 23:21:54 Europe/Berlin] User not found for email: ayndrome06@gmail.com
[30-Apr-2025 07:11:49 Europe/Berlin] PHP Notice:  session_start(): Ignoring session_start() because a session is already active in C:\xampp\htdocs\ayndrome-api\api\user_activity.php on line 21
[30-Apr-2025 07:12:03 Europe/Berlin] PHP Notice:  session_start(): Ignoring session_start() because a session is already active in C:\xampp\htdocs\ayndrome-api\api\user_activity.php on line 21
[30-Apr-2025 07:22:47 Europe/Berlin] PHP Notice:  session_start(): Ignoring session_start() because a session is already active in C:\xampp\htdocs\ayndrome-api\api\user_activity.php on line 21
[30-Apr-2025 07:50:55 Europe/Berlin] PHP Notice:  session_start(): Ignoring session_start() because a session is already active in C:\xampp\htdocs\ayndrome-api\api\user_activity.php on line 21
[30-Apr-2025 08:02:16 Europe/Berlin] User not found for email: ayndrome06@gmail.com
[30-Apr-2025 11:33:54 Asia/Kolkata] Invalid or expired OTP for email: ayndrome06@gmail.com
[30-Apr-2025 08:05:28 Europe/Berlin] PHP Notice:  session_start(): Ignoring session_start() because a session is already active in C:\xampp\htdocs\ayndrome-api\api\user_activity.php on line 21
[30-Apr-2025 08:09:31 Europe/Berlin] {"type":8,"message":"session_start(): Ignoring session_start() because a session is already active","file":"C:\\xampp\\htdocs\\ayndrome-api\\api\\create_order.php","line":70}
[30-Apr-2025 08:09:31 Europe/Berlin] PHP Notice:  session_start(): Ignoring session_start() because a session is already active in C:\xampp\htdocs\ayndrome-api\api\create_order.php on line 70
[30-Apr-2025 08:13:24 Europe/Berlin] PHP Notice:  session_start(): Ignoring session_start() because a session is already active in C:\xampp\htdocs\ayndrome-api\api\user_activity.php on line 21
[30-Apr-2025 08:18:23 Europe/Berlin] PHP Notice:  session_start(): Ignoring session_start() because a session is already active in C:\xampp\htdocs\ayndrome-api\api\user_activity.php on line 21
[30-Apr-2025 08:18:59 Europe/Berlin] PHP Notice:  session_start(): Ignoring session_start() because a session is already active in C:\xampp\htdocs\ayndrome-api\api\user_activity.php on line 21
[30-Apr-2025 08:20:40 Europe/Berlin] PHP Notice:  session_start(): Ignoring session_start() because a session is already active in C:\xampp\htdocs\ayndrome-api\api\user_activity.php on line 21
[30-Apr-2025 08:26:34 Europe/Berlin] PHP Notice:  session_start(): Ignoring session_start() because a session is already active in C:\xampp\htdocs\ayndrome-api\api\user_activity.php on line 21
[30-Apr-2025 11:59:26 Asia/Kolkata] PHP Warning:  mail(): Failed to connect to mailserver at &quot;localhost&quot; port 25, verify your &quot;SMTP&quot; and &quot;smtp_port&quot; setting in php.ini or use ini_set() in C:\xampp\htdocs\ayndrome-api\api\forgot_password.php on line 115
[30-Apr-2025 11:59:26 Asia/Kolkata] Failed to send OTP email to: ayndrome06@gmail.com
[30-Apr-2025 11:59:36 Asia/Kolkata] PHP Warning:  mail(): Failed to connect to mailserver at &quot;localhost&quot; port 25, verify your &quot;SMTP&quot; and &quot;smtp_port&quot; setting in php.ini or use ini_set() in C:\xampp\htdocs\ayndrome-api\api\forgot_password.php on line 115
[30-Apr-2025 11:59:36 Asia/Kolkata] Failed to send OTP email to: ayndrome06@gmail.com
[30-Apr-2025 11:59:43 Asia/Kolkata] PHP Warning:  mail(): Failed to connect to mailserver at &quot;localhost&quot; port 25, verify your &quot;SMTP&quot; and &quot;smtp_port&quot; setting in php.ini or use ini_set() in C:\xampp\htdocs\ayndrome-api\api\forgot_password.php on line 115
[30-Apr-2025 11:59:43 Asia/Kolkata] Failed to send OTP email to: ayndrome06@gmail.com
[30-Apr-2025 08:36:09 Europe/Berlin] PHP Notice:  session_start(): Ignoring session_start() because a session is already active in C:\xampp\htdocs\ayndrome-api\api\user_activity.php on line 21
[30-Apr-2025 08:41:17 Europe/Berlin] PHP Notice:  session_start(): Ignoring session_start() because a session is already active in C:\xampp\htdocs\ayndrome-api\api\user_activity.php on line 21
[30-Apr-2025 08:42:00 Europe/Berlin] PHP Notice:  session_start(): Ignoring session_start() because a session is already active in C:\xampp\htdocs\ayndrome-api\api\user_activity.php on line 21
[30-Apr-2025 08:58:25 Europe/Berlin] {"type":8,"message":"session_start(): Ignoring session_start() because a session is already active","file":"C:\\xampp\\htdocs\\ayndrome-api\\api\\create_order.php","line":70}
[30-Apr-2025 08:58:25 Europe/Berlin] PHP Notice:  session_start(): Ignoring session_start() because a session is already active in C:\xampp\htdocs\ayndrome-api\api\create_order.php on line 70
[30-Apr-2025 09:05:40 Europe/Berlin] {"type":8,"message":"session_start(): Ignoring session_start() because a session is already active","file":"C:\\xampp\\htdocs\\ayndrome-api\\api\\create_order.php","line":70}
[30-Apr-2025 09:05:40 Europe/Berlin] PHP Notice:  session_start(): Ignoring session_start() because a session is already active in C:\xampp\htdocs\ayndrome-api\api\create_order.php on line 70
[30-Apr-2025 09:08:59 Europe/Berlin] {"type":8,"message":"session_start(): Ignoring session_start() because a session is already active","file":"C:\\xampp\\htdocs\\ayndrome-api\\api\\create_order.php","line":70}
[30-Apr-2025 09:08:59 Europe/Berlin] PHP Notice:  session_start(): Ignoring session_start() because a session is already active in C:\xampp\htdocs\ayndrome-api\api\create_order.php on line 70
[30-Apr-2025 09:12:35 Europe/Berlin] {"type":8,"message":"session_start(): Ignoring session_start() because a session is already active","file":"C:\\xampp\\htdocs\\ayndrome-api\\api\\create_order.php","line":70}
[30-Apr-2025 09:12:35 Europe/Berlin] PHP Notice:  session_start(): Ignoring session_start() because a session is already active in C:\xampp\htdocs\ayndrome-api\api\create_order.php on line 70
[30-Apr-2025 09:21:07 Europe/Berlin] {"type":8,"message":"session_start(): Ignoring session_start() because a session is already active","file":"C:\\xampp\\htdocs\\ayndrome-api\\api\\create_order.php","line":70}
[30-Apr-2025 09:21:07 Europe/Berlin] PHP Notice:  session_start(): Ignoring session_start() because a session is already active in C:\xampp\htdocs\ayndrome-api\api\create_order.php on line 70
[30-Apr-2025 09:28:00 Europe/Berlin] {"type":8,"message":"session_start(): Ignoring session_start() because a session is already active","file":"C:\\xampp\\htdocs\\ayndrome-api\\api\\create_order.php","line":70}
[30-Apr-2025 09:28:00 Europe/Berlin] PHP Notice:  session_start(): Ignoring session_start() because a session is already active in C:\xampp\htdocs\ayndrome-api\api\create_order.php on line 70
[30-Apr-2025 09:31:57 Europe/Berlin] {"type":8,"message":"session_start(): Ignoring session_start() because a session is already active","file":"C:\\xampp\\htdocs\\ayndrome-api\\api\\create_order.php","line":70}
[30-Apr-2025 09:31:57 Europe/Berlin] PHP Notice:  session_start(): Ignoring session_start() because a session is already active in C:\xampp\htdocs\ayndrome-api\api\create_order.php on line 70
[30-Apr-2025 10:34:38 Europe/Berlin] {"type":8,"message":"session_start(): Ignoring session_start() because a session is already active","file":"C:\\xampp\\htdocs\\ayndrome-api\\api\\create_order.php","line":70}
[30-Apr-2025 10:34:38 Europe/Berlin] PHP Notice:  session_start(): Ignoring session_start() because a session is already active in C:\xampp\htdocs\ayndrome-api\api\create_order.php on line 70
[30-Apr-2025 10:35:41 Europe/Berlin] PHP Notice:  session_start(): Ignoring session_start() because a session is already active in C:\xampp\htdocs\ayndrome-api\api\user_activity.php on line 21
[30-Apr-2025 10:40:37 Europe/Berlin] Invalid password for email: ayndrome06@gmail.com
[30-Apr-2025 10:41:49 Europe/Berlin] PHP Notice:  session_start(): Ignoring session_start() because a session is already active in C:\xampp\htdocs\ayndrome-api\api\user_activity.php on line 21
[30-Apr-2025 10:43:41 Europe/Berlin] PHP Notice:  session_start(): Ignoring session_start() because a session is already active in C:\xampp\htdocs\ayndrome-api\api\user_activity.php on line 21
[30-Apr-2025 10:50:03 Europe/Berlin] PHP Notice:  session_start(): Ignoring session_start() because a session is already active in C:\xampp\htdocs\ayndrome-api\api\delete_account.php on line 19
[30-Apr-2025 10:50:18 Europe/Berlin] User not found for email: shashanksaket9@gmail.com
[30-Apr-2025 11:50:57 Europe/Berlin] Invalid password for email: shashanksaket9@gmail.com
[30-Apr-2025 11:56:38 Europe/Berlin] {"type":8,"message":"session_start(): Ignoring session_start() because a session is already active","file":"C:\\xampp\\htdocs\\ayndrome-api\\api\\create_order.php","line":70}
[30-Apr-2025 11:56:38 Europe/Berlin] PHP Notice:  session_start(): Ignoring session_start() because a session is already active in C:\xampp\htdocs\ayndrome-api\api\create_order.php on line 70
[30-Apr-2025 12:05:16 Europe/Berlin] Invalid password for email: shashanksaket9@gmail.com
[30-Apr-2025 12:06:30 Europe/Berlin] PHP Notice:  session_start(): Ignoring session_start() because a session is already active in C:\xampp\htdocs\ayndrome-api\api\user_activity.php on line 21
[30-Apr-2025 12:11:08 Europe/Berlin] PHP Notice:  session_start(): Ignoring session_start() because a session is already active in C:\xampp\htdocs\ayndrome-api\api\user_activity.php on line 21
[12-Sep-2025 15:56:29 Europe/Berlin] Invalid password for email: shashanksaket9@gmail.com
[12-Sep-2025 19:28:23 Asia/Kolkata] Failed to send OTP email to: singhdevendra261296@gmail.com | Error: SMTP Error: Could not authenticate.
[12-Sep-2025 19:29:37 Asia/Kolkata] Failed to send OTP email to: singhdevendra261296@gmail.com | Error: SMTP Error: Could not authenticate.
[12-Sep-2025 19:31:04 Asia/Kolkata] Failed to send OTP email to: singhdevendra261296@gmail.com | Error: SMTP Error: Could not authenticate.
[12-Sep-2025 19:33:24 Asia/Kolkata] Failed to send OTP email to: singhdevendra261296@gmail.com | Error: SMTP Error: Could not authenticate.
[12-Sep-2025 19:36:38 Asia/Kolkata] Failed to send OTP email to: singhdevendra261296@gmail.com | Error: SMTP Error: Could not authenticate.
[12-Sep-2025 19:37:53 Asia/Kolkata] Failed to send OTP email to: singhdevendra261296@gmail.com | Error: SMTP Error: Could not authenticate.
[12-Sep-2025 19:37:59 Asia/Kolkata] Failed to send OTP email to: singhdevendra261296@gmail.com | Error: SMTP Error: Could not authenticate.
[12-Sep-2025 19:41:49 Asia/Kolkata] Failed to send OTP email to: singhdevendra261296@gmail.com | Error: SMTP Error: Could not authenticate.
[12-Sep-2025 19:42:15 Asia/Kolkata] Failed to send OTP email to: singhdevendra261296@gmail.com | Error: SMTP Error: Could not authenticate.
[12-Sep-2025 16:23:25 Europe/Berlin] {"type":8,"message":"session_start(): Ignoring session_start() because a session is already active","file":"C:\\xampp\\htdocs\\ayndrome-api\\api\\create_order.php","line":70}
[12-Sep-2025 16:23:25 Europe/Berlin] PHP Notice:  session_start(): Ignoring session_start() because a session is already active in C:\xampp\htdocs\ayndrome-api\api\create_order.php on line 70
[12-Sep-2025 16:23:25 Europe/Berlin] Error creating user activity: SQLSTATE[42S02]: Base table or view not found: 1932 Table 'ayndrome.users_activity' doesn't exist in engine
[12-Sep-2025 16:23:28 Europe/Berlin] Email sending failed: SMTP Error: Could not authenticate.
[12-Sep-2025 16:24:41 Europe/Berlin] PHP Notice:  session_start(): Ignoring session_start() because a session is already active in C:\xampp\htdocs\ayndrome-api\api\user_activity.php on line 21
[12-Sep-2025 16:24:41 Europe/Berlin] Error in user_activity.php: SQLSTATE[42S02]: Base table or view not found: 1932 Table 'ayndrome.users_activity' doesn't exist in engine
[12-Sep-2025 16:24:41 Europe/Berlin] Stack trace: #0 C:\xampp\htdocs\ayndrome-api\api\user_activity.php(53): PDOStatement->execute(Array)
#1 {main}
